"value","value href","value 2","value href 2","value 3","value 4","value 5","value 6","value 7","greyText","value 8","value 9","value 10","value 11","staticStar","value 12","value href 3","value 13","value href 4","value 14","greyText 4","greyText 5","value 15","value 16","date_read_value","darkGreyText","value href 5","value src"
"Games: A Love Story","https://www.goodreads.com/book/show/241097263-games","Volkova, Anna Maria","https://www.goodreads.com/author/show/38758695.Anna_Maria_Volkova","*","0063437724","9780063437722","0063437724","432","pp","3.65","4,448","Jun 30, 2026","Jun 30, 2026","liked it","0","https://www.goodreads.com/review/show/8919911971","0","https://www.goodreads.com/rating/voters/8919911971?resource_type=Review","1","not set","not set","Sep 04, 2026","Hardcover","","","",""
"The Compound","https://www.goodreads.com/book/show/218460337-the-compound","Rawle, Aisling","https://www.goodreads.com/author/show/51780718.Aisling_Rawle","","0593977270","9780593977279","0593977270","292","pp","3.52","173,800","Jun 24, 2025","Jun 24, 2025","really liked it","0","https://www.goodreads.com/review/show/8902415457","0","https://www.goodreads.com/rating/voters/8902415457?resource_type=Review","1","not set","not set","Aug 29, 2026","Hardcover","","","",""
"Culpability","https://www.goodreads.com/book/show/222259253-culpability","Holsinger, Bruce","https://www.goodreads.com/author/show/7231634.Bruce_Holsinger","*","1954118961","9781954118966","1954118961","350","pp","3.98","102,260","Jul 08, 2025","Jul 08, 2025","liked it","0","https://www.goodreads.com/review/show/8876761572","0","https://www.goodreads.com/rating/voters/8876761572?resource_type=Review","1","not set","not set","Aug 20, 2026","Hardcover","","","",""
"The Secret of Our Success: How Culture Is Driving Human Evolution, Domesticating Our Species, and Making Us Smarter","https://www.goodreads.com/book/show/25761655-the-secret-of-our-success","Henrich, Joseph","https://www.goodreads.com/author/show/526072.Joseph_Henrich","","0691166854","9780691166858","0691166854","456","pp","4.39","2,323","Oct 15, 2015","Oct 15, 2015","really liked it","0","https://www.goodreads.com/review/show/8876441494","0","https://www.goodreads.com/rating/voters/8876441494?resource_type=Review","1","not set","not set","Aug 20, 2026","Hardcover","","","",""
"No Country for Old Men","https://www.goodreads.com/book/show/23515727-no-country-for-old-men","McCarthy, Cormac","https://www.goodreads.com/author/show/4178.Cormac_McCarthy","","0375706674","9780375706677","0375706674","309","pp","4.17","269,384","Jul 19, 2005","Jul 11, 2006","it was amazing","0","https://www.goodreads.com/review/show/8871831881","0","https://www.goodreads.com/rating/voters/8871831881?resource_type=Review","1","","","Aug 18, 2026","Paperback","Aug 20, 2026","","",""
"Signal Fires","https://www.goodreads.com/book/show/59573299-signal-fires","Shapiro, Dani","https://www.goodreads.com/author/show/13932.Dani_Shapiro","*","0593534727","9780593534724","0593534727","229","pp","3.90","39,976","Oct 18, 2022","Oct 11, 2022","really liked it","0","https://www.goodreads.com/review/show/8871685236","0","https://www.goodreads.com/rating/voters/8871685236?resource_type=Review","1","not set","not set","Aug 18, 2026","Hardcover","","","",""
"Heart the Lover","https://www.goodreads.com/book/show/228110489-heart-the-lover","King, Lily","https://www.goodreads.com/author/show/117786.Lily_King","*","0802165176","9780802165176","0802165176","256","pp","4.16","485,895","Sep 30, 2025","Sep 30, 2025","it was amazing","1","https://www.goodreads.com/review/show/8620559393","1","https://www.goodreads.com/rating/voters/8620559393?resource_type=Review","1","not set","not set","May 21, 2026","Hardcover","","","",""
"When Genius Failed: The Rise and Fall of Long-Term Capital Management","https://www.goodreads.com/book/show/10669.When_Genius_Failed","Lowenstein, Roger","https://www.goodreads.com/author/show/762.Roger_Lowenstein","","0375758259","9780375758256","0375758259","264","pp","4.20","32,470","Jan 01, 2000","Oct 09, 2001","it was amazing","0","https://www.goodreads.com/review/show/8579024229","0","https://www.goodreads.com/rating/voters/8579024229?resource_type=Review","1","not set","not set","May 05, 2026","Paperback","","","",""
"Strangers: A Memoir of Marriage","https://www.goodreads.com/book/show/231108670-strangers","Burden, Belle","https://www.goodreads.com/author/show/55635041.Belle_Burden","","0593733312","9780593733318","0593733312","256","pp","4.07","337,391","Jan 13, 2026","Jan 13, 2026","liked it","1","https://www.goodreads.com/review/show/8509636412","0","https://www.goodreads.com/rating/voters/8509636412?resource_type=Review","1","not set","not set","Apr 09, 2026","Hardcover","","","",""
"Fates and Furies","https://www.goodreads.com/book/show/24612118-fates-and-furies","Groff, Lauren","https://www.goodreads.com/author/show/690619.Lauren_Groff","*","1594634475","9781594634475","1594634475","390","pp","3.59","151,481","Sep 15, 2015","Sep 15, 2015","really liked it","1","https://www.goodreads.com/review/show/8461584821","1","https://www.goodreads.com/rating/voters/8461584821?resource_type=Review","1","","","Mar 23, 2026","Hardcover","Aug 23, 2026","","",""
"Glorious Exploits","https://www.goodreads.com/book/show/127278133-glorious-exploits","Lennon, Ferdia","https://www.goodreads.com/author/show/16669648.Ferdia_Lennon","*","1250893690","9781250893697","1250893690","304","pp","4.12","29,250","Jan 18, 2024","Mar 26, 2024","really liked it","0","https://www.goodreads.com/review/show/8443819845","0","https://www.goodreads.com/rating/voters/8443819845?resource_type=Review","1","","","Mar 16, 2026","Hardcover","Mar 17, 2026","","",""
"Den of Thieves","https://www.goodreads.com/book/show/1972.Den_of_Thieves","Stewart, James B.","https://www.goodreads.com/author/show/1328.James_B_Stewart","","067179227X","9780671792275","067179227X","592","pp","4.16","15,337","Oct 15, 1991","Sep 01, 1992","really liked it","0","https://www.goodreads.com/review/show/8442455560","0","https://www.goodreads.com/rating/voters/8442455560?resource_type=Review","1","","","Mar 16, 2026","Paperback","Aug 18, 2026","","",""
"The Three-Body Problem","https://www.goodreads.com/book/show/20518872-the-three-body-problem","Liu, Cixin","https://www.goodreads.com/author/show/5780686.Liu_Cixin","*","","","B0FSKPZRGZ","472","pp","4.08","538,398","May 01, 2006","Nov 11, 2014","really liked it","0","https://www.goodreads.com/review/show/8406891768","0","https://www.goodreads.com/rating/voters/8406891768?resource_type=Review","1","","","Mar 03, 2026","Hardcover","Mar 16, 2026","(Remembrance of Earth’s Past, #1)","",""
"More Money Than God: Hedge Funds and the Making of a New Elite","https://www.goodreads.com/book/show/7936425-more-money-than-god","Mallaby, Sebastian","https://www.goodreads.com/author/show/50019.Sebastian_Mallaby","","1594202559","9781594202551","1594202559","496","pp","4.11","10,049","Jan 01, 2010","Jun 10, 2010","really liked it","0","https://www.goodreads.com/review/show/8384720958","0","https://www.goodreads.com/rating/voters/8384720958?resource_type=Review","1","","","Feb 23, 2026","Hardcover","Sep 21, 2026","","",""
"Liar's Poker","https://www.goodreads.com/book/show/7865083-liar-s-poker","Lewis, Michael","https://www.goodreads.com/author/show/776.Michael_Lewis","","039333869X","9780393338690","039333869X","310","pp","4.14","115,344","Oct 17, 1989","Mar 15, 2010","really liked it","0","https://www.goodreads.com/review/show/8366937845","0","https://www.goodreads.com/rating/voters/8366937845?resource_type=Review","1","","","Feb 17, 2026","Paperback","Mar 12, 2026","","",""
"Barbarians at the Gate: The Fall of RJR Nabisco","https://www.goodreads.com/book/show/781182.Barbarians_at_the_Gate","Burrough, Bryan","https://www.goodreads.com/author/show/32587.Bryan_Burrough","","0060536357","9780060536350","0060536357","592","pp","4.29","46,079","1989","Dec 13, 2005","it was amazing","0","https://www.goodreads.com/review/show/8366934845","0","https://www.goodreads.com/rating/voters/8366934845?resource_type=Review","2","not set","not set","Feb 17, 2026","Paperback","Feb 17, 2026","","",""
"Exercised: Why Something We Never Evolved to Do Is Healthy and Rewarding","https://www.goodreads.com/book/show/49358915-exercised","Lieberman, Daniel E.","https://www.goodreads.com/author/show/3186364.Daniel_E_Lieberman","","1524746983","9781524746988","1524746983","464","pp","4.17","11,093","2021","Jan 05, 2021","really liked it","0","https://www.goodreads.com/review/show/8174438064","0","https://www.goodreads.com/rating/voters/8174438064?resource_type=Review","1","","","Dec 25, 2025","Hardcover","Mar 19, 2026","","",""
"Einstein’s Dreams","https://www.goodreads.com/book/show/14376.Einstein_s_Dreams","Lightman, Alan","https://www.goodreads.com/author/show/8933.Alan_Lightman","*","140007780X","9781400077809","B071RC7J84","140","pp","4.06","43,880","1993","Nov 09, 2004","really liked it","0","https://www.goodreads.com/review/show/8172800150","0","https://www.goodreads.com/rating/voters/8172800150?resource_type=Review","1","","","Dec 24, 2025","Paperback","Dec 25, 2025","","",""
"Black Edge: Inside Information, Dirty Money, and the Quest to Bring Down the Most Wanted Man on Wall Street","https://www.goodreads.com/book/show/32284263-black-edge","Kolhatkar, Sheelah","https://www.goodreads.com/author/show/15890821.Sheelah_Kolhatkar","*","0812995805","9780812995800","0812995805","295","pp","4.20","17,636","Feb 07, 2017","Feb 07, 2017","really liked it","0","https://www.goodreads.com/review/show/7974239514","0","https://www.goodreads.com/rating/voters/7974239514?resource_type=Review","1","","","Oct 07, 2025","Hardcover","Feb 23, 2026","","",""
"Monsters: A Fan's Dilemma","https://www.goodreads.com/book/show/61685822-monsters","Dederer, Claire","https://www.goodreads.com/author/show/4113888.Claire_Dederer","","0525655115","9780525655114","0525655115","257","pp","3.66","24,908","Apr 25, 2023","Apr 25, 2023","liked it","0","https://www.goodreads.com/review/show/7846755127","0","https://www.goodreads.com/rating/voters/7846755127?resource_type=Review","1","","","Aug 20, 2025","Hardcover","Aug 21, 2025","","",""
"Monstrilio","https://www.goodreads.com/book/show/62888191-monstrilio","Sámano Córdova, Gerardo","https://www.goodreads.com/author/show/22926208.Gerardo_S_mano_C_rdova","*","1638930368","9781638930365","1638930368","336","pp","4.05","53,018","Mar 07, 2023","Mar 07, 2023","it was amazing","0","https://www.goodreads.com/review/show/7635624047","0","https://www.goodreads.com/rating/voters/7635624047?resource_type=Review","1","","","Jun 07, 2025","Hardcover","Jun 12, 2025","","",""
"A Sport and a Pastime","https://www.goodreads.com/book/show/114511.A_Sport_and_a_Pastime","Salter, James","https://www.goodreads.com/author/show/11298.James_Salter","","0374530505","9780374530501","0374530505","185","pp","3.64","12,030","1967","Aug 22, 2006","liked it","0","https://www.goodreads.com/review/show/7635618782","0","https://www.goodreads.com/rating/voters/7635618782?resource_type=Review","1","","","Jun 07, 2025","Paperback","Jun 07, 2025","","",""
"Yellowface","https://www.goodreads.com/book/show/62047984-yellowface","Kuang, R.F.","https://www.goodreads.com/author/show/16820001.R_F_Kuang","*","","","B0FSJTV674","319","pp","3.72","1,171,459","May 16, 2023","May 25, 2023","really liked it","0","https://www.goodreads.com/review/show/7626627395","0","https://www.goodreads.com/rating/voters/7626627395?resource_type=Review","1","","","Jun 04, 2025","Paperback","Jun 06, 2025","","",""
"Translation State","https://www.goodreads.com/book/show/62873999-translation-state","Leckie, Ann","https://www.goodreads.com/author/show/3365457.Ann_Leckie","*","031628971X","9780316289719","031628971X","422","pp","4.05","18,801","Jun 06, 2023","Jun 06, 2023","really liked it","0","https://www.goodreads.com/review/show/7615857014","0","https://www.goodreads.com/rating/voters/7615857014?resource_type=Review","1","not set","not set","May 31, 2025","Hardcover","","","",""
"Remarkably Bright Creatures","https://www.goodreads.com/book/show/58733693-remarkably-bright-creatures","Van Pelt, Shelby","https://www.goodreads.com/author/show/21374195.Shelby_Van_Pelt","","0063204150","9780063204157","0063204150","360","pp","4.35","1,587,629","May 03, 2022","May 03, 2022","really liked it","0","https://www.goodreads.com/review/show/7593858751","0","https://www.goodreads.com/rating/voters/7593858751?resource_type=Review","1","","","May 23, 2025","Hardcover","Jun 04, 2025","","",""
"If You Could See the Sun","https://www.goodreads.com/book/show/60099660-if-you-could-see-the-sun","Liang, Ann","https://www.goodreads.com/author/show/16624571.Ann_Liang","*","1335915842","9781335915849","1335915842","346","pp","3.99","64,768","Oct 11, 2022","Oct 11, 2022","","0","https://www.goodreads.com/review/show/7523169347","0","https://www.goodreads.com/rating/voters/7523169347?resource_type=Review","1","not set","not set","Apr 27, 2025","Hardcover","","","",""
"The End of Loneliness","https://www.goodreads.com/book/show/35456277-the-end-of-loneliness","Wells, Benedict","https://www.goodreads.com/author/show/1893900.Benedict_Wells","*","","","B071FMXS9P","274","pp","4.37","72,844","Feb 24, 2016","Mar 08, 2018","liked it","0","https://www.goodreads.com/review/show/7481798887","0","https://www.goodreads.com/rating/voters/7481798887?resource_type=Review","1","not set","not set","Apr 11, 2025","Kindle Edition","","","",""
"Perfume: The Story of a Murderer","https://www.goodreads.com/book/show/343.Perfume","Süskind, Patrick","https://www.goodreads.com/author/show/39402.Patrick_S_skind","","","","B0FSL3CGGD","263","pp","4.04","586,431","Feb 26, 1985","1987","really liked it","0","https://www.goodreads.com/review/show/7480740063","0","https://www.goodreads.com/rating/voters/7480740063?resource_type=Review","1","","","Apr 11, 2025","Paperback","Jun 08, 2025","","",""
"Milk Fed","https://www.goodreads.com/book/show/54304105-milk-fed","Broder, Melissa","https://www.goodreads.com/author/show/3192838.Melissa_Broder","*","1982142499","9781982142490","1982142499","304","pp","3.55","86,540","Feb 02, 2021","Feb 02, 2021","liked it","0","https://www.goodreads.com/review/show/7423506722","0","https://www.goodreads.com/rating/voters/7423506722?resource_type=Review","1","","","Mar 21, 2025","Hardcover","Jun 12, 2025","","",""
"The Favorites","https://www.goodreads.com/book/show/211399784-the-favorites","Fargo, Layne","https://www.goodreads.com/author/show/17861597.Layne_Fargo","*","0593732049","9780593732045","0593732049","448","pp","4.02","285,904","Jan 14, 2025","Jan 14, 2025","really liked it","0","https://www.goodreads.com/review/show/7414155639","0","https://www.goodreads.com/rating/voters/7414155639?resource_type=Review","1","not set","not set","Mar 18, 2025","Hardcover","","","",""
"The Handmaid's Tale","https://www.goodreads.com/book/show/34454589-the-handmaid-s-tale","Atwood, Margaret","https://www.goodreads.com/author/show/3472.Margaret_Atwood","*","1328879941","9781328879943","1328879941","320","pp","4.16","2,564,072","Apr 17, 1985","Apr 25, 2017","really liked it","0","https://www.goodreads.com/review/show/7411388510","0","https://www.goodreads.com/rating/voters/7411388510?resource_type=Review","1","not set","not set","Mar 17, 2025","Hardcover","","","https://www.goodreads.com/book/show/34454589-the-handmaid-s-tale","https://i.gr-assets.com/images/S/compressed.photo.goodreads.com/books/1488552336l/34454589._SY75_.jpg"
"Swimming in the Dark","https://www.goodreads.com/book/show/49977811-swimming-in-the-dark","Jedrowski, Tomasz","https://www.goodreads.com/author/show/19076173.Tomasz_Jedrowski","*","006289000X","9780062890009","006289000X","191","pp","4.24","91,249","Feb 06, 2020","Apr 28, 2020","liked it","0","https://www.goodreads.com/review/show/7402779013","0","https://www.goodreads.com/rating/voters/7402779013?resource_type=Review","1","","","Mar 14, 2025","Hardcover","Mar 17, 2025","","https://www.goodreads.com/book/show/49977811-swimming-in-the-dark","https://i.gr-assets.com/images/S/compressed.photo.goodreads.com/books/1568668356l/49977811._SY75_.jpg"
"Out of Love","https://www.goodreads.com/book/show/50705453-out-of-love","Hayes, Hazel","https://www.goodreads.com/author/show/18657219.Hazel_Hayes","","1783528966","9781783528967","1783528966","384","pp","3.80","20,259","Jun 11, 2020","Jun 11, 2020","really liked it","0","https://www.goodreads.com/review/show/7372878350","0","https://www.goodreads.com/rating/voters/7372878350?resource_type=Review","1","not set","not set","Mar 03, 2025","Paperback","","","https://www.goodreads.com/book/show/50705453-out-of-love","https://i.gr-assets.com/images/S/compressed.photo.goodreads.com/books/1580230417l/50705453._SY75_.jpg"
"Talking at Night","https://www.goodreads.com/book/show/62583508-talking-at-night","Daverley, Claire","https://www.goodreads.com/author/show/22278494.Claire_Daverley","*","0593653483","9780593653487","0593653483","400","pp","3.88","88,994","Jun 06, 2023","Jun 20, 2023","really liked it","0","https://www.goodreads.com/review/show/7294726793","0","https://www.goodreads.com/rating/voters/7294726793?resource_type=Review","1","","","Feb 05, 2025","Hardcover","Mar 15, 2025","","https://www.goodreads.com/book/show/62583508-talking-at-night","https://i.gr-assets.com/images/S/compressed.photo.goodreads.com/books/1681244420l/62583508._SY75_.jpg"
"Shuggie Bain","https://www.goodreads.com/book/show/52741293-shuggie-bain","Stuart, Douglas","https://www.goodreads.com/author/show/19629033.Douglas_Stuart","*","0802148042","9780802148049","0802148042","430","pp","4.30","207,054","Feb 11, 2020","Feb 11, 2020","liked it","0","https://www.goodreads.com/review/show/7225405915","0","https://www.goodreads.com/rating/voters/7225405915?resource_type=Review","1","not set","not set","Jan 17, 2025","Hardcover","","","https://www.goodreads.com/book/show/52741293-shuggie-bain","https://i.gr-assets.com/images/S/compressed.photo.goodreads.com/books/1602094778l/52741293._SY75_.jpg"
"Sirens & Muses","https://www.goodreads.com/book/show/59336344-sirens-muses","Angress, Antonia","https://www.goodreads.com/author/show/21196305.Antonia_Angress","*","","9780593496435","0593496434","368","pp","3.87","18,388","Jul 12, 2022","Jul 12, 2022","liked it","0","https://www.goodreads.com/review/show/7214682574","0","https://www.goodreads.com/rating/voters/7214682574?resource_type=Review","1","","","Jan 14, 2025","Hardcover","Jan 18, 2025","","https://www.goodreads.com/book/show/59336344-sirens-muses","https://i.gr-assets.com/images/S/compressed.photo.goodreads.com/books/1635699132l/59336344._SY75_.jpg"
"Wild Blood","https://www.goodreads.com/book/show/25779091-wild-blood","Lasky, Kathryn","https://www.goodreads.com/author/show/4735.Kathryn_Lasky","","0545683009","9780545683005","0545683009","208","pp","4.13","381","Jan 05, 2016","Jan 05, 2016","","0","https://www.goodreads.com/review/show/7210357822","0","https://www.goodreads.com/rating/voters/7210357822?resource_type=Review","1","not set","","Jan 13, 2025","Hardcover","Jan 13, 2016","(Horses of the Dawn #3)","https://www.goodreads.com/book/show/25779091-wild-blood","https://i.gr-assets.com/images/S/compressed.photo.goodreads.com/books/1436842793l/25779091._SY75_.jpg"
"Star Rise","https://www.goodreads.com/book/show/22323660-star-rise","Lasky, Kathryn","https://www.goodreads.com/author/show/4735.Kathryn_Lasky","","0545397170","9780545397179","0545397170","208","pp","4.16","585","Jan 06, 2015","Dec 30, 2014","","0","https://www.goodreads.com/review/show/7210356626","0","https://www.goodreads.com/rating/voters/7210356626?resource_type=Review","1","not set","","Jan 13, 2025","Hardcover","Jan 13, 2015","(Horses of the Dawn, #2)","https://www.goodreads.com/book/show/22323660-star-rise","https://i.gr-assets.com/images/S/compressed.photo.goodreads.com/books/1403394836l/22323660._SY75_.jpg"
"The Escape","https://www.goodreads.com/book/show/17981406-the-escape","Lasky, Kathryn","https://www.goodreads.com/author/show/4735.Kathryn_Lasky","","0545397162","9780545397162","0545397162","240","pp","3.99","1,355","Jan 01, 2014","Jan 07, 2014","","0","https://www.goodreads.com/review/show/7210355244","0","https://www.goodreads.com/rating/voters/7210355244?resource_type=Review","1","not set","","Jan 13, 2025","Hardcover","Jan 13, 2015","(Horses of the Dawn, #1)","https://www.goodreads.com/book/show/17981406-the-escape","https://i.gr-assets.com/images/S/compressed.photo.goodreads.com/books/1390434527l/17981406._SY75_.jpg"
"The Rise of a Legend","https://www.goodreads.com/book/show/17166341-the-rise-of-a-legend","Lasky, Kathryn","https://www.goodreads.com/author/show/4735.Kathryn_Lasky","","0545509785","9780545509787","0545509785","304","pp","4.33","1,701","Jul 30, 2013","Jul 30, 2013","","0","https://www.goodreads.com/review/show/7210349531","0","https://www.goodreads.com/rating/voters/7210349531?resource_type=Review","1","not set","","Jan 13, 2025","Hardcover","Jan 13, 2014","(Guardians of Ga'Hoole, #16)","https://www.goodreads.com/book/show/17166341-the-rise-of-a-legend","https://i.gr-assets.com/images/S/compressed.photo.goodreads.com/books/1362537671l/17166341._SY75_.jpg"
"The War of the Ember","https://www.goodreads.com/book/show/3301645-the-war-of-the-ember","Lasky, Kathryn","https://www.goodreads.com/author/show/4735.Kathryn_Lasky","","0439888093","9780439888097","0439888093","232","pp","4.22","5,773","Nov 01, 2008","Nov 01, 2008","","0","https://www.goodreads.com/review/show/7210348985","0","https://www.goodreads.com/rating/voters/7210348985?resource_type=Review","1","not set","","Jan 13, 2025","Paperback","Jan 13, 2011","(Guardians of Ga'Hoole, #15)","https://www.goodreads.com/book/show/3301645-the-war-of-the-ember","https://i.gr-assets.com/images/S/compressed.photo.goodreads.com/books/1558125409l/3301645._SX50_.jpg"
"Exile","https://www.goodreads.com/book/show/1553885.Exile","Lasky, Kathryn","https://www.goodreads.com/author/show/4735.Kathryn_Lasky","","0439888085","9780439888080","0439888085","210","pp","4.08","4,721","Feb 01, 2008","Feb 01, 2008","","0","https://www.goodreads.com/review/show/7210348371","0","https://www.goodreads.com/rating/voters/7210348371?resource_type=Review","1","not set","","Jan 13, 2025","Paperback","Jan 13, 2011","(Guardians of Ga'Hoole, #14)","https://www.goodreads.com/book/show/1553885.Exile","https://i.gr-assets.com/images/S/compressed.photo.goodreads.com/books/1555022460l/1553885._SX50_.jpg"
"The River of Wind","https://www.goodreads.com/book/show/232647.The_River_of_Wind","Lasky, Kathryn","https://www.goodreads.com/author/show/4735.Kathryn_Lasky","","0439888077","9780439888073","B00BG6SJ6E","202","pp","4.05","6,357","Jan 01, 2007","Jul 01, 2007","","0","https://www.goodreads.com/review/show/7210347785","0","https://www.goodreads.com/rating/voters/7210347785?resource_type=Review","1","not set","","Jan 13, 2025","Paperback","Jan 13, 2011","(Guardians of Ga'Hoole, #13)","https://www.goodreads.com/book/show/232647.The_River_of_Wind","https://i.gr-assets.com/images/S/compressed.photo.goodreads.com/books/1555023300l/232647._SX50_.jpg"
"The Golden Tree","https://www.goodreads.com/book/show/35808.The_Golden_Tree","Lasky, Kathryn","https://www.goodreads.com/author/show/4735.Kathryn_Lasky","","0439888069","9780439888066","0439888069","192","pp","4.04","5,743","Mar 01, 2007","Mar 01, 2007","","0","https://www.goodreads.com/review/show/7210347186","0","https://www.goodreads.com/rating/voters/7210347186?resource_type=Review","1","not set","","Jan 13, 2025","Paperback","Jan 13, 2011","(Guardians of Ga'Hoole, #12)","https://www.goodreads.com/book/show/35808.The_Golden_Tree","https://i.gr-assets.com/images/S/compressed.photo.goodreads.com/books/1388179697l/35808._SX50_.jpg"
"To Be a King","https://www.goodreads.com/book/show/7021.To_Be_a_King","Lasky, Kathryn","https://www.goodreads.com/author/show/4735.Kathryn_Lasky","","0439795702","9780439795708","0439795702","206","pp","4.06","6,410","Oct 01, 2006","Oct 01, 2006","","0","https://www.goodreads.com/review/show/7210344935","0","https://www.goodreads.com/rating/voters/7210344935?resource_type=Review","1","not set","","Jan 13, 2025","Paperback","Jan 13, 2011","(Guardians of Ga'Hoole, #11)","https://www.goodreads.com/book/show/7021.To_Be_a_King","https://i.gr-assets.com/images/S/compressed.photo.goodreads.com/books/1521755556l/7021._SX50_.jpg"
"The Coming of Hoole","https://www.goodreads.com/book/show/7024.The_Coming_of_Hoole","Lasky, Kathryn","https://www.goodreads.com/author/show/4735.Kathryn_Lasky","","0439795699","9780439795692","0439795699","223","pp","4.04","6,017","Jul 01, 2006","Jul 01, 2006","","0","https://www.goodreads.com/review/show/7210344383","0","https://www.goodreads.com/rating/voters/7210344383?resource_type=Review","1","not set","","Jan 13, 2025","Paperback","Jan 13, 2011","(Guardians of Ga'Hoole, #10)","https://www.goodreads.com/book/show/7024.The_Coming_of_Hoole","https://i.gr-assets.com/images/S/compressed.photo.goodreads.com/books/1388179695l/7024._SX50_.jpg"
"The First Collier","https://www.goodreads.com/book/show/7029.The_First_Collier","Lasky, Kathryn","https://www.goodreads.com/author/show/4735.Kathryn_Lasky","","0439795680","9780439795685","B00BG6RSSO","179","pp","4.03","6,779","Apr 01, 2005","Apr 01, 2006","","0","https://www.goodreads.com/review/show/7210343857","0","https://www.goodreads.com/rating/voters/7210343857?resource_type=Review","1","not set","","Jan 13, 2025","Paperback","Jan 13, 2011","(Guardians of Ga'Hoole, #9)","https://www.goodreads.com/book/show/7029.The_First_Collier","https://i.gr-assets.com/images/S/compressed.photo.goodreads.com/books/1388179696l/7029._SY75_.jpg"
"The Outcast","https://www.goodreads.com/book/show/7022.The_Outcast","Lasky, Kathryn","https://www.goodreads.com/author/show/4735.Kathryn_Lasky","","0439739519","9780439739511","0439739519","207","pp","4.11","8,660","Sep 01, 2005","Sep 01, 2005","","0","https://www.goodreads.com/review/show/7210343234","0","https://www.goodreads.com/rating/voters/7210343234?resource_type=Review","1","not set","","Jan 13, 2025","Paperback","Jan 13, 2011","(Guardians of Ga'Hoole, #8)","https://www.goodreads.com/book/show/7022.The_Outcast","https://i.gr-assets.com/images/S/compressed.photo.goodreads.com/books/1292898199l/7022._SX50_.jpg"
"The Hatchling","https://www.goodreads.com/book/show/7026.The_Hatchling","Lasky, Kathryn","https://www.goodreads.com/author/show/4735.Kathryn_Lasky","","0439739500","9780439739504","0439739500","221","pp","4.09","9,840","Jun 01, 2005","Jun 01, 2005","","0","https://www.goodreads.com/review/show/7210342566","0","https://www.goodreads.com/rating/voters/7210342566?resource_type=Review","1","not set","not set","Jan 13, 2025","Paperback","","(Guardians of Ga'Hoole, #7)","https://www.goodreads.com/book/show/7026.The_Hatchling","https://i.gr-assets.com/images/S/compressed.photo.goodreads.com/books/1328866936l/7026._SX50_.jpg"
"The Burning","https://www.goodreads.com/book/show/7023.The_Burning","Lasky, Kathryn","https://www.goodreads.com/author/show/4735.Kathryn_Lasky","","0439405629","9780439405621","0439405629","224","pp","4.10","11,535","Nov 21, 2004","Nov 01, 2004","","0","https://www.goodreads.com/review/show/7210281263","0","https://www.goodreads.com/rating/voters/7210281263?resource_type=Review","1","not set","","Jan 13, 2025","Paperback","Jan 13, 2011","(Guardians of Ga'Hoole, #6)","https://www.goodreads.com/book/show/7023.The_Burning","https://i.gr-assets.com/images/S/compressed.photo.goodreads.com/books/1328868349l/7023._SX50_.jpg"
"The Shattering","https://www.goodreads.com/book/show/7028.The_Shattering","Lasky, Kathryn","https://www.goodreads.com/author/show/4735.Kathryn_Lasky","","0439405610","9780439405614","0439405610","176","pp","4.08","10,647","Aug 01, 2004","Aug 01, 2004","","0","https://www.goodreads.com/review/show/7210280520","0","https://www.goodreads.com/rating/voters/7210280520?resource_type=Review","1","not set","","Jan 13, 2025","Paperback","Jan 13, 2011","(Guardians of Ga'Hoole, #5)","https://www.goodreads.com/book/show/7028.The_Shattering","https://i.gr-assets.com/images/S/compressed.photo.goodreads.com/books/1328868348l/7028._SX50_.jpg"
"The Siege","https://www.goodreads.com/book/show/7027.The_Siege","Lasky, Kathryn","https://www.goodreads.com/author/show/4735.Kathryn_Lasky","","0439405602","9780439405607","0439405602","203","pp","4.12","12,229","May 01, 2004","May 01, 2004","","0","https://www.goodreads.com/review/show/7210279511","0","https://www.goodreads.com/rating/voters/7210279511?resource_type=Review","1","not set","","Jan 13, 2025","Paperback","Jan 13, 2011","(Guardians of Ga'Hoole, #4)","https://www.goodreads.com/book/show/7027.The_Siege","https://i.gr-assets.com/images/S/compressed.photo.goodreads.com/books/1388179700l/7027._SY75_.jpg"
"The Rescue","https://www.goodreads.com/book/show/35807.The_Rescue","Lasky, Kathryn","https://www.goodreads.com/author/show/4735.Kathryn_Lasky","","0439405599","9780439405591","B07H4V1X39","198","pp","4.08","13,702","Dec 01, 2003","Jan 01, 2004","","0","https://www.goodreads.com/review/show/7210278679","0","https://www.goodreads.com/rating/voters/7210278679?resource_type=Review","1","not set","","Jan 13, 2025","Paperback","Jan 13, 2011","(Guardians of Ga'Hoole, #3)","https://www.goodreads.com/book/show/35807.The_Rescue","https://i.gr-assets.com/images/S/compressed.photo.goodreads.com/books/1388179696l/35807._SX50_.jpg"
"The Journey","https://www.goodreads.com/book/show/35806.The_Journey","Lasky, Kathryn","https://www.goodreads.com/author/show/4735.Kathryn_Lasky","","0439405580","9780439405584","0439405580","242","pp","4.02","15,711","Jul 31, 2003","Sep 01, 2003","","0","https://www.goodreads.com/review/show/7210278121","0","https://www.goodreads.com/rating/voters/7210278121?resource_type=Review","1","not set","","Jan 13, 2025","Paperback","Jan 13, 2011","(Guardians of Ga'Hoole, #2)","https://www.goodreads.com/book/show/35806.The_Journey","https://i.gr-assets.com/images/S/compressed.photo.goodreads.com/books/1427583043l/35806._SY75_.jpg"
"The Capture","https://www.goodreads.com/book/show/35805.The_Capture","Lasky, Kathryn","https://www.goodreads.com/author/show/4735.Kathryn_Lasky","","0439405572","9780439405577","0439405572","222","pp","3.94","30,811","Jun 01, 2003","Jun 01, 2003","","0","https://www.goodreads.com/review/show/7210277373","0","https://www.goodreads.com/rating/voters/7210277373?resource_type=Review","1","not set","","Jan 13, 2025","Paperback","Jan 13, 2011","(Guardians of Ga'Hoole, #1)","https://www.goodreads.com/book/show/35805.The_Capture","https://i.gr-assets.com/images/S/compressed.photo.goodreads.com/books/1388460181l/35805._SX50_.jpg"
"Star Wolf","https://www.goodreads.com/book/show/15804098-star-wolf","Lasky, Kathryn","https://www.goodreads.com/author/show/4735.Kathryn_Lasky","","0545279623","9780545279628","0545279623","256","pp","4.37","3,065","Jan 01, 2013","Jan 01, 2013","","0","https://www.goodreads.com/review/show/7210275210","0","https://www.goodreads.com/rating/voters/7210275210?resource_type=Review","1","not set","","Jan 13, 2025","Hardcover","Jan 13, 2013","(Wolves of the Beyond, #6)","https://www.goodreads.com/book/show/15804098-star-wolf","https://i.gr-assets.com/images/S/compressed.photo.goodreads.com/books/1358266260l/15804098._SY75_.jpg"
"Spirit Wolf","https://www.goodreads.com/book/show/12794678-spirit-wolf","Lasky, Kathryn","https://www.goodreads.com/author/show/4735.Kathryn_Lasky","","0545279615","9780545279611","0545279615","240","pp","4.33","3,385","May 01, 2012","May 01, 2012","","0","https://www.goodreads.com/review/show/7210274544","0","https://www.goodreads.com/rating/voters/7210274544?resource_type=Review","1","not set","","Jan 13, 2025","Hardcover","Jan 13, 2013","(Wolves of the Beyond, #5)","https://www.goodreads.com/book/show/12794678-spirit-wolf","https://i.gr-assets.com/images/S/compressed.photo.goodreads.com/books/1337242500l/12794678._SY75_.jpg"
"Frost Wolf","https://www.goodreads.com/book/show/11407130-frost-wolf","Lasky, Kathryn","https://www.goodreads.com/author/show/4735.Kathryn_Lasky","","0545093163","9780545093163","0545093163","240","pp","4.31","4,206","Dec 2011","Dec 01, 2011","","0","https://www.goodreads.com/review/show/7210273748","0","https://www.goodreads.com/rating/voters/7210273748?resource_type=Review","1","not set","","Jan 13, 2025","Hardcover","Jan 13, 2012","(Wolves of the Beyond, #4)","https://www.goodreads.com/book/show/11407130-frost-wolf","https://i.gr-assets.com/images/S/compressed.photo.goodreads.com/books/1328838830l/11407130._SY75_.jpg"
"Watch Wolf","https://www.goodreads.com/book/show/9464737-watch-wolf","Lasky, Kathryn","https://www.goodreads.com/author/show/4735.Kathryn_Lasky","","","","","240","pp","4.32","5,694","2011","Jun 01, 2011","","0","https://www.goodreads.com/review/show/7210272914","0","https://www.goodreads.com/rating/voters/7210272914?resource_type=Review","1","not set","","Jan 13, 2025","Hardcover","Jan 13, 2012","(Wolves of the Beyond, #3)","https://www.goodreads.com/book/show/9464737-watch-wolf","https://i.gr-assets.com/images/S/compressed.photo.goodreads.com/books/1333259865l/9464737._SY75_.jpg"
"Shadow Wolf","https://www.goodreads.com/book/show/7882806-shadow-wolf","Lasky, Kathryn","https://www.goodreads.com/author/show/4735.Kathryn_Lasky","","0545093120","9780545093125","0545093120","272","pp","4.29","6,572","Oct 01, 2010","Oct 01, 2010","","0","https://www.goodreads.com/review/show/7210269352","0","https://www.goodreads.com/rating/voters/7210269352?resource_type=Review","1","not set","","Jan 13, 2025","Hardcover","Jan 13, 2012","(Wolves of the Beyond, #2)","https://www.goodreads.com/book/show/7882806-shadow-wolf","https://i.gr-assets.com/images/S/compressed.photo.goodreads.com/books/1388909755l/7882806._SX50_.jpg"
"Lone Wolf","https://www.goodreads.com/book/show/6838961-lone-wolf","Lasky, Kathryn","https://www.goodreads.com/author/show/4735.Kathryn_Lasky","","0545093104","9780545093101","0545093104","240","pp","4.18","12,176","Jul 01, 2010","Jan 01, 2010","","0","https://www.goodreads.com/review/show/7210267923","0","https://www.goodreads.com/rating/voters/7210267923?resource_type=Review","1","not set","","Jan 13, 2025","Hardcover","Jan 13, 2012","(Wolves of the Beyond, #1)","https://www.goodreads.com/book/show/6838961-lone-wolf","https://i.gr-assets.com/images/S/compressed.photo.goodreads.com/books/1328838824l/6838961._SX50_.jpg"
"Pandora the Curious","https://www.goodreads.com/book/show/13547083-pandora-the-curious","Holub, Joan","https://www.goodreads.com/author/show/18967.Joan_Holub","*","1442459751","9781442459755","1442459751","256","pp","4.23","2,386","Dec 04, 2012","Dec 04, 2012","","0","https://www.goodreads.com/review/show/7210259883","0","https://www.goodreads.com/rating/voters/7210259883?resource_type=Review","1","not set","","Jan 13, 2025","Hardcover","Jan 13, 2013","(Goddess Girls, #9)","https://www.goodreads.com/book/show/13547083-pandora-the-curious","https://i.gr-assets.com/images/S/compressed.photo.goodreads.com/books/1339717442l/13547083._SX50_.jpg"
"Medusa the Mean","https://www.goodreads.com/book/show/12052534-medusa-the-mean","Holub, Joan","https://www.goodreads.com/author/show/18967.Joan_Holub","*","1442433795","9781442433793","1442433795","256","pp","4.26","2,865","Apr 03, 2012","Apr 03, 2012","","0","https://www.goodreads.com/review/show/7210259058","0","https://www.goodreads.com/rating/voters/7210259058?resource_type=Review","1","not set","","Jan 13, 2025","Paperback","Jan 13, 2013","(Goddess Girls, #8)","https://www.goodreads.com/book/show/12052534-medusa-the-mean","https://i.gr-assets.com/images/S/compressed.photo.goodreads.com/books/1319469118l/12052534._SY75_.jpg"
"Artemis the Loyal","https://www.goodreads.com/book/show/11175319-artemis-the-loyal","Holub, Joan","https://www.goodreads.com/author/show/18967.Joan_Holub","*","1442433779","9781442433779","1442433779","272","pp","4.27","2,851","Dec 06, 2011","Dec 06, 2011","","0","https://www.goodreads.com/review/show/7210258442","0","https://www.goodreads.com/rating/voters/7210258442?resource_type=Review","1","not set","","Jan 13, 2025","Paperback","Jan 13, 2012","(Goddess Girls, #7)","https://www.goodreads.com/book/show/11175319-artemis-the-loyal","https://i.gr-assets.com/images/S/compressed.photo.goodreads.com/books/1319469943l/11175319._SX50_.jpg"
"Aphrodite the Diva","https://www.goodreads.com/book/show/9764206-aphrodite-the-diva","Holub, Joan","https://www.goodreads.com/author/show/18967.Joan_Holub","*","1442421002","9781442421004","1442421002","277","pp","4.27","3,285","Aug 09, 2011","Aug 09, 2011","","0","https://www.goodreads.com/review/show/7210257638","0","https://www.goodreads.com/rating/voters/7210257638?resource_type=Review","1","not set","","Jan 13, 2025","Paperback","Jan 13, 2012","(Goddess Girls, #6)","https://www.goodreads.com/book/show/9764206-aphrodite-the-diva","https://i.gr-assets.com/images/S/compressed.photo.goodreads.com/books/1319469874l/9764206._SX50_.jpg"
"Athena the Wise","https://www.goodreads.com/book/show/9296389-athena-the-wise","Holub, Joan","https://www.goodreads.com/author/show/18967.Joan_Holub","*","1442420979","9781442420977","1442420979","246","pp","4.29","3,760","Apr 05, 2011","Apr 05, 2011","","0","https://www.goodreads.com/review/show/7210257094","0","https://www.goodreads.com/rating/voters/7210257094?resource_type=Review","1","not set","","Jan 13, 2025","Paperback","Jan 13, 2012","(Goddess Girls, #5)","https://www.goodreads.com/book/show/9296389-athena-the-wise","https://i.gr-assets.com/images/S/compressed.photo.goodreads.com/books/1388438317l/9296389._SX50_.jpg"
"Artemis the Brave","https://www.goodreads.com/book/show/7775569-artemis-the-brave","Holub, Joan","https://www.goodreads.com/author/show/18967.Joan_Holub","*","1416982744","9781416982746","1416982744","240","pp","4.15","4,164","Dec 07, 2010","Dec 07, 2010","","0","https://www.goodreads.com/review/show/7210255967","0","https://www.goodreads.com/rating/voters/7210255967?resource_type=Review","1","not set","","Jan 13, 2025","Paperback","Jan 13, 2012","(Goddess Girls, #4)","https://www.goodreads.com/book/show/7775569-artemis-the-brave","https://i.gr-assets.com/images/S/compressed.photo.goodreads.com/books/1388438306l/7775569._SX50_.jpg"
"Aphrodite the Beauty","https://www.goodreads.com/book/show/7199828-aphrodite-the-beauty","Holub, Joan","https://www.goodreads.com/author/show/18967.Joan_Holub","*","1416982736","9781416982739","1416982736","176","pp","4.15","5,126","Jul 16, 2010","Aug 03, 2010","","0","https://www.goodreads.com/review/show/7210255420","0","https://www.goodreads.com/rating/voters/7210255420?resource_type=Review","1","not set","","Jan 13, 2025","Paperback","Jan 13, 2012","(Goddess Girls, #3)","https://www.goodreads.com/book/show/7199828-aphrodite-the-beauty","https://i.gr-assets.com/images/S/compressed.photo.goodreads.com/books/1387611493l/7199828._SX50_.jpg"
"Persephone the Phony","https://www.goodreads.com/book/show/7199829-persephone-the-phony","Holub, Joan","https://www.goodreads.com/author/show/18967.Joan_Holub","*","1416982728","9781416982722","1416982728","137","pp","4.17","5,126","Mar 25, 2010","Apr 06, 2010","","0","https://www.goodreads.com/review/show/7210254748","0","https://www.goodreads.com/rating/voters/7210254748?resource_type=Review","1","not set","","Jan 13, 2025","Paperback","Jan 13, 2012","(Goddess Girls, #2)","https://www.goodreads.com/book/show/7199829-persephone-the-phony","https://i.gr-assets.com/images/S/compressed.photo.goodreads.com/books/1388382450l/7199829._SX50_.jpg"
"Athena the Brain","https://www.goodreads.com/book/show/6788767-athena-the-brain","Holub, Joan","https://www.goodreads.com/author/show/18967.Joan_Holub","*","","","B0FSKS8QXV","160","pp","4.08","8,725","Jan 01, 2010","Apr 06, 2010","","0","https://www.goodreads.com/review/show/7210253856","0","https://www.goodreads.com/rating/voters/7210253856?resource_type=Review","1","not set","","Jan 13, 2025","Paperback","Jan 13, 2012","(Goddess Girls, #1)","https://www.goodreads.com/book/show/6788767-athena-the-brain","https://i.gr-assets.com/images/S/compressed.photo.goodreads.com/books/1388195336l/6788767._SX50_.jpg"
"Among the Barons","https://www.goodreads.com/book/show/298730.Among_the_Barons","Haddix, Margaret Peterson","https://www.goodreads.com/author/show/14617.Margaret_Peterson_Haddix","","0689839103","9780689839108","0689839103","208","pp","4.09","25,089","Jun 01, 2003","Sep 01, 2004","","0","https://www.goodreads.com/review/show/7210252247","0","https://www.goodreads.com/rating/voters/7210252247?resource_type=Review","1","not set","","Jan 13, 2025","Paperback","Jan 13, 2013","(Shadow Children, #4)","https://www.goodreads.com/book/show/298730.Among_the_Barons","https://i.gr-assets.com/images/S/compressed.photo.goodreads.com/books/1388178243l/298730._SX50_.jpg"
"Among the Betrayed","https://www.goodreads.com/book/show/303460.Among_the_Betrayed","Haddix, Margaret Peterson","https://www.goodreads.com/author/show/14617.Margaret_Peterson_Haddix","","0689839057","9780689839054","0689839057","160","pp","4.05","29,186","Jun 01, 2002","Jun 01, 2002","","0","https://www.goodreads.com/review/show/7210251755","0","https://www.goodreads.com/rating/voters/7210251755?resource_type=Review","1","not set","","Jan 13, 2025","Hardcover","Jan 13, 2013","(Shadow Children, #3)","https://www.goodreads.com/book/show/303460.Among_the_Betrayed","https://i.gr-assets.com/images/S/compressed.photo.goodreads.com/books/1348963304l/303460._SY75_.jpg"
"Among the Impostors","https://www.goodreads.com/book/show/303472.Among_the_Impostors","Haddix, Margaret Peterson","https://www.goodreads.com/author/show/14617.Margaret_Peterson_Haddix","","0689839081","9780689839085","0689839081","172","pp","4.06","34,324","Jun 01, 2001","Oct 01, 2002","","0","https://www.goodreads.com/review/show/7210250588","0","https://www.goodreads.com/rating/voters/7210250588?resource_type=Review","1","not set","","Jan 13, 2025","Paperback","Jan 13, 2013","(Shadow Children, #2)","https://www.goodreads.com/book/show/303472.Among_the_Impostors","https://i.gr-assets.com/images/S/compressed.photo.goodreads.com/books/1388431983l/303472._SX50_.jpg"
"Among the Hidden","https://www.goodreads.com/book/show/227651.Among_the_Hidden","Haddix, Margaret Peterson","https://www.goodreads.com/author/show/14617.Margaret_Peterson_Haddix","","1416924981","9781416924982","1416924981","153","pp","3.99","133,381","Sep 01, 1998","Jun 06, 2006","","0","https://www.goodreads.com/review/show/7210249423","0","https://www.goodreads.com/rating/voters/7210249423?resource_type=Review","1","not set","","Jan 13, 2025","Paperback","Jan 13, 2013","(Shadow Children, #1)","https://www.goodreads.com/book/show/227651.Among_the_Hidden","https://i.gr-assets.com/images/S/compressed.photo.goodreads.com/books/1388382796l/227651._SX50_.jpg"
"Into the Gauntlet","https://www.goodreads.com/book/show/7182899-into-the-gauntlet","Haddix, Margaret Peterson","https://www.goodreads.com/author/show/14617.Margaret_Peterson_Haddix","","0545060508","9780545060509","0545060508","327","pp","3.98","62,199","Aug 31, 2010","Aug 31, 2010","","0","https://www.goodreads.com/review/show/7210247540","0","https://www.goodreads.com/rating/voters/7210247540?resource_type=Review","1","not set","","Jan 13, 2025","Hardcover","Jan 13, 2013","(The 39 Clues, #10)","https://www.goodreads.com/book/show/7182899-into-the-gauntlet","https://i.gr-assets.com/images/S/compressed.photo.goodreads.com/books/1357211070l/7182899._SX50_.jpg"
"Storm Warning","https://www.goodreads.com/book/show/6697305-storm-warning","Park, Linda Sue","https://www.goodreads.com/author/show/61707.Linda_Sue_Park","","0545060494","9780545060493","0545060494","190","pp","4.01","48,153","May 25, 2010","May 25, 2010","","0","https://www.goodreads.com/review/show/7210246860","0","https://www.goodreads.com/rating/voters/7210246860?resource_type=Review","1","not set","","Jan 13, 2025","Hardcover","Jan 13, 2013","(The 39 Clues, #9)","https://www.goodreads.com/book/show/6697305-storm-warning","https://i.gr-assets.com/images/S/compressed.photo.goodreads.com/books/1357211087l/6697305._SX50_.jpg"
"The Emperor's Code","https://www.goodreads.com/book/show/6545536-the-emperor-s-code","Korman, Gordon","https://www.goodreads.com/author/show/2130.Gordon_Korman","","0545060486","9780545060486","0545060486","190","pp","4.05","44,826","Apr 06, 2010","Apr 06, 2010","","0","https://www.goodreads.com/review/show/7210246323","0","https://www.goodreads.com/rating/voters/7210246323?resource_type=Review","1","not set","","Jan 13, 2025","Hardcover","Jan 13, 2013","(The 39 Clues, #8)","https://www.goodreads.com/book/show/6545536-the-emperor-s-code","https://i.gr-assets.com/images/S/compressed.photo.goodreads.com/books/1357211054l/6545536._SX50_.jpg"
"The Viper's Nest","https://www.goodreads.com/book/show/6393047-the-viper-s-nest","Lerangis, Peter","https://www.goodreads.com/author/show/17216.Peter_Lerangis","","0545060478","9780545060479","0545060478","190","pp","3.98","46,436","Feb 02, 2010","Feb 02, 2010","","0","https://www.goodreads.com/review/show/7210245776","0","https://www.goodreads.com/rating/voters/7210245776?resource_type=Review","1","not set","","Jan 13, 2025","Hardcover","Jan 13, 2013","(The 39 Clues, #7)","https://www.goodreads.com/book/show/6393047-the-viper-s-nest","https://i.gr-assets.com/images/S/compressed.photo.goodreads.com/books/1357211053l/6393047._SY75_.jpg"
"In Too Deep","https://www.goodreads.com/book/show/6389704-in-too-deep","Watson, Jude","https://www.goodreads.com/author/show/11912.Jude_Watson","*","054506046X","9780545060462","B0092FPVR6","206","pp","4.03","45,808","Nov 03, 2009","Nov 03, 2009","","0","https://www.goodreads.com/review/show/7210245194","0","https://www.goodreads.com/rating/voters/7210245194?resource_type=Review","1","not set","","Jan 13, 2025","Paperback","Jan 13, 2013","(The 39 Clues, #6)","https://www.goodreads.com/book/show/6389704-in-too-deep","https://i.gr-assets.com/images/S/compressed.photo.goodreads.com/books/1357211047l/6389704._SX50_.jpg"
"The Black Circle","https://www.goodreads.com/book/show/6255144-the-black-circle","Carman, Patrick","https://www.goodreads.com/author/show/46474.Patrick_Carman","*","0545060451","9780545060455","B007CJG2ZO","168","pp","4.01","53,311","Aug 11, 2009","Aug 11, 2009","","0","https://www.goodreads.com/review/show/7210244619","0","https://www.goodreads.com/rating/voters/7210244619?resource_type=Review","1","not set","","Jan 13, 2025","Paperback","Jan 13, 2013","(The 39 Clues, #5)","https://www.goodreads.com/book/show/6255144-the-black-circle","https://i.gr-assets.com/images/S/compressed.photo.goodreads.com/books/1357211043l/6255144._SY75_.jpg"
"Beyond the Grave","https://www.goodreads.com/book/show/5972040-beyond-the-grave","Watson, Jude","https://www.goodreads.com/author/show/11912.Jude_Watson","*","0545060443","9780545060448","0545060443","190","pp","3.93","48,636","Jun 01, 2009","Jun 02, 2009","","0","https://www.goodreads.com/review/show/7210243909","0","https://www.goodreads.com/rating/voters/7210243909?resource_type=Review","1","not set","","Jan 13, 2025","Hardcover","Jan 13, 2013","(The 39 Clues, #4)","https://www.goodreads.com/book/show/5972040-beyond-the-grave","https://i.gr-assets.com/images/S/compressed.photo.goodreads.com/books/1630644037l/5972040._SX50_.jpg"
"The Sword Thief","https://www.goodreads.com/book/show/5861926-the-sword-thief","Lerangis, Peter","https://www.goodreads.com/author/show/17216.Peter_Lerangis","","0545135702","9780545135702","0545135702","156","pp","3.90","52,474","Apr 01, 2009","Apr 01, 2009","","0","https://www.goodreads.com/review/show/7210243153","0","https://www.goodreads.com/rating/voters/7210243153?resource_type=Review","1","not set","","Jan 13, 2025","Hardcover","Jan 13, 2013","(The 39 Clues, #3)","https://www.goodreads.com/book/show/5861926-the-sword-thief","https://i.gr-assets.com/images/S/compressed.photo.goodreads.com/books/1357211037l/5861926._SX50_.jpg"
"One False Note","https://www.goodreads.com/book/show/3552023-one-false-note","Korman, Gordon","https://www.goodreads.com/author/show/2130.Gordon_Korman","","0545060427","9780545060424","0545060427","174","pp","3.90","55,700","Dec 01, 2008","Dec 01, 2008","","0","https://www.goodreads.com/review/show/7210242650","0","https://www.goodreads.com/rating/voters/7210242650?resource_type=Review","1","not set","","Jan 13, 2025","Hardcover","Jan 13, 2013","(The 39 Clues, #2)","https://www.goodreads.com/book/show/3552023-one-false-note","https://i.gr-assets.com/images/S/compressed.photo.goodreads.com/books/1357211034l/3552023._SX50_.jpg"
"The Maze of Bones","https://www.goodreads.com/book/show/2921082-the-maze-of-bones","Riordan, Rick","https://www.goodreads.com/author/show/15872.Rick_Riordan","*","0545060397","9780545060394","0545060397","220","pp","3.87","89,423","Jan 01, 2008","Sep 01, 2008","","0","https://www.goodreads.com/review/show/7210241966","0","https://www.goodreads.com/rating/voters/7210241966?resource_type=Review","1","not set","","Jan 13, 2025","Hardcover","Jan 13, 2013","(The 39 Clues, #1)","https://www.goodreads.com/book/show/2921082-the-maze-of-bones","https://i.gr-assets.com/images/S/compressed.photo.goodreads.com/books/1385117877l/2921082._SX50_.jpg"
"The Atlantis Complex","https://www.goodreads.com/book/show/7005865-the-atlantis-complex","Colfer, Eoin","https://www.goodreads.com/author/show/10896.Eoin_Colfer","","1423128192","9781423128199","1423128192","357","pp","3.97","64,262","2010","Aug 03, 2010","","0","https://www.goodreads.com/review/show/7210239763","0","https://www.goodreads.com/rating/voters/7210239763?resource_type=Review","1","not set","","Jan 13, 2025","Hardcover","Jan 13, 2014","(Artemis Fowl #7)","https://www.goodreads.com/book/show/7005865-the-atlantis-complex","https://i.gr-assets.com/images/S/compressed.photo.goodreads.com/books/1522213238l/7005865._SX50_.jpg"
"The Last Guardian","https://www.goodreads.com/book/show/9307674-the-last-guardian","Colfer, Eoin","https://www.goodreads.com/author/show/10896.Eoin_Colfer","","1423161610","9781423161615","1423161610","328","pp","4.15","61,733","Jul 10, 2012","Jul 10, 2012","","0","https://www.goodreads.com/review/show/7210239213","0","https://www.goodreads.com/rating/voters/7210239213?resource_type=Review","1","not set","","Jan 13, 2025","Hardcover","Jan 13, 2014","(Artemis Fowl, #8)","https://www.goodreads.com/book/show/9307674-the-last-guardian","https://i.gr-assets.com/images/S/compressed.photo.goodreads.com/books/1522745526l/9307674._SX50_.jpg"
"The Time Paradox","https://www.goodreads.com/book/show/2179276.The_Time_Paradox","Colfer, Eoin","https://www.goodreads.com/author/show/10896.Eoin_Colfer","","","","B0DSZPB762","391","pp","4.08","96,388","Jul 05, 2008","Jul 05, 2008","","0","https://www.goodreads.com/review/show/7210238329","0","https://www.goodreads.com/rating/voters/7210238329?resource_type=Review","1","not set","","Jan 13, 2025","Hardcover","Jan 13, 2014","(Artemis Fowl, #6)","https://www.goodreads.com/book/show/2179276.The_Time_Paradox","https://i.gr-assets.com/images/S/compressed.photo.goodreads.com/books/1522190483l/2179276._SX50_.jpg"
"The Eternity Code","https://www.goodreads.com/book/show/227865.The_Eternity_Code","Colfer, Eoin","https://www.goodreads.com/author/show/10896.Eoin_Colfer","","0141321318","9780141321318","0141321318","329","pp","4.05","142,329","Apr 27, 2003","Apr 06, 2006","","0","https://www.goodreads.com/review/show/7210237632","0","https://www.goodreads.com/rating/voters/7210237632?resource_type=Review","1","not set","","Jan 13, 2025","Paperback","Jan 13, 2014","(Artemis Fowl, #3)","https://www.goodreads.com/book/show/227865.The_Eternity_Code","https://i.gr-assets.com/images/S/compressed.photo.goodreads.com/books/1327945417l/227865._SY75_.jpg"
"The Lost Colony","https://www.goodreads.com/book/show/37586.The_Lost_Colony","Colfer, Eoin","https://www.goodreads.com/author/show/10896.Eoin_Colfer","","","","B0DSZXTZ3Q","385","pp","4.02","161,159","Sep 15, 2006","Sep 15, 2006","","0","https://www.goodreads.com/review/show/7210236763","0","https://www.goodreads.com/rating/voters/7210236763?resource_type=Review","1","not set","","Jan 13, 2025","Hardcover","Jan 13, 2014","(Artemis Fowl, #5)","https://www.goodreads.com/book/show/37586.The_Lost_Colony","https://i.gr-assets.com/images/S/compressed.photo.goodreads.com/books/1522190376l/37586._SX50_.jpg"
"The Opal Deception","https://www.goodreads.com/book/show/114954.The_Opal_Deception","Colfer, Eoin","https://www.goodreads.com/author/show/10896.Eoin_Colfer","","1423103998","9781423103998","1423103998","528","pp","4.06","144,288","Apr 30, 2005","Jul 14, 2009","","0","https://www.goodreads.com/review/show/7210236159","0","https://www.goodreads.com/rating/voters/7210236159?resource_type=Review","1","not set","","Jan 13, 2025","Paperback","Jan 13, 2014","(Artemis Fowl, #4)","https://www.goodreads.com/book/show/114954.The_Opal_Deception","https://i.gr-assets.com/images/S/compressed.photo.goodreads.com/books/1266475201l/114954._SY75_.jpg"
"The Arctic Incident","https://www.goodreads.com/book/show/114955.The_Arctic_Incident","Colfer, Eoin","https://www.goodreads.com/author/show/10896.Eoin_Colfer","","","","B0DSZL8R81","278","pp","3.96","161,818","May 01, 2002","May 01, 2004","","0","https://www.goodreads.com/review/show/7210235412","0","https://www.goodreads.com/rating/voters/7210235412?resource_type=Review","1","not set","","Jan 13, 2025","Paperback","Jan 13, 2014","(Artemis Fowl, #2)","https://www.goodreads.com/book/show/114955.The_Arctic_Incident","https://i.gr-assets.com/images/S/compressed.photo.goodreads.com/books/1388294381l/114955._SX50_.jpg"
"Artemis Fowl","https://www.goodreads.com/book/show/249747.Artemis_Fowl","Colfer, Eoin","https://www.goodreads.com/author/show/10896.Eoin_Colfer","","","","","396","pp","3.86","566,516","Apr 26, 2001","Apr 01, 2003","","0","https://www.goodreads.com/review/show/7210233463","0","https://www.goodreads.com/rating/voters/7210233463?resource_type=Review","1","not set","","Jan 13, 2025","Paperback","Jan 13, 2014","(Artemis Fowl, #1)","https://www.goodreads.com/book/show/249747.Artemis_Fowl","https://i.gr-assets.com/images/S/compressed.photo.goodreads.com/books/1630661894l/249747._SX50_.jpg"
"Piglet","https://www.goodreads.com/book/show/127282554-piglet","Hazell, Lottie","https://www.goodreads.com/author/show/31134709.Lottie_Hazell","","125028984X","9781250289841","125028984X","320","pp","3.37","49,392","Jan 25, 2024","Feb 27, 2024","really liked it","0","https://www.goodreads.com/review/show/7207858035","0","https://www.goodreads.com/rating/voters/7207858035?resource_type=Review","1","not set","not set","Jan 12, 2025","Hardcover","","","https://www.goodreads.com/book/show/127282554-piglet","https://i.gr-assets.com/images/S/compressed.photo.goodreads.com/books/1689144286l/127282554._SY75_.jpg"
"Acts of Desperation","https://www.goodreads.com/book/show/49535227-acts-of-desperation","Nolan, Megan","https://www.goodreads.com/author/show/19607931.Megan_Nolan","","","","B0DN8PSKRS","288","pp","3.70","44,299","Mar 09, 2021","Mar 09, 2021","liked it","0","https://www.goodreads.com/review/show/7207520457","0","https://www.goodreads.com/rating/voters/7207520457?resource_type=Review","1","","","Jan 12, 2025","Unknown Binding","Jan 24, 2025","","https://www.goodreads.com/book/show/49535227-acts-of-desperation","https://i.gr-assets.com/images/S/compressed.photo.goodreads.com/books/1599339517l/49535227._SY75_.jpg"
"Little Women","https://www.goodreads.com/book/show/1934.Little_Women","Alcott, Louisa May","https://www.goodreads.com/author/show/1315.Louisa_May_Alcott","","","","0451529308","449","pp","4.18","2,544,357","Sep 30, 1868","Apr 06, 2004","really liked it","0","https://www.goodreads.com/review/show/7149344047","0","https://www.goodreads.com/rating/voters/7149344047?resource_type=Review","1","","","Jan 01, 2025","Mass Market Paperback","Jan 03, 2025","(Little Women, #1)","https://www.goodreads.com/book/show/1934.Little_Women","https://i.gr-assets.com/images/S/compressed.photo.goodreads.com/books/1562690475l/1934._SY75_.jpg"
"The Shards","https://www.goodreads.com/book/show/60880820-the-shards","Ellis, Bret Easton","https://www.goodreads.com/author/show/2751.Bret_Easton_Ellis","","059353560X","9780593535608","059353560X","608","pp","3.99","53,910","Jan 17, 2023","Jan 17, 2023","liked it","0","https://www.goodreads.com/review/show/7145156622","0","https://www.goodreads.com/rating/voters/7145156622?resource_type=Review","1","","","Dec 31, 2024","Hardcover","Dec 31, 2024","","https://www.goodreads.com/book/show/60880820-the-shards","https://i.gr-assets.com/images/S/compressed.photo.goodreads.com/books/1658241203l/60880820._SX50_.jpg"
"The Safekeep","https://www.goodreads.com/book/show/199798201-the-safekeep","Wouden, Yael van der","https://www.goodreads.com/author/show/7411759.Yael_van_der_Wouden","","","","","272","pp","4.05","160,420","Apr 05, 2024","May 28, 2024","really liked it","0","https://www.goodreads.com/review/show/7142119643","0","https://www.goodreads.com/rating/voters/7142119643?resource_type=Review","1","","","Dec 30, 2024","Hardcover","Dec 30, 2024","","https://www.goodreads.com/book/show/199798201-the-safekeep","https://i.gr-assets.com/images/S/compressed.photo.goodreads.com/books/1698870566l/199798201._SY75_.jpg"
"The Nickel Boys","https://www.goodreads.com/book/show/42270835-the-nickel-boys","Whitehead, Colson","https://www.goodreads.com/author/show/10029.Colson_Whitehead","*","","","B0DWVLP97P","213","pp","4.25","326,807","Jul 16, 2019","Jul 16, 2019","liked it","0","https://www.goodreads.com/review/show/7142044095","0","https://www.goodreads.com/rating/voters/7142044095?resource_type=Review","1","not set","","Dec 30, 2024","ebook","Dec 29, 2023","","https://www.goodreads.com/book/show/42270835-the-nickel-boys","https://i.gr-assets.com/images/S/compressed.photo.goodreads.com/books/1593115396l/42270835._SY75_.jpg"
"Just Kids","https://www.goodreads.com/book/show/206318521-just-kids","Smith, Patti","https://www.goodreads.com/author/show/196092.Patti_Smith","*","006621131X","9780066211312","006621131X","262","pp","4.21","382,990","Jan 19, 2010","Mar 26, 2010","liked it","0","https://www.goodreads.com/review/show/7131447472","0","https://www.goodreads.com/rating/voters/7131447472?resource_type=Review","1","","","Dec 28, 2024","Hardcover","Jan 09, 2025","","https://www.goodreads.com/book/show/206318521-just-kids","https://i.gr-assets.com/images/S/compressed.photo.goodreads.com/books/1706691407l/206318521._SY75_.jpg"
"Prophet Song","https://www.goodreads.com/book/show/158875813-prophet-song","Lynch, Paul","https://www.goodreads.com/author/show/446744.Paul_Lynch","*","","","B0DWWF73ZV","259","pp","4.02","94,536","Aug 24, 2023","Aug 24, 2023","","0","https://www.goodreads.com/review/show/7130417834","0","https://www.goodreads.com/rating/voters/7130417834?resource_type=Review","1","not set","","Dec 28, 2024","ebook","May 28, 2024","","https://www.goodreads.com/book/show/158875813-prophet-song","https://i.gr-assets.com/images/S/compressed.photo.goodreads.com/books/1689541792l/158875813._SY75_.jpg"
"Whereabouts","https://www.goodreads.com/book/show/53438824-whereabouts","Lahiri, Jhumpa","https://www.goodreads.com/author/show/3670.Jhumpa_Lahiri","","0593318315","9780593318317","0593318315","157","pp","3.76","36,290","Aug 30, 2018","Apr 27, 2021","liked it","0","https://www.goodreads.com/review/show/7128108001","0","https://www.goodreads.com/rating/voters/7128108001?resource_type=Review","1","","","Dec 28, 2024","Hardcover","Dec 30, 2024","","https://www.goodreads.com/book/show/53438824-whereabouts","https://i.gr-assets.com/images/S/compressed.photo.goodreads.com/books/1597695938l/53438824._SY75_.jpg"
"The End","https://www.goodreads.com/book/show/65112.The_End","Snicket, Lemony","https://www.goodreads.com/author/show/36746.Lemony_Snicket","*","0064410161","9780064410168","0064410161","338","pp","4.04","119,554","Oct 13, 2006","Oct 13, 2006","","0","https://www.goodreads.com/review/show/7128101394","0","https://www.goodreads.com/rating/voters/7128101394?resource_type=Review","1","not set","not set","Dec 28, 2024","Hardcover","","(A Series of Unfortunate Events, #13)","https://www.goodreads.com/book/show/65112.The_End","https://i.gr-assets.com/images/S/compressed.photo.goodreads.com/books/1524761836l/65112._SX50_.jpg"
"The Penultimate Peril","https://www.goodreads.com/book/show/65110.The_Penultimate_Peril","Snicket, Lemony","https://www.goodreads.com/author/show/36746.Lemony_Snicket","*","0064410153","9780064410151","0064410153","353","pp","4.09","119,808","Oct 18, 2005","Oct 18, 2005","","0","https://www.goodreads.com/review/show/7128101286","0","https://www.goodreads.com/rating/voters/7128101286?resource_type=Review","1","not set","not set","Dec 28, 2024","Hardcover","","(A Series of Unfortunate Events, #12)","https://www.goodreads.com/book/show/65110.The_Penultimate_Peril","https://i.gr-assets.com/images/S/compressed.photo.goodreads.com/books/1524161970l/65110._SX50_.jpg"
"The Grim Grotto","https://www.goodreads.com/book/show/65111.The_Grim_Grotto","Snicket, Lemony","https://www.goodreads.com/author/show/36746.Lemony_Snicket","*","0064410145","9780064410144","0064410145","323","pp","4.03","127,494","Sep 21, 2004","Sep 21, 2004","","0","https://www.goodreads.com/review/show/7128101205","0","https://www.goodreads.com/rating/voters/7128101205?resource_type=Review","1","not set","not set","Dec 28, 2024","Hardcover","","(A Series of Unfortunate Events, #11)","https://www.goodreads.com/book/show/65111.The_Grim_Grotto","https://i.gr-assets.com/images/S/compressed.photo.goodreads.com/books/1519247467l/65111._SX50_.jpg"
"The Slippery Slope","https://www.goodreads.com/book/show/297792.The_Slippery_Slope","Snicket, Lemony","https://www.goodreads.com/author/show/36746.Lemony_Snicket","*","0064410137","9780064410137","0064410137","337","pp","4.05","138,728","Sep 23, 2003","Sep 23, 2003","","0","https://www.goodreads.com/review/show/7128101102","0","https://www.goodreads.com/rating/voters/7128101102?resource_type=Review","1","not set","not set","Dec 28, 2024","Hardcover","","(A Series of Unfortunate Events, #10)","https://www.goodreads.com/book/show/297792.The_Slippery_Slope","https://i.gr-assets.com/images/S/compressed.photo.goodreads.com/books/1518835363l/297792._SX50_.jpg"
"The Carnivorous Carnival","https://www.goodreads.com/book/show/324277.The_Carnivorous_Carnival","Snicket, Lemony","https://www.goodreads.com/author/show/36746.Lemony_Snicket","*","0064410129","9780064410120","0064410129","286","pp","4.01","143,587","Oct 28, 2002","Oct 28, 2002","","0","https://www.goodreads.com/review/show/7128100974","0","https://www.goodreads.com/rating/voters/7128100974?resource_type=Review","1","not set","not set","Dec 28, 2024","Hardcover","","(A Series of Unfortunate Events, #9)","https://www.goodreads.com/book/show/324277.The_Carnivorous_Carnival","https://i.gr-assets.com/images/S/compressed.photo.goodreads.com/books/1518209848l/324277._SX50_.jpg"
"The Hostile Hospital","https://www.goodreads.com/book/show/65118.The_Hostile_Hospital","Snicket, Lemony","https://www.goodreads.com/author/show/36746.Lemony_Snicket","*","1405206128","9781405206129","1405206128","272","pp","3.99","132,190","Sep 04, 2001","May 10, 2003","","0","https://www.goodreads.com/review/show/7128100874","0","https://www.goodreads.com/rating/voters/7128100874?resource_type=Review","1","not set","not set","Dec 28, 2024","Kindle Edition","","(A Series of Unfortunate Events, #8)","https://www.goodreads.com/book/show/65118.The_Hostile_Hospital","https://i.gr-assets.com/images/S/compressed.photo.goodreads.com/books/1442446120l/65118._SX50_.jpg"
"The Vile Village","https://www.goodreads.com/book/show/150037.The_Vile_Village","Snicket, Lemony","https://www.goodreads.com/author/show/36746.Lemony_Snicket","*","0060566221","9780060566227","0060566221","272","pp","3.97","157,480","Apr 24, 2001","Apr 24, 2001","","0","https://www.goodreads.com/review/show/7128100780","0","https://www.goodreads.com/rating/voters/7128100780?resource_type=Review","1","not set","not set","Dec 28, 2024","Hardcover","","(A Series of Unfortunate Events, #7)","https://www.goodreads.com/book/show/150037.The_Vile_Village","https://i.gr-assets.com/images/S/compressed.photo.goodreads.com/books/1352066958l/150037._SX50_.jpg"
"The Ersatz Elevator","https://www.goodreads.com/book/show/172327.The_Ersatz_Elevator","Snicket, Lemony","https://www.goodreads.com/author/show/36746.Lemony_Snicket","*","0060566213","9780060566210","0060566213","259","pp","4.06","163,596","Mar 16, 2001","Feb 20, 2001","","0","https://www.goodreads.com/review/show/7128100645","0","https://www.goodreads.com/rating/voters/7128100645?resource_type=Review","1","not set","not set","Dec 28, 2024","Hardcover","","(A Series of Unfortunate Events, #6)","https://www.goodreads.com/book/show/172327.The_Ersatz_Elevator","https://i.gr-assets.com/images/S/compressed.photo.goodreads.com/books/1514267383l/172327._SX50_.jpg"
"The Austere Academy","https://www.goodreads.com/book/show/131123.The_Austere_Academy","Snicket, Lemony","https://www.goodreads.com/author/show/36746.Lemony_Snicket","*","0064408639","9780064408639","0064408639","221","pp","4.02","178,306","Aug 31, 2000","Aug 31, 2000","","0","https://www.goodreads.com/review/show/7128100577","0","https://www.goodreads.com/rating/voters/7128100577?resource_type=Review","1","not set","not set","Dec 28, 2024","Hardcover","","(A Series of Unfortunate Events, #5)","https://www.goodreads.com/book/show/131123.The_Austere_Academy","https://i.gr-assets.com/images/S/compressed.photo.goodreads.com/books/1517277307l/131123._SX50_.jpg"
"The Miserable Mill","https://www.goodreads.com/book/show/65119.The_Miserable_Mill","Snicket, Lemony","https://www.goodreads.com/author/show/36746.Lemony_Snicket","*","0439272637","9780439272636","0439272637","194","pp","3.86","189,246","Apr 15, 2000","Apr 15, 2000","","0","https://www.goodreads.com/review/show/7128100461","0","https://www.goodreads.com/rating/voters/7128100461?resource_type=Review","1","not set","not set","Dec 28, 2024","Paperback","","(A Series of Unfortunate Events, #4)","https://www.goodreads.com/book/show/65119.The_Miserable_Mill","https://i.gr-assets.com/images/S/compressed.photo.goodreads.com/books/1352146209l/65119._SX50_.jpg"
"The Wide Window","https://www.goodreads.com/book/show/438492.The_Wide_Window","Snicket, Lemony","https://www.goodreads.com/author/show/36746.Lemony_Snicket","*","0064407683","9780064407687","0064407683","214","pp","3.95","216,498","Feb 25, 2000","Feb 25, 2000","","0","https://www.goodreads.com/review/show/7128100376","0","https://www.goodreads.com/rating/voters/7128100376?resource_type=Review","1","not set","not set","Dec 28, 2024","Hardcover","","(A Series of Unfortunate Events, #3)","https://www.goodreads.com/book/show/438492.The_Wide_Window","https://i.gr-assets.com/images/S/compressed.photo.goodreads.com/books/1518654331l/438492._SX50_.jpg"
"The Reptile Room","https://www.goodreads.com/book/show/78418.The_Reptile_Room","Snicket, Lemony","https://www.goodreads.com/author/show/36746.Lemony_Snicket","*","","","","192","pp","4.02","251,690","Dec 03, 1999","Sep 30, 1999","","0","https://www.goodreads.com/review/show/7128100268","0","https://www.goodreads.com/rating/voters/7128100268?resource_type=Review","1","not set","not set","Dec 28, 2024","Paperback","","(A Series of Unfortunate Events, #2)","https://www.goodreads.com/book/show/78418.The_Reptile_Room","https://i.gr-assets.com/images/S/compressed.photo.goodreads.com/books/1352146294l/78418._SX50_.jpg"
"The Bad Beginning","https://www.goodreads.com/book/show/78411.The_Bad_Beginning","Snicket, Lemony","https://www.goodreads.com/author/show/36746.Lemony_Snicket","*","0439206472","9780439206471","0439206472","162","pp","4.03","587,051","Sep 30, 1999","Sep 30, 1999","","0","https://www.goodreads.com/review/show/7128100171","0","https://www.goodreads.com/rating/voters/7128100171?resource_type=Review","1","not set","not set","Dec 28, 2024","Paperback","","(A Series of Unfortunate Events, #1)","https://www.goodreads.com/book/show/78411.The_Bad_Beginning","https://i.gr-assets.com/images/S/compressed.photo.goodreads.com/books/1436737029l/78411._SX50_.jpg"
"Holes","https://www.goodreads.com/book/show/38709.Holes","Sachar, Louis","https://www.goodreads.com/author/show/6569.Louis_Sachar","*","0439244196","9780439244190","0439244196","233","pp","4.02","1,401,788","Aug 20, 1998","Sep 02, 2000","","0","https://www.goodreads.com/review/show/7128098888","0","https://www.goodreads.com/rating/voters/7128098888?resource_type=Review","1","not set","not set","Dec 28, 2024","Paperback","","(Holes, #1)","https://www.goodreads.com/book/show/38709.Holes","https://i.gr-assets.com/images/S/compressed.photo.goodreads.com/books/1618269830l/38709._SX50_.jpg"
"Refugee","https://www.goodreads.com/book/show/33118312-refugee","Gratz, Alan","https://www.goodreads.com/author/show/68794.Alan_Gratz","*","0545880874","9780545880879","B06WVDCDQG","352","pp","4.35","87,264","Jul 25, 2017","Jul 25, 2017","","0","https://www.goodreads.com/review/show/7128098557","0","https://www.goodreads.com/rating/voters/7128098557?resource_type=Review","1","not set","not set","Dec 28, 2024","Kindle Edition","","","https://www.goodreads.com/book/show/33118312-refugee","https://i.gr-assets.com/images/S/compressed.photo.goodreads.com/books/1487620933l/33118312._SY75_.jpg"
"The Hate U Give","https://www.goodreads.com/book/show/32075671-the-hate-u-give","Thomas, Angie","https://www.goodreads.com/author/show/15049422.Angie_Thomas","*","0062498533","9780062498533","0062498533","453","pp","4.44","1,044,065","Feb 28, 2017","Feb 28, 2017","","0","https://www.goodreads.com/review/show/7128098334","0","https://www.goodreads.com/rating/voters/7128098334?resource_type=Review","1","not set","not set","Dec 28, 2024","Hardcover","","(The Hate U Give, #1)","https://www.goodreads.com/book/show/32075671-the-hate-u-give","https://i.gr-assets.com/images/S/compressed.photo.goodreads.com/books/1476284759l/32075671._SY75_.jpg"
"Night","https://www.goodreads.com/book/show/1617.Night","Wiesel, Elie","https://www.goodreads.com/author/show/1049.Elie_Wiesel","","0374500010","9780374500016","0374500010","120","pp","4.38","1,403,953","1956","Jan 16, 2006","","0","https://www.goodreads.com/review/show/7128098080","0","https://www.goodreads.com/rating/voters/7128098080?resource_type=Review","1","not set","not set","Dec 28, 2024","Paperback","","","https://www.goodreads.com/book/show/1617.Night","https://i.gr-assets.com/images/S/compressed.photo.goodreads.com/books/1709507006l/1617._SY75_.jpg"
"A Mango-Shaped Space","https://www.goodreads.com/book/show/171020.A_Mango_Shaped_Space","Mass, Wendy","https://www.goodreads.com/author/show/99650.Wendy_Mass","*","0316058254","9780316058254","0316058254","221","pp","4.21","36,857","Oct 19, 2005","Oct 19, 2005","","0","https://www.goodreads.com/review/show/7128097861","0","https://www.goodreads.com/rating/voters/7128097861?resource_type=Review","1","not set","not set","Dec 28, 2024","Paperback","","","https://www.goodreads.com/book/show/171020.A_Mango_Shaped_Space","https://i.gr-assets.com/images/S/compressed.photo.goodreads.com/books/1326056834l/171020._SX50_.jpg"
"Emily Windsnap and the Ship of Lost Souls","https://www.goodreads.com/book/show/24727103-emily-windsnap-and-the-ship-of-lost-souls","Kessler, Liz","https://www.goodreads.com/author/show/93726.Liz_Kessler","","0763676888","9780763676889","0763676888","288","pp","4.29","2,375","Aug 04, 2015","Aug 04, 2015","","0","https://www.goodreads.com/review/show/7128096859","0","https://www.goodreads.com/rating/voters/7128096859?resource_type=Review","1","not set","not set","Dec 28, 2024","Hardcover","","(Emily Windsnap, #6)","https://www.goodreads.com/book/show/24727103-emily-windsnap-and-the-ship-of-lost-souls","https://i.gr-assets.com/images/S/compressed.photo.goodreads.com/books/1425478464l/24727103._SX50_.jpg"
"Emily Windsnap and the Land of the Midnight Sun","https://www.goodreads.com/book/show/13589866-emily-windsnap-and-the-land-of-the-midnight-sun","Kessler, Liz","https://www.goodreads.com/author/show/93726.Liz_Kessler","","144400350X","9781444003505","144400350X","288","pp","4.23","3,641","","Feb 12, 2013","","0","https://www.goodreads.com/review/show/7128096681","0","https://www.goodreads.com/rating/voters/7128096681?resource_type=Review","1","unknown","not set","Dec 28, 2024","Paperback","","(Emily Windsnap, #5)","https://www.goodreads.com/book/show/13589866-emily-windsnap-and-the-land-of-the-midnight-sun","https://i.gr-assets.com/images/S/compressed.photo.goodreads.com/books/1333977860l/13589866._SY75_.jpg"
"Emily Windsnap and the Siren's Secret","https://www.goodreads.com/book/show/6334523-emily-windsnap-and-the-siren-s-secret","Kessler, Liz","https://www.goodreads.com/author/show/93726.Liz_Kessler","","184255686X","9781842556863","184255686X","272","pp","4.15","7,211","Sep 01, 2009","Jan 01, 2009","","0","https://www.goodreads.com/review/show/7128096573","0","https://www.goodreads.com/rating/voters/7128096573?resource_type=Review","1","not set","not set","Dec 28, 2024","Hardcover","","(Emily Windsnap, #4)","https://www.goodreads.com/book/show/6334523-emily-windsnap-and-the-siren-s-secret","https://i.gr-assets.com/images/S/compressed.photo.goodreads.com/books/1348597665l/6334523._SY75_.jpg"
"Emily Windsnap and the Castle in the Mist","https://www.goodreads.com/book/show/161657.Emily_Windsnap_and_the_Castle_in_the_Mist","Kessler, Liz","https://www.goodreads.com/author/show/93726.Liz_Kessler","","0763633305","9780763633301","0763633305","208","pp","4.05","10,958","Sep 21, 2006","Apr 10, 2007","","0","https://www.goodreads.com/review/show/7128096475","0","https://www.goodreads.com/rating/voters/7128096475?resource_type=Review","1","not set","not set","Dec 28, 2024","Hardcover","","(Emily Windsnap, #3)","https://www.goodreads.com/book/show/161657.Emily_Windsnap_and_the_Castle_in_the_Mist","https://i.gr-assets.com/images/S/compressed.photo.goodreads.com/books/1424204185l/161657._SY75_.jpg"
"Emily Windsnap and the Monster from the Deep","https://www.goodreads.com/book/show/161653.Emily_Windsnap_and_the_Monster_from_the_Deep","Kessler, Liz","https://www.goodreads.com/author/show/93726.Liz_Kessler","","0763625043","9780763625047","0763625043","224","pp","3.95","12,206","Jan 01, 2004","Apr 11, 2006","","0","https://www.goodreads.com/review/show/7128096389","0","https://www.goodreads.com/rating/voters/7128096389?resource_type=Review","1","not set","not set","Dec 28, 2024","Hardcover","","(Emily Windsnap, #2)","https://www.goodreads.com/book/show/161653.Emily_Windsnap_and_the_Monster_from_the_Deep","https://i.gr-assets.com/images/S/compressed.photo.goodreads.com/books/1320527878l/161653._SY75_.jpg"
"The Tail of Emily Windsnap","https://www.goodreads.com/book/show/161656.The_Tail_of_Emily_Windsnap","Kessler, Liz","https://www.goodreads.com/author/show/93726.Liz_Kessler","","0763628115","9780763628116","0763628115","209","pp","3.93","29,894","2003","Apr 27, 2010","","0","https://www.goodreads.com/review/show/7128096304","0","https://www.goodreads.com/rating/voters/7128096304?resource_type=Review","1","not set","not set","Dec 28, 2024","Paperback","","(Emily Windsnap, #1)","https://www.goodreads.com/book/show/161656.The_Tail_of_Emily_Windsnap","https://i.gr-assets.com/images/S/compressed.photo.goodreads.com/books/1388242543l/161656._SX50_.jpg"
"The Diary of a Young Girl","https://www.goodreads.com/book/show/48855.The_Diary_of_a_Young_Girl","Frank, Anne","https://www.goodreads.com/author/show/3720.Anne_Frank","","","","B007Z332A0","340","pp","4.20","4,334,650","Jun 25, 1947","Jul 1993","","0","https://www.goodreads.com/review/show/7128095854","0","https://www.goodreads.com/rating/voters/7128095854?resource_type=Review","1","not set","not set","Dec 28, 2024","Mass Market Paperback","","","https://www.goodreads.com/book/show/48855.The_Diary_of_a_Young_Girl","https://i.gr-assets.com/images/S/compressed.photo.goodreads.com/books/1560816565l/48855._SY75_.jpg"
"The Evertree","https://www.goodreads.com/book/show/18114578-the-evertree","Lu, Marie","https://www.goodreads.com/author/show/4342215.Marie_Lu","*","0545535212","9780545535212","0545535212","188","pp","4.32","6,970","Mar 31, 2015","Mar 31, 2015","","0","https://www.goodreads.com/review/show/7128093998","0","https://www.goodreads.com/rating/voters/7128093998?resource_type=Review","1","not set","not set","Dec 28, 2024","Hardcover","","(Spirit Animals, #7)","https://www.goodreads.com/book/show/18114578-the-evertree","https://i.gr-assets.com/images/S/compressed.photo.goodreads.com/books/1417892131l/18114578._SX50_.jpg"
"Rise and Fall","https://www.goodreads.com/book/show/18114540-rise-and-fall","Schrefer, Eliot","https://www.goodreads.com/author/show/72896.Eliot_Schrefer","*","054552248X","9780545522489","054552248X","192","pp","4.27","7,321","Dec 30, 2014","Dec 30, 2014","","0","https://www.goodreads.com/review/show/7128093919","0","https://www.goodreads.com/rating/voters/7128093919?resource_type=Review","1","not set","not set","Dec 28, 2024","Hardcover","","(Spirit Animals, #6)","https://www.goodreads.com/book/show/18114540-rise-and-fall","https://i.gr-assets.com/images/S/compressed.photo.goodreads.com/books/1409582441l/18114540._SY75_.jpg"
"Against the Tide","https://www.goodreads.com/book/show/18114583-against-the-tide","Sutherland, Tui T.","https://www.goodreads.com/author/show/374504.Tui_T_Sutherland","","0545522471","9780545522472","0545522471","180","pp","4.23","8,465","Sep 30, 2014","Sep 30, 2014","","0","https://www.goodreads.com/review/show/7128093732","0","https://www.goodreads.com/rating/voters/7128093732?resource_type=Review","1","not set","not set","Dec 28, 2024","Hardcover","","(Spirit Animals, #5)","https://www.goodreads.com/book/show/18114583-against-the-tide","https://i.gr-assets.com/images/S/compressed.photo.goodreads.com/books/1399115744l/18114583._SX50_.jpg"
"Fire and Ice","https://www.goodreads.com/book/show/18114581-fire-and-ice","Hale, Shannon","https://www.goodreads.com/author/show/49177.Shannon_Hale","*","0545522463","9780545522465","0545522463","185","pp","4.23","9,386","Jun 24, 2014","Jun 24, 2014","","0","https://www.goodreads.com/review/show/7128093661","0","https://www.goodreads.com/rating/voters/7128093661?resource_type=Review","1","not set","not set","Dec 28, 2024","Hardcover","","(Spirit Animals, #4)","https://www.goodreads.com/book/show/18114581-fire-and-ice","https://i.gr-assets.com/images/S/compressed.photo.goodreads.com/books/1394523167l/18114581._SX50_.jpg"
"Blood Ties","https://www.goodreads.com/book/show/18114543-blood-ties","Nix, Garth","https://www.goodreads.com/author/show/8347.Garth_Nix","*","0545522455","9780545522458","0545522455","192","pp","4.17","10,665","Feb 01, 2014","Mar 25, 2014","","0","https://www.goodreads.com/review/show/7128093561","0","https://www.goodreads.com/rating/voters/7128093561?resource_type=Review","1","not set","not set","Dec 28, 2024","Hardcover","","(Spirit Animals, #3)","https://www.goodreads.com/book/show/18114543-blood-ties","https://i.gr-assets.com/images/S/compressed.photo.goodreads.com/books/1395773206l/18114543._SY75_.jpg"
"Hunted","https://www.goodreads.com/book/show/17282619-hunted","Stiefvater, Maggie","https://www.goodreads.com/author/show/1330292.Maggie_Stiefvater","*","0545522560","9780545522564","0545522560","192","pp","4.13","13,246","Jan 07, 2014","Jan 07, 2014","","0","https://www.goodreads.com/review/show/7128093460","0","https://www.goodreads.com/rating/voters/7128093460?resource_type=Review","1","not set","not set","Dec 28, 2024","ebook","","(Spirit Animals, #2)","https://www.goodreads.com/book/show/17282619-hunted","https://i.gr-assets.com/images/S/compressed.photo.goodreads.com/books/1369757456l/17282619._SY75_.jpg"
"Wild Born","https://www.goodreads.com/book/show/17244430-wild-born","Mull, Brandon","https://www.goodreads.com/author/show/25052.Brandon_Mull","*","0545522439","9780545522434","0545522439","224","pp","4.00","23,483","Jan 01, 2013","Sep 10, 2013","","0","https://www.goodreads.com/review/show/7128093263","0","https://www.goodreads.com/rating/voters/7128093263?resource_type=Review","1","not set","not set","Dec 28, 2024","Hardcover","","(Spirit Animals, #1)","https://www.goodreads.com/book/show/17244430-wild-born","https://i.gr-assets.com/images/S/compressed.photo.goodreads.com/books/1364259347l/17244430._SX50_.jpg"
"Wonder","https://www.goodreads.com/book/show/11387515-wonder","Palacio, R.J.","https://www.goodreads.com/author/show/4859212.R_J_Palacio","","0375869026","9780375869020","0375869026","315","pp","4.35","1,226,155","Feb 14, 2012","Feb 14, 2012","","0","https://www.goodreads.com/review/show/7128092149","0","https://www.goodreads.com/rating/voters/7128092149?resource_type=Review","1","not set","not set","Dec 28, 2024","Hardcover","","(Wonder, #1)","https://www.goodreads.com/book/show/11387515-wonder","https://i.gr-assets.com/images/S/compressed.photo.goodreads.com/books/1545695751l/11387515._SY75_.jpg"
"The Candymakers and the Great Chocolate Chase","https://www.goodreads.com/book/show/28118451-the-candymakers-and-the-great-chocolate-chase","Mass, Wendy","https://www.goodreads.com/author/show/99650.Wendy_Mass","*","0316089192","9780316089197","0316089192","544","pp","4.23","4,250","Aug 02, 2016","Aug 02, 2016","","0","https://www.goodreads.com/review/show/7128091459","0","https://www.goodreads.com/rating/voters/7128091459?resource_type=Review","1","not set","not set","Dec 28, 2024","Hardcover","","(The Candymakers, #2)","https://www.goodreads.com/book/show/28118451-the-candymakers-and-the-great-chocolate-chase","https://i.gr-assets.com/images/S/compressed.photo.goodreads.com/books/1465761451l/28118451._SX50_.jpg"
"The Candymakers","https://www.goodreads.com/book/show/8112318-the-candymakers","Mass, Wendy","https://www.goodreads.com/author/show/99650.Wendy_Mass","*","0316002585","9780316002585","0316002585","453","pp","4.29","29,243","Oct 05, 2010","Oct 05, 2010","","0","https://www.goodreads.com/review/show/7128091164","0","https://www.goodreads.com/rating/voters/7128091164?resource_type=Review","1","not set","not set","Dec 28, 2024","Hardcover","","(The Candymakers, #1)","https://www.goodreads.com/book/show/8112318-the-candymakers","https://i.gr-assets.com/images/S/compressed.photo.goodreads.com/books/1441461017l/8112318._SX50_.jpg"
"Messenger","https://www.goodreads.com/book/show/12930.Messenger","Lowry, Lois","https://www.goodreads.com/author/show/2493.Lois_Lowry","*","0385732538","9780385732536","0385732538","169","pp","3.92","153,966","Apr 26, 2004","Aug 22, 2006","","0","https://www.goodreads.com/review/show/7128090553","0","https://www.goodreads.com/rating/voters/7128090553?resource_type=Review","1","not set","not set","Dec 28, 2024","Paperback","","(Giver, #3)","https://www.goodreads.com/book/show/12930.Messenger","https://i.gr-assets.com/images/S/compressed.photo.goodreads.com/books/1386924375l/12930._SY75_.jpg"
"The Last Ever After","https://www.goodreads.com/book/show/18004320-the-last-ever-after","Chainani, Soman","https://www.goodreads.com/author/show/780120.Soman_Chainani","*","0062104950","9780062104953","0062104950","655","pp","4.23","49,980","Jul 21, 2015","Jul 21, 2015","","0","https://www.goodreads.com/review/show/7128087834","0","https://www.goodreads.com/rating/voters/7128087834?resource_type=Review","1","not set","not set","Dec 28, 2024","Hardcover","","(The School for Good and Evil, #3)","https://www.goodreads.com/book/show/18004320-the-last-ever-after","https://i.gr-assets.com/images/S/compressed.photo.goodreads.com/books/1421947451l/18004320._SX50_.jpg"
"A World Without Princes","https://www.goodreads.com/book/show/18172465-a-world-without-princes","Chainani, Soman","https://www.goodreads.com/author/show/780120.Soman_Chainani","*","0062104926","9780062104922","0062104926","433","pp","3.94","64,478","Apr 15, 2014","Apr 15, 2014","","0","https://www.goodreads.com/review/show/7128087626","0","https://www.goodreads.com/rating/voters/7128087626?resource_type=Review","1","not set","not set","Dec 28, 2024","Hardcover","","(The School for Good and Evil, #2)","https://www.goodreads.com/book/show/18172465-a-world-without-princes","https://i.gr-assets.com/images/S/compressed.photo.goodreads.com/books/1379015944l/18172465._SY75_.jpg"
"The School for Good and Evil","https://www.goodreads.com/book/show/42080479-the-school-for-good-and-evil","Chainani, Soman","https://www.goodreads.com/author/show/780120.Soman_Chainani","*","006210490X","9780062104908","006210490X","488","pp","3.99","140,475","May 14, 2013","Sep 04, 2018","","0","https://www.goodreads.com/review/show/7128087419","0","https://www.goodreads.com/rating/voters/7128087419?resource_type=Review","1","not set","not set","Dec 28, 2024","Paperback","","(The School for Good and Evil, #1)","https://www.goodreads.com/book/show/42080479-the-school-for-good-and-evil","https://i.gr-assets.com/images/S/compressed.photo.goodreads.com/books/1538034910l/42080479._SX50_.jpg"
"Survivors: The Empty City and A Hidden Enemy","https://www.goodreads.com/book/show/18635133-survivors","Hunter, Erin","https://www.goodreads.com/author/show/27498.Erin_Hunter","","0062321463","9780062321466","0062321463","557","pp","4.39","484","Jun 03, 2014","May 06, 2014","","0","https://www.goodreads.com/review/show/7128087120","0","https://www.goodreads.com/rating/voters/7128087120?resource_type=Review","1","not set","not set","Dec 28, 2024","Paperback","","","https://www.goodreads.com/book/show/18635133-survivors","https://i.gr-assets.com/images/S/compressed.photo.goodreads.com/books/1384735087l/18635133._SX50_.jpg"
"Survivors: Tales from the Packs: Three Action-Packed Novellas About Dog and Wolf Pack Survival for Kids","https://www.goodreads.com/book/show/22934464-survivors","Hunter, Erin","https://www.goodreads.com/author/show/27498.Erin_Hunter","","0062291548","9780062291547","0062291548","320","pp","4.37","455","May 05, 2015","May 05, 2015","","0","https://www.goodreads.com/review/show/7128087032","0","https://www.goodreads.com/rating/voters/7128087032?resource_type=Review","1","not set","not set","Dec 28, 2024","Paperback","","(Ages 8-12)","https://www.goodreads.com/book/show/22934464-survivors","https://i.gr-assets.com/images/S/compressed.photo.goodreads.com/books/1416181566l/22934464._SX50_.jpg"
"Storm of Dogs","https://www.goodreads.com/book/show/22308675-storm-of-dogs","Hunter, Erin","https://www.goodreads.com/author/show/27498.Erin_Hunter","","0062102796","9780062102799","B00KFFM7G0","293","pp","4.42","2,043","Feb 10, 2015","Feb 10, 2015","","0","https://www.goodreads.com/review/show/7128086918","0","https://www.goodreads.com/rating/voters/7128086918?resource_type=Review","1","not set","not set","Dec 28, 2024","Kindle Edition","","(Survivors, #6)","https://www.goodreads.com/book/show/22308675-storm-of-dogs","https://i.gr-assets.com/images/S/compressed.photo.goodreads.com/books/1407999815l/22308675._SY75_.jpg"
"The Endless Lake","https://www.goodreads.com/book/show/18599647-the-endless-lake","Hunter, Erin","https://www.goodreads.com/author/show/27498.Erin_Hunter","","0062102753","9780062102751","B00FJ30346","325","pp","4.36","2,304","Jun 03, 2014","Jun 03, 2014","","0","https://www.goodreads.com/review/show/7128086814","0","https://www.goodreads.com/rating/voters/7128086814?resource_type=Review","1","not set","not set","Dec 28, 2024","Kindle Edition","","(Survivors, #5)","https://www.goodreads.com/book/show/18599647-the-endless-lake","https://i.gr-assets.com/images/S/compressed.photo.goodreads.com/books/1390941576l/18599647._SY75_.jpg"
"The Broken Path","https://www.goodreads.com/book/show/18052864-the-broken-path","Hunter, Erin","https://www.goodreads.com/author/show/27498.Erin_Hunter","","0062102710","9780062102713","B00DB2YPDM","325","pp","4.34","2,624","Feb 11, 2014","Feb 11, 2014","","0","https://www.goodreads.com/review/show/7128086724","0","https://www.goodreads.com/rating/voters/7128086724?resource_type=Review","1","not set","not set","Dec 28, 2024","Kindle Edition","","(Survivors, #4)","https://www.goodreads.com/book/show/18052864-the-broken-path","https://i.gr-assets.com/images/S/compressed.photo.goodreads.com/books/1384014926l/18052864._SY75_.jpg"
"Darkness Falls","https://www.goodreads.com/book/show/17331280-darkness-falls","Hunter, Erin","https://www.goodreads.com/author/show/27498.Erin_Hunter","","0062102672","9780062102676","B00BATG0T0","309","pp","4.30","3,128","Sep 03, 2013","Sep 03, 2013","","0","https://www.goodreads.com/review/show/7128086619","0","https://www.goodreads.com/rating/voters/7128086619?resource_type=Review","1","not set","not set","Dec 28, 2024","Kindle Edition","","(Survivors, #3)","https://www.goodreads.com/book/show/17331280-darkness-falls","https://i.gr-assets.com/images/S/compressed.photo.goodreads.com/books/1369823212l/17331280._SY75_.jpg"
"Survivors: Moon's Choice: An Action-Packed Prequel About Pack Life and Danger for Kids","https://www.goodreads.com/book/show/22895328-survivors","Hunter, Erin","https://www.goodreads.com/author/show/27498.Erin_Hunter","","006229153X","9780062291530","B00MMF1TZQ","144","pp","4.41","655","May 05, 2015","May 05, 2015","","0","https://www.goodreads.com/review/show/7128086441","0","https://www.goodreads.com/rating/voters/7128086441?resource_type=Review","1","not set","not set","Dec 28, 2024","Kindle Edition","","(Ages 8-12)","https://www.goodreads.com/book/show/22895328-survivors","https://i.gr-assets.com/images/S/compressed.photo.goodreads.com/books/1421710939l/22895328._SY75_.jpg"
"Survivors: Sweet's Journey: A Prequel Novella About the Fearless Beta of the Wild Pack for Kids","https://www.goodreads.com/book/show/22308712-survivors","Hunter, Erin","https://www.goodreads.com/author/show/27498.Erin_Hunter","","0062291521","9780062291523","B00KFFYNZS","60","pp","4.31","617","Feb 10, 2015","Feb 10, 2015","","0","https://www.goodreads.com/review/show/7128086339","0","https://www.goodreads.com/rating/voters/7128086339?resource_type=Review","1","not set","not set","Dec 28, 2024","Kindle Edition","","(Ages 8-12)","https://www.goodreads.com/book/show/22308712-survivors","https://i.gr-assets.com/images/S/compressed.photo.goodreads.com/books/1416775946l/22308712._SY75_.jpg"
"Alpha's Tale","https://www.goodreads.com/book/show/18599785-alpha-s-tale","Hunter, Erin","https://www.goodreads.com/author/show/27498.Erin_Hunter","","0062291513","9780062291516","B00FJ37DGC","60","pp","4.30","837","Apr 29, 2014","Apr 29, 2014","","0","https://www.goodreads.com/review/show/7128086233","0","https://www.goodreads.com/rating/voters/7128086233?resource_type=Review","1","not set","not set","Dec 28, 2024","Kindle Edition","","(Survivors, #0.1)","https://www.goodreads.com/book/show/18599785-alpha-s-tale","https://i.gr-assets.com/images/S/compressed.photo.goodreads.com/books/1388957115l/18599785._SY75_.jpg"
"When the Sea Turned to Silver","https://www.goodreads.com/book/show/28449045-when-the-sea-turned-to-silver","Lin, Grace","https://www.goodreads.com/author/show/59390.Grace_Lin","*","031612592X","9780316125925","031612592X","384","pp","4.36","6,932","Oct 04, 2016","Oct 04, 2016","","0","https://www.goodreads.com/review/show/7128085636","0","https://www.goodreads.com/rating/voters/7128085636?resource_type=Review","1","not set","not set","Dec 28, 2024","Hardcover","","","https://www.goodreads.com/book/show/28449045-when-the-sea-turned-to-silver","https://i.gr-assets.com/images/S/compressed.photo.goodreads.com/books/1457140259l/28449045._SX50_.jpg"
"Where the Mountain Meets the Moon","https://www.goodreads.com/book/show/5983694-where-the-mountain-meets-the-moon","Lin, Grace","https://www.goodreads.com/author/show/59390.Grace_Lin","*","","","","278","pp","4.32","55,812","Jun 2009","Jun 2009","","0","https://www.goodreads.com/review/show/7128085494","0","https://www.goodreads.com/rating/voters/7128085494?resource_type=Review","1","not set","not set","Dec 28, 2024","Hardcover","","","https://www.goodreads.com/book/show/5983694-where-the-mountain-meets-the-moon","https://i.gr-assets.com/images/S/compressed.photo.goodreads.com/books/1549333297l/5983694._SX50_.jpg"
"Son","https://www.goodreads.com/book/show/13324841-son","Lowry, Lois","https://www.goodreads.com/author/show/2493.Lois_Lowry","*","0547887205","9780547887203","0547887205","393","pp","4.00","118,394","Oct 02, 2012","Oct 02, 2012","","0","https://www.goodreads.com/review/show/7128082221","0","https://www.goodreads.com/rating/voters/7128082221?resource_type=Review","1","not set","not set","Dec 28, 2024","Hardcover","","(Giver, #4)","https://www.goodreads.com/book/show/13324841-son","https://i.gr-assets.com/images/S/compressed.photo.goodreads.com/books/1349952095l/13324841._SY75_.jpg"
"Number the Stars","https://www.goodreads.com/book/show/47281.Number_the_Stars","Lowry, Lois","https://www.goodreads.com/author/show/2493.Lois_Lowry","*","0440227534","9780440227533","0440227534","137","pp","4.20","637,501","Apr 24, 1989","Feb 09, 1998","","0","https://www.goodreads.com/review/show/7128082097","0","https://www.goodreads.com/rating/voters/7128082097?resource_type=Review","1","not set","not set","Dec 28, 2024","Mass Market Paperback","","","https://www.goodreads.com/book/show/47281.Number_the_Stars","https://i.gr-assets.com/images/S/compressed.photo.goodreads.com/books/1630542426l/47281._SX50_.jpg"
"The Giver","https://www.goodreads.com/book/show/3636.The_Giver","Lowry, Lois","https://www.goodreads.com/author/show/2493.Lois_Lowry","*","0385732554","9780385732550","0385732554","208","pp","4.12","2,906,320","Apr 26, 1993","Jan 24, 2006","","0","https://www.goodreads.com/review/show/7128082015","0","https://www.goodreads.com/rating/voters/7128082015?resource_type=Review","1","not set","not set","Dec 28, 2024","Paperback","","(Giver, #1)","https://www.goodreads.com/book/show/3636.The_Giver","https://i.gr-assets.com/images/S/compressed.photo.goodreads.com/books/1342493368l/3636._SY75_.jpg"
"Inheritance","https://www.goodreads.com/book/show/7664041-inheritance","Paolini, Christopher","https://www.goodreads.com/author/show/8349.Christopher_Paolini","*","0375856110","9780375856112","0375856110","849","pp","4.17","321,249","Nov 08, 2011","Nov 08, 2011","","0","https://www.goodreads.com/review/show/7128081334","0","https://www.goodreads.com/rating/voters/7128081334?resource_type=Review","1","not set","not set","Dec 28, 2024","Hardcover","","(The Inheritance Cycle, #4)","https://www.goodreads.com/book/show/7664041-inheritance","https://i.gr-assets.com/images/S/compressed.photo.goodreads.com/books/1390886502l/7664041._SX50_.jpg"
"Brisingr","https://www.goodreads.com/book/show/2248573.Brisingr","Paolini, Christopher","https://www.goodreads.com/author/show/8349.Christopher_Paolini","*","0375826726","9780375826726","0375826726","763","pp","4.12","427,024","Sep 20, 2008","Sep 20, 2008","","0","https://www.goodreads.com/review/show/7128081241","0","https://www.goodreads.com/rating/voters/7128081241?resource_type=Review","1","not set","not set","Dec 28, 2024","Hardcover","","(The Inheritance Cycle, #3)","https://www.goodreads.com/book/show/2248573.Brisingr","https://i.gr-assets.com/images/S/compressed.photo.goodreads.com/books/1661030683l/2248573._SX50_.jpg"
"Eldest","https://www.goodreads.com/book/show/45978.Eldest","Paolini, Christopher","https://www.goodreads.com/author/show/8349.Christopher_Paolini","*","0375840400","9780375840401","0375840400","704","pp","4.06","505,172","Aug 23, 2005","Mar 13, 2007","","0","https://www.goodreads.com/review/show/7128081172","0","https://www.goodreads.com/rating/voters/7128081172?resource_type=Review","1","not set","not set","Dec 28, 2024","Paperback","","(The Inheritance Cycle, #2)","https://www.goodreads.com/book/show/45978.Eldest","https://i.gr-assets.com/images/S/compressed.photo.goodreads.com/books/1387119654l/45978._SX50_.jpg"
"Eragon","https://www.goodreads.com/book/show/113436.Eragon","Paolini, Christopher","https://www.goodreads.com/author/show/8349.Christopher_Paolini","*","0375826696","9780375826696","B0042B4JAK","503","pp","3.97","1,988,429","Jun 01, 2002","Jun 01, 2005","","0","https://www.goodreads.com/review/show/7128081049","0","https://www.goodreads.com/rating/voters/7128081049?resource_type=Review","1","not set","not set","Dec 28, 2024","Paperback","","(The Inheritance Cycle #1)","https://www.goodreads.com/book/show/113436.Eragon","https://i.gr-assets.com/images/S/compressed.photo.goodreads.com/books/1366212852l/113436._SX50_.jpg"
"Harry Potter and the Cursed Child: Parts One and Two","https://www.goodreads.com/book/show/29056083-harry-potter-and-the-cursed-child","Rowling, J.K.","https://www.goodreads.com/author/show/1077326.J_K_Rowling","","0540027340","9780540027347","0540027340","343","pp","3.47","1,173,073","Jul 31, 2016","Jul 31, 2016","","0","https://www.goodreads.com/review/show/7128080614","0","https://www.goodreads.com/rating/voters/7128080614?resource_type=Review","1","not set","not set","Dec 28, 2024","Hardcover","","(Harry Potter, #8)","https://www.goodreads.com/book/show/29056083-harry-potter-and-the-cursed-child","https://i.gr-assets.com/images/S/compressed.photo.goodreads.com/books/1470082995l/29056083._SY75_.jpg"
"Harry Potter and the Deathly Hallows","https://www.goodreads.com/book/show/58613224-harry-potter-and-the-deathly-hallows","Rowling, J.K.","https://www.goodreads.com/author/show/1077326.J_K_Rowling","","0545010225","9780545010221","B004JZJE4U","784","pp","4.62","4,235,355","Jul 21, 2007","Jul 21, 2007","","0","https://www.goodreads.com/review/show/7128080502","0","https://www.goodreads.com/rating/voters/7128080502?resource_type=Review","1","not set","not set","Dec 28, 2024","Hardcover","","(Harry Potter, #7)","https://www.goodreads.com/book/show/58613224-harry-potter-and-the-deathly-hallows","https://i.gr-assets.com/images/S/compressed.photo.goodreads.com/books/1627042661l/58613224._SY75_.jpg"
"Harry Potter and the Half-Blood Prince","https://www.goodreads.com/book/show/58613345-harry-potter-and-the-half-blood-prince","Rowling, J.K.","https://www.goodreads.com/author/show/1077326.J_K_Rowling","","","","","672","pp","4.58","3,777,307","Jul 16, 2005","Jul 16, 2005","","0","https://www.goodreads.com/review/show/7128080405","0","https://www.goodreads.com/rating/voters/7128080405?resource_type=Review","1","not set","not set","Dec 28, 2024","Hardcover","","(Harry Potter, #6)","https://www.goodreads.com/book/show/58613345-harry-potter-and-the-half-blood-prince","https://i.gr-assets.com/images/S/compressed.photo.goodreads.com/books/1627043894l/58613345._SY75_.jpg"
"Harry Potter and the Order of the Phoenix","https://www.goodreads.com/book/show/2.Harry_Potter_and_the_Order_of_the_Phoenix","Rowling, J.K.","https://www.goodreads.com/author/show/1077326.J_K_Rowling","","","","","576","pp","4.50","3,926,734","Jun 21, 2003","Sep 2004","","0","https://www.goodreads.com/review/show/7128080313","0","https://www.goodreads.com/rating/voters/7128080313?resource_type=Review","1","not set","not set","Dec 28, 2024","Paperback","","(Harry Potter, #5)","https://www.goodreads.com/book/show/2.Harry_Potter_and_the_Order_of_the_Phoenix","https://i.gr-assets.com/images/S/compressed.photo.goodreads.com/books/1786592302l/2._SX50_.jpg"
"Harry Potter and the Goblet of Fire","https://www.goodreads.com/book/show/58613424-harry-potter-and-the-goblet-of-fire","Rowling, J.K.","https://www.goodreads.com/author/show/1077326.J_K_Rowling","","","","B0DV2Y66LK","752","pp","4.57","4,350,382","Jul 08, 2000","Jul 08, 2000","","0","https://www.goodreads.com/review/show/7128080236","0","https://www.goodreads.com/rating/voters/7128080236?resource_type=Review","1","not set","not set","Dec 28, 2024","Hardcover","","(Harry Potter, #4)","https://www.goodreads.com/book/show/58613424-harry-potter-and-the-goblet-of-fire","https://i.gr-assets.com/images/S/compressed.photo.goodreads.com/books/1627044952l/58613424._SY75_.jpg"
"Harry Potter and the Prisoner of Azkaban","https://www.goodreads.com/book/show/5.Harry_Potter_and_the_Prisoner_of_Azkaban","Rowling, J.K.","https://www.goodreads.com/author/show/1077326.J_K_Rowling","","043965548X","9780439655484","043965548X","547","pp","4.58","5,044,832","Jul 08, 1999","May 01, 2004","","0","https://www.goodreads.com/review/show/7128080160","0","https://www.goodreads.com/rating/voters/7128080160?resource_type=Review","1","not set","not set","Dec 28, 2024","Mass Market Paperback","","(Harry Potter, #3)","https://www.goodreads.com/book/show/5.Harry_Potter_and_the_Prisoner_of_Azkaban","https://i.gr-assets.com/images/S/compressed.photo.goodreads.com/books/1630547330l/5._SY75_.jpg"
"Harry Potter and the Chamber of Secrets","https://www.goodreads.com/book/show/15881.Harry_Potter_and_the_Chamber_of_Secrets","Rowling, J.K.","https://www.goodreads.com/author/show/1077326.J_K_Rowling","","","","B00ES27LCQ","341","pp","4.43","4,674,723","Jul 02, 1998","Jun 02, 1999","","0","https://www.goodreads.com/review/show/7128080073","0","https://www.goodreads.com/rating/voters/7128080073?resource_type=Review","1","not set","not set","Dec 28, 2024","Hardcover","","(Harry Potter, #2)","https://www.goodreads.com/book/show/15881.Harry_Potter_and_the_Chamber_of_Secrets","https://i.gr-assets.com/images/S/compressed.photo.goodreads.com/books/1474169725l/15881._SY75_.jpg"
"Harry Potter and the Philosopher's Stone","https://www.goodreads.com/book/show/42844155-harry-potter-and-the-philosopher-s-stone","Rowling, J.K.","https://www.goodreads.com/author/show/1077326.J_K_Rowling","","","","B07SBCZ16W","333","pp","4.47","11,820,551","Jun 26, 1997","Dec 08, 2015","","0","https://www.goodreads.com/review/show/7128079911","0","https://www.goodreads.com/rating/voters/7128079911?resource_type=Review","1","not set","not set","Dec 28, 2024","Kindle Edition","","(Harry Potter, #1)","https://www.goodreads.com/book/show/42844155-harry-potter-and-the-philosopher-s-stone","https://i.gr-assets.com/images/S/compressed.photo.goodreads.com/books/1598823299l/42844155._SX50_.jpg"
"The Sun Is Also a Star","https://www.goodreads.com/book/show/28763485-the-sun-is-also-a-star","Yoon, Nicola","https://www.goodreads.com/author/show/7353006.Nicola_Yoon","*","0553496689","9780553496680","0553496689","344","pp","3.95","365,049","Nov 01, 2016","Nov 01, 2016","","0","https://www.goodreads.com/review/show/7128079620","0","https://www.goodreads.com/rating/voters/7128079620?resource_type=Review","1","not set","not set","Dec 28, 2024","Hardcover","","","https://www.goodreads.com/book/show/28763485-the-sun-is-also-a-star","https://i.gr-assets.com/images/S/compressed.photo.goodreads.com/books/1459793538l/28763485._SY75_.jpg"
"On the Come Up","https://www.goodreads.com/book/show/35887567-on-the-come-up","Thomas, Angie","https://www.goodreads.com/author/show/15049422.Angie_Thomas","*","","","B0FSKD3KDK","464","pp","4.26","101,814","Feb 05, 2019","Feb 05, 2019","","0","https://www.goodreads.com/review/show/7128079309","0","https://www.goodreads.com/rating/voters/7128079309?resource_type=Review","1","not set","not set","Dec 28, 2024","Hardcover","","","https://www.goodreads.com/book/show/35887567-on-the-come-up","https://i.gr-assets.com/images/S/compressed.photo.goodreads.com/books/1518828924l/35887567._SY75_.jpg"
"Evil Spy School","https://www.goodreads.com/book/show/17571236-evil-spy-school","Gibbs, Stuart","https://www.goodreads.com/author/show/3040652.Stuart_Gibbs","*","1442494913","9781442494916","1442494913","336","pp","4.49","14,732","Jan 01, 2015","2015","","0","https://www.goodreads.com/review/show/7128078813","0","https://www.goodreads.com/rating/voters/7128078813?resource_type=Review","1","not set","not set","Dec 28, 2024","ebook","","(Spy School #3)","https://www.goodreads.com/book/show/17571236-evil-spy-school","https://i.gr-assets.com/images/S/compressed.photo.goodreads.com/books/1421828665l/17571236._SY75_.jpg"
"Spy Camp","https://www.goodreads.com/book/show/15801337-spy-camp","Gibbs, Stuart","https://www.goodreads.com/author/show/3040652.Stuart_Gibbs","*","1442457538","9781442457539","1442457538","336","pp","4.39","17,240","Apr 02, 2013","Apr 02, 2013","","0","https://www.goodreads.com/review/show/7128078699","0","https://www.goodreads.com/rating/voters/7128078699?resource_type=Review","1","not set","not set","Dec 28, 2024","Hardcover","","(Spy School #2)","https://www.goodreads.com/book/show/15801337-spy-camp","https://i.gr-assets.com/images/S/compressed.photo.goodreads.com/books/1409522372l/15801337._SY75_.jpg"
"Spy School","https://www.goodreads.com/book/show/11750648-spy-school","Gibbs, Stuart","https://www.goodreads.com/author/show/3040652.Stuart_Gibbs","*","1442421827","9781442421820","1442421827","304","pp","4.10","39,040","Mar 06, 2012","Mar 06, 2012","","0","https://www.goodreads.com/review/show/7128078621","0","https://www.goodreads.com/rating/voters/7128078621?resource_type=Review","1","not set","not set","Dec 28, 2024","Hardcover","","(Spy School, #1)","https://www.goodreads.com/book/show/11750648-spy-school","https://i.gr-assets.com/images/S/compressed.photo.goodreads.com/books/1321499016l/11750648._SY75_.jpg"
"The Serpent's Shadow","https://www.goodreads.com/book/show/12893742-the-serpent-s-shadow","Riordan, Rick","https://www.goodreads.com/author/show/15872.Rick_Riordan","*","1423140575","9781423140573","1423140575","406","pp","4.27","186,080","May 01, 2012","May 01, 2012","","0","https://www.goodreads.com/review/show/7128077753","0","https://www.goodreads.com/rating/voters/7128077753?resource_type=Review","1","not set","not set","Dec 28, 2024","Hardcover","","(The Kane Chronicles, #3)","https://www.goodreads.com/book/show/12893742-the-serpent-s-shadow","https://i.gr-assets.com/images/S/compressed.photo.goodreads.com/books/1366227982l/12893742._SY75_.jpg"
"The Throne of Fire","https://www.goodreads.com/book/show/9067850-the-throne-of-fire","Riordan, Rick","https://www.goodreads.com/author/show/15872.Rick_Riordan","*","1423140567","9781423140566","1423140567","452","pp","4.18","233,856","May 03, 2011","May 03, 2011","","0","https://www.goodreads.com/review/show/7128077469","0","https://www.goodreads.com/rating/voters/7128077469?resource_type=Review","1","not set","not set","Dec 28, 2024","Hardcover","","(The Kane Chronicles, #2)","https://www.goodreads.com/book/show/9067850-the-throne-of-fire","https://i.gr-assets.com/images/S/compressed.photo.goodreads.com/books/1661018148l/9067850._SY75_.jpg"
"The Sword of Summer","https://www.goodreads.com/book/show/15724396-the-sword-of-summer","Riordan, Rick","https://www.goodreads.com/author/show/15872.Rick_Riordan","*","1423160916","9781423160915","1423160916","491","pp","4.23","247,838","Oct 06, 2015","Oct 06, 2015","","0","https://www.goodreads.com/review/show/7128077365","0","https://www.goodreads.com/rating/voters/7128077365?resource_type=Review","1","not set","not set","Dec 28, 2024","Hardcover","","(Magnus Chase and the Gods of Asgard, #1)","https://www.goodreads.com/book/show/15724396-the-sword-of-summer","https://i.gr-assets.com/images/S/compressed.photo.goodreads.com/books/1434701340l/15724396._SY75_.jpg"
"The Blood of Olympus","https://www.goodreads.com/book/show/18705209-the-blood-of-olympus","Riordan, Rick","https://www.goodreads.com/author/show/15872.Rick_Riordan","*","","","B0FSKQGX6W","516","pp","4.43","409,181","Oct 07, 2014","Oct 07, 2014","","0","https://www.goodreads.com/review/show/7128077255","0","https://www.goodreads.com/rating/voters/7128077255?resource_type=Review","1","not set","not set","Dec 28, 2024","Hardcover","","(The Heroes of Olympus, #5)","https://www.goodreads.com/book/show/18705209-the-blood-of-olympus","https://i.gr-assets.com/images/S/compressed.photo.goodreads.com/books/1464201441l/18705209._SY75_.jpg"
"The Red Pyramid","https://www.goodreads.com/book/show/7090447-the-red-pyramid","Riordan, Rick","https://www.goodreads.com/author/show/15872.Rick_Riordan","*","1423113381","9781423113386","1423113381","528","pp","4.10","434,496","May 04, 2010","May 04, 2010","","0","https://www.goodreads.com/review/show/7128077170","0","https://www.goodreads.com/rating/voters/7128077170?resource_type=Review","1","not set","not set","Dec 28, 2024","Hardcover","","(The Kane Chronicles, #1)","https://www.goodreads.com/book/show/7090447-the-red-pyramid","https://i.gr-assets.com/images/S/compressed.photo.goodreads.com/books/1661018382l/7090447._SY75_.jpg"
"The House of Hades","https://www.goodreads.com/book/show/12127810-the-house-of-hades","Riordan, Rick","https://www.goodreads.com/author/show/15872.Rick_Riordan","*","1423146727","9781423146728","1423146727","597","pp","4.57","502,734","Oct 08, 2013","Oct 08, 2013","","0","https://www.goodreads.com/review/show/7128077071","0","https://www.goodreads.com/rating/voters/7128077071?resource_type=Review","1","not set","not set","Dec 28, 2024","Hardcover","","(The Heroes of Olympus, #4)","https://www.goodreads.com/book/show/12127810-the-house-of-hades","https://i.gr-assets.com/images/S/compressed.photo.goodreads.com/books/1464201430l/12127810._SY75_.jpg"
"The Son of Neptune","https://www.goodreads.com/book/show/9520360-the-son-of-neptune","Riordan, Rick","https://www.goodreads.com/author/show/15872.Rick_Riordan","*","1423140591","9781423140597","1423140591","521","pp","4.40","690,022","Oct 04, 2011","Oct 04, 2011","","0","https://www.goodreads.com/review/show/7128076982","0","https://www.goodreads.com/rating/voters/7128076982?resource_type=Review","1","not set","not set","Dec 28, 2024","Hardcover","","(The Heroes of Olympus, #2)","https://www.goodreads.com/book/show/9520360-the-son-of-neptune","https://i.gr-assets.com/images/S/compressed.photo.goodreads.com/books/1464201114l/9520360._SY75_.jpg"
"The Mark of Athena","https://www.goodreads.com/book/show/12127750-the-mark-of-athena","Riordan, Rick","https://www.goodreads.com/author/show/15872.Rick_Riordan","*","1423140605","9781423140603","1423140605","586","pp","4.47","695,125","Oct 02, 2012","Oct 02, 2012","","0","https://www.goodreads.com/review/show/7128076899","0","https://www.goodreads.com/rating/voters/7128076899?resource_type=Review","1","not set","not set","Dec 28, 2024","Hardcover","","(The Heroes of Olympus, #3)","https://www.goodreads.com/book/show/12127750-the-mark-of-athena","https://i.gr-assets.com/images/S/compressed.photo.goodreads.com/books/1464201354l/12127750._SY75_.jpg"
"The Lost Hero","https://www.goodreads.com/book/show/7736182-the-lost-hero","Riordan, Rick","https://www.goodreads.com/author/show/15872.Rick_Riordan","*","142311339X","9781423113393","142311339X","576","pp","4.29","968,915","Oct 12, 2010","Oct 12, 2010","","0","https://www.goodreads.com/review/show/7128076782","0","https://www.goodreads.com/rating/voters/7128076782?resource_type=Review","1","not set","not set","Dec 28, 2024","Hardcover","","(The Heroes of Olympus, #1)","https://www.goodreads.com/book/show/7736182-the-lost-hero","https://i.gr-assets.com/images/S/compressed.photo.goodreads.com/books/1464201003l/7736182._SY75_.jpg"
"The Last Olympian","https://www.goodreads.com/book/show/4556058-the-last-olympian","Riordan, Rick","https://www.goodreads.com/author/show/15872.Rick_Riordan","*","1423101472","9781423101475","1423101472","381","pp","4.56","1,193,608","May 05, 2009","May 05, 2009","","0","https://www.goodreads.com/review/show/7128076672","0","https://www.goodreads.com/rating/voters/7128076672?resource_type=Review","1","not set","not set","Dec 28, 2024","Hardcover","","(Percy Jackson and the Olympians, #5)","https://www.goodreads.com/book/show/4556058-the-last-olympian","https://i.gr-assets.com/images/S/compressed.photo.goodreads.com/books/1788398025l/4556058._SY75_.jpg"
"The Titan’s Curse","https://www.goodreads.com/book/show/561456.The_Titan_s_Curse","Riordan, Rick","https://www.goodreads.com/author/show/15872.Rick_Riordan","*","","","B00Z857ISO","352","pp","4.37","1,268,114","May 05, 2007","May 05, 2007","","0","https://www.goodreads.com/review/show/7128076554","0","https://www.goodreads.com/rating/voters/7128076554?resource_type=Review","1","not set","not set","Dec 28, 2024","Kindle Edition","","(Percy Jackson and the Olympians, #3)","https://www.goodreads.com/book/show/561456.The_Titan_s_Curse","https://i.gr-assets.com/images/S/compressed.photo.goodreads.com/books/1361038385l/561456._SY75_.jpg"
"The Battle of the Labyrinth","https://www.goodreads.com/book/show/8130423-the-battle-of-the-labyrinth","Riordan, Rick","https://www.goodreads.com/author/show/15872.Rick_Riordan","*","","","B0DLT96V9G","361","pp","4.42","1,261,930","Mar 06, 2008","May 02, 2009","","0","https://www.goodreads.com/review/show/7128076468","0","https://www.goodreads.com/rating/voters/7128076468?resource_type=Review","1","not set","not set","Dec 28, 2024","Kindle Edition","","(Percy Jackson and the Olympians, #4)","https://www.goodreads.com/book/show/8130423-the-battle-of-the-labyrinth","https://i.gr-assets.com/images/S/compressed.photo.goodreads.com/books/1355333381l/8130423._SY75_.jpg"
"The Sea of Monsters","https://www.goodreads.com/book/show/40727118-the-sea-of-monsters","Riordan, Rick","https://www.goodreads.com/author/show/15872.Rick_Riordan","*","0120000318","9780120000319","0120000318","279","pp","4.24","1,426,517","Apr 01, 2006","","","0","https://www.goodreads.com/review/show/7128076362","0","https://www.goodreads.com/rating/voters/7128076362?resource_type=Review","1","unknown","not set","Dec 28, 2024","Hardcover","","(Percy Jackson and the Olympians, #2)","https://www.goodreads.com/book/show/40727118-the-sea-of-monsters","https://i.gr-assets.com/images/S/compressed.photo.goodreads.com/books/1530819367l/40727118._SY75_.jpg"
"The Lightning Thief","https://www.goodreads.com/book/show/123675190-the-lightning-thief","Riordan, Rick","https://www.goodreads.com/author/show/15872.Rick_Riordan","*","1368098169","9781368098168","1368098169","416","pp","4.31","3,565,398","Jul 28, 2005","Nov 21, 2023","","0","https://www.goodreads.com/review/show/7128076270","0","https://www.goodreads.com/rating/voters/7128076270?resource_type=Review","1","not set","not set","Dec 28, 2024","Paperback","","(Percy Jackson and the Olympians, #1)","https://www.goodreads.com/book/show/123675190-the-lightning-thief","https://i.gr-assets.com/images/S/compressed.photo.goodreads.com/books/1684776677l/123675190._SX50_.jpg"
"The Hidden Oracle","https://www.goodreads.com/book/show/26252859-the-hidden-oracle","Riordan, Rick","https://www.goodreads.com/author/show/15872.Rick_Riordan","*","148473274X","9781484732748","148473274X","376","pp","4.12","242,052","May 03, 2016","May 03, 2016","","0","https://www.goodreads.com/review/show/7128076078","0","https://www.goodreads.com/rating/voters/7128076078?resource_type=Review","1","not set","not set","Dec 28, 2024","Hardcover","","(The Trials of Apollo, #1)","https://www.goodreads.com/book/show/26252859-the-hidden-oracle","https://i.gr-assets.com/images/S/compressed.photo.goodreads.com/books/1690967270l/26252859._SY75_.jpg"
"Happily Ever After","https://www.goodreads.com/book/show/24465724-happily-ever-after","Cass, Kiera","https://www.goodreads.com/author/show/2987125.Kiera_Cass","*","0008143676","9780062414090","0062414097","416","pp","4.03","83,463","Oct 13, 2015","Oct 13, 2015","","0","https://www.goodreads.com/review/show/7128075919","0","https://www.goodreads.com/rating/voters/7128075919?resource_type=Review","1","not set","not set","Dec 28, 2024","ebook","","(The Selection, #0.4, 0.5, 2.5, 2.6, 3.3)","https://www.goodreads.com/book/show/24465724-happily-ever-after","https://i.gr-assets.com/images/S/compressed.photo.goodreads.com/books/1427449095l/24465724._SY75_.jpg"
"A Million Junes","https://www.goodreads.com/book/show/30763950-a-million-junes","Henry, Emily","https://www.goodreads.com/author/show/13905555.Emily_Henry","*","0448493969","9780448493961","0448493969","400","pp","3.79","44,446","May 16, 2017","May 16, 2017","","0","https://www.goodreads.com/review/show/7128074672","0","https://www.goodreads.com/rating/voters/7128074672?resource_type=Review","1","not set","not set","Dec 28, 2024","Hardcover","","","https://www.goodreads.com/book/show/30763950-a-million-junes","https://i.gr-assets.com/images/S/compressed.photo.goodreads.com/books/1487956862l/30763950._SX50_.jpg"
"Dune","https://www.goodreads.com/book/show/44767458-dune","Herbert, Frank","https://www.goodreads.com/author/show/58.Frank_Herbert","","059309932X","9780593099322","059309932X","658","pp","4.29","1,711,113","Jun 01, 1965","Oct 01, 2019","","0","https://www.goodreads.com/review/show/7128073178","0","https://www.goodreads.com/rating/voters/7128073178?resource_type=Review","1","not set","not set","Dec 28, 2024","Hardcover","","(Dune, #1)","https://www.goodreads.com/book/show/44767458-dune","https://i.gr-assets.com/images/S/compressed.photo.goodreads.com/books/1555447414l/44767458._SY75_.jpg"
"Beyond the Kingdoms","https://www.goodreads.com/book/show/24968392-beyond-the-kingdoms","Colfer, Chris","https://www.goodreads.com/author/show/4919495.Chris_Colfer","","","","B00T3E79BM","433","pp","4.41","59,159","Jul 07, 2015","Jul 07, 2015","","0","https://www.goodreads.com/review/show/7128069953","0","https://www.goodreads.com/rating/voters/7128069953?resource_type=Review","1","not set","not set","Dec 28, 2024","Kindle Edition","","(The Land of Stories, #4)","https://www.goodreads.com/book/show/24968392-beyond-the-kingdoms","https://i.gr-assets.com/images/S/compressed.photo.goodreads.com/books/1430009826l/24968392._SX50_.jpg"
"A Grimm Warning","https://www.goodreads.com/book/show/20706320-a-grimm-warning","Colfer, Chris","https://www.goodreads.com/author/show/4919495.Chris_Colfer","","0316406813","9780316406819","0316406813","480","pp","4.44","67,461","Jul 08, 2014","Jul 08, 2014","","0","https://www.goodreads.com/review/show/7128069786","0","https://www.goodreads.com/rating/voters/7128069786?resource_type=Review","1","not set","not set","Dec 28, 2024","Hardcover","","(The Land of Stories, #3)","https://www.goodreads.com/book/show/20706320-a-grimm-warning","https://i.gr-assets.com/images/S/compressed.photo.goodreads.com/books/1391709728l/20706320._SX50_.jpg"
"The Enchantress Returns","https://www.goodreads.com/book/show/17722973-the-enchantress-returns","Colfer, Chris","https://www.goodreads.com/author/show/4919495.Chris_Colfer","","0316201545","9780316201544","0316201545","517","pp","4.43","80,077","Aug 06, 2013","Aug 06, 2013","","0","https://www.goodreads.com/review/show/7128069561","0","https://www.goodreads.com/rating/voters/7128069561?resource_type=Review","1","not set","not set","Dec 28, 2024","Hardcover","","(The Land of Stories, #2)","https://www.goodreads.com/book/show/17722973-the-enchantress-returns","https://i.gr-assets.com/images/S/compressed.photo.goodreads.com/books/1364843824l/17722973._SX50_.jpg"
"The Wishing Spell","https://www.goodreads.com/book/show/11607446-the-wishing-spell","Colfer, Chris","https://www.goodreads.com/author/show/4919495.Chris_Colfer","","031620157X","9780316201575","031620157X","438","pp","4.26","165,544","Jul 17, 2012","Jul 17, 2012","","0","https://www.goodreads.com/review/show/7128069348","0","https://www.goodreads.com/rating/voters/7128069348?resource_type=Review","1","not set","not set","Dec 28, 2024","Hardcover","","(The Land of Stories, #1)","https://www.goodreads.com/book/show/11607446-the-wishing-spell","https://i.gr-assets.com/images/S/compressed.photo.goodreads.com/books/1326920505l/11607446._SX50_.jpg"
"Darkstalker","https://www.goodreads.com/book/show/28190254-darkstalker","Sutherland, Tui T.","https://www.goodreads.com/author/show/374504.Tui_T_Sutherland","","1338053612","9781338053616","1338053612","400","pp","4.59","23,669","Jun 28, 2016","Jun 28, 2016","","0","https://www.goodreads.com/review/show/7128068313","0","https://www.goodreads.com/rating/voters/7128068313?resource_type=Review","1","not set","not set","Dec 28, 2024","Hardcover","","(Wings of Fire: Legends, #1)","https://www.goodreads.com/book/show/28190254-darkstalker","https://i.gr-assets.com/images/S/compressed.photo.goodreads.com/books/1459384044l/28190254._SY75_.jpg"
"Darkness of Dragons","https://www.goodreads.com/book/show/33198183-darkness-of-dragons","Sutherland, Tui T.","https://www.goodreads.com/author/show/374504.Tui_T_Sutherland","","0545685478","9780545685474","0545685478","336","pp","4.53","27,253","Jul 25, 2017","Jul 25, 2017","","0","https://www.goodreads.com/review/show/7128068241","0","https://www.goodreads.com/rating/voters/7128068241?resource_type=Review","1","not set","not set","Dec 28, 2024","Hardcover","","(Wings of Fire, #10)","https://www.goodreads.com/book/show/33198183-darkness-of-dragons","https://i.gr-assets.com/images/S/compressed.photo.goodreads.com/books/1481665982l/33198183._SY75_.jpg"
"Talons of Power","https://www.goodreads.com/book/show/29550388-talons-of-power","Sutherland, Tui T.","https://www.goodreads.com/author/show/374504.Tui_T_Sutherland","","","","B0DTWHWHVB","336","pp","4.48","29,366","Dec 27, 2016","Dec 27, 2016","","0","https://www.goodreads.com/review/show/7128068133","0","https://www.goodreads.com/rating/voters/7128068133?resource_type=Review","1","not set","not set","Dec 28, 2024","Kindle Edition","","(Wings of Fire, #9)","https://www.goodreads.com/book/show/29550388-talons-of-power","https://i.gr-assets.com/images/S/compressed.photo.goodreads.com/books/1468226830l/29550388._SY75_.jpg"
"Escaping Peril","https://www.goodreads.com/book/show/25711360-escaping-peril","Sutherland, Tui T.","https://www.goodreads.com/author/show/374504.Tui_T_Sutherland","","054568546X","9780545685467","B00YD46D7S","260","pp","4.46","32,089","Jan 05, 2016","Dec 29, 2015","","0","https://www.goodreads.com/review/show/7128068027","0","https://www.goodreads.com/rating/voters/7128068027?resource_type=Review","1","not set","not set","Dec 28, 2024","Kindle Edition","","(Wings of Fire, #8)","https://www.goodreads.com/book/show/25711360-escaping-peril","https://i.gr-assets.com/images/S/compressed.photo.goodreads.com/books/1437899850l/25711360._SX50_.jpg"
"Winter Turning","https://www.goodreads.com/book/show/23604435-winter-turning","Sutherland, Tui T.","https://www.goodreads.com/author/show/374504.Tui_T_Sutherland","","0545685370","9780545685375","0545685370","336","pp","4.44","33,890","Jun 30, 2015","Jun 30, 2015","","0","https://www.goodreads.com/review/show/7128067919","0","https://www.goodreads.com/rating/voters/7128067919?resource_type=Review","1","not set","not set","Dec 28, 2024","Hardcover","","(Wings of Fire, #7)","https://www.goodreads.com/book/show/23604435-winter-turning","https://i.gr-assets.com/images/S/compressed.photo.goodreads.com/books/1419320915l/23604435._SY75_.jpg"
"Moon Rising","https://www.goodreads.com/book/show/22323659-moon-rising","Sutherland, Tui T.","https://www.goodreads.com/author/show/374504.Tui_T_Sutherland","","0545685346","9780545685344","0545685346","336","pp","4.56","36,447","Jan 06, 2015","Dec 30, 2014","","0","https://www.goodreads.com/review/show/7128067803","0","https://www.goodreads.com/rating/voters/7128067803?resource_type=Review","1","not set","not set","Dec 28, 2024","Hardcover","","(Wings of Fire, #6)","https://www.goodreads.com/book/show/22323659-moon-rising","https://i.gr-assets.com/images/S/compressed.photo.goodreads.com/books/1421370732l/22323659._SY75_.jpg"
"The Brightest Night","https://www.goodreads.com/book/show/18527497-the-brightest-night","Sutherland, Tui T.","https://www.goodreads.com/author/show/374504.Tui_T_Sutherland","","0545349222","9780545349222","0545349222","336","pp","4.52","40,424","Mar 25, 2014","Mar 25, 2014","","0","https://www.goodreads.com/review/show/7128067730","0","https://www.goodreads.com/rating/voters/7128067730?resource_type=Review","1","not set","not set","Dec 28, 2024","Hardcover","","(Wings of Fire, #5)","https://www.goodreads.com/book/show/18527497-the-brightest-night","https://i.gr-assets.com/images/S/compressed.photo.goodreads.com/books/1389053585l/18527497._SY75_.jpg"
"The Dark Secret","https://www.goodreads.com/book/show/17675467-the-dark-secret","Sutherland, Tui T.","https://www.goodreads.com/author/show/374504.Tui_T_Sutherland","","0545349214","9780545349215","0545349214","336","pp","4.36","42,624","Oct 29, 2013","Oct 29, 2013","","0","https://www.goodreads.com/review/show/7128067632","0","https://www.goodreads.com/rating/voters/7128067632?resource_type=Review","1","not set","not set","Dec 28, 2024","Hardcover","","(Wings of Fire, #4)","https://www.goodreads.com/book/show/17675467-the-dark-secret","https://i.gr-assets.com/images/S/compressed.photo.goodreads.com/books/1368813111l/17675467._SY75_.jpg"
"The Hidden Kingdom","https://www.goodreads.com/book/show/16100976-the-hidden-kingdom","Sutherland, Tui T.","https://www.goodreads.com/author/show/374504.Tui_T_Sutherland","","0545349206","9780545349208","0545349206","336","pp","4.48","47,142","2012","May 28, 2013","","0","https://www.goodreads.com/review/show/7128067560","0","https://www.goodreads.com/rating/voters/7128067560?resource_type=Review","1","not set","not set","Dec 28, 2024","Hardcover","","(Wings of Fire, #3)","https://www.goodreads.com/book/show/16100976-the-hidden-kingdom","https://i.gr-assets.com/images/S/compressed.photo.goodreads.com/books/1364066230l/16100976._SY75_.jpg"
"The Lost Heir","https://www.goodreads.com/book/show/15809617-the-lost-heir","Sutherland, Tui T.","https://www.goodreads.com/author/show/374504.Tui_T_Sutherland","","0545349192","9780545349192","0545349192","296","pp","4.40","52,874","2013","Jan 01, 2013","","0","https://www.goodreads.com/review/show/7128067475","0","https://www.goodreads.com/rating/voters/7128067475?resource_type=Review","1","not set","not set","Dec 28, 2024","Hardcover","","(Wings of Fire, #2)","https://www.goodreads.com/book/show/15809617-the-lost-heir","https://i.gr-assets.com/images/S/compressed.photo.goodreads.com/books/1358266376l/15809617._SY75_.jpg"
"The Dragonet Prophecy","https://www.goodreads.com/book/show/13228487-the-dragonet-prophecy","Sutherland, Tui T.","https://www.goodreads.com/author/show/374504.Tui_T_Sutherland","","0545349184","9780545349185","0545349184","336","pp","4.22","87,976","Jul 01, 2012","Jul 01, 2012","","0","https://www.goodreads.com/review/show/7128067388","0","https://www.goodreads.com/rating/voters/7128067388?resource_type=Review","1","not set","not set","Dec 28, 2024","Hardcover","","(Wings of Fire, #1)","https://www.goodreads.com/book/show/13228487-the-dragonet-prophecy","https://i.gr-assets.com/images/S/compressed.photo.goodreads.com/books/1339198070l/13228487._SY75_.jpg"
"Spirits in the Stars","https://www.goodreads.com/book/show/10433020-spirits-in-the-stars","Hunter, Erin","https://www.goodreads.com/author/show/27498.Erin_Hunter","","0060871407","9780060871406","0060871407","304","pp","4.21","3,345","2010","Feb 08, 2011","","0","https://www.goodreads.com/review/show/7128065464","0","https://www.goodreads.com/rating/voters/7128065464?resource_type=Review","1","not set","not set","Dec 28, 2024","Hardcover","","(Seekers, #6)","https://www.goodreads.com/book/show/10433020-spirits-in-the-stars","https://i.gr-assets.com/images/S/compressed.photo.goodreads.com/books/1347541219l/10433020._SX50_.jpg"
"Fire in the Sky","https://www.goodreads.com/book/show/7023788-fire-in-the-sky","Hunter, Erin","https://www.goodreads.com/author/show/27498.Erin_Hunter","","0060871342","9780060871345","0060871342","272","pp","4.18","3,722","2010","May 11, 2010","","0","https://www.goodreads.com/review/show/7128064950","0","https://www.goodreads.com/rating/voters/7128064950?resource_type=Review","1","not set","not set","Dec 28, 2024","Hardcover","","(Seekers, #5)","https://www.goodreads.com/book/show/7023788-fire-in-the-sky","https://i.gr-assets.com/images/S/compressed.photo.goodreads.com/books/1265056823l/7023788._SX50_.jpg"
"A Hidden Enemy","https://www.goodreads.com/book/show/16065469-a-hidden-enemy","Hunter, Erin","https://www.goodreads.com/author/show/27498.Erin_Hunter","","006210263X","9780062102638","B009NG12VS","293","pp","4.26","3,934","Apr 29, 2013","May 07, 2013","","0","https://www.goodreads.com/review/show/7128064316","0","https://www.goodreads.com/rating/voters/7128064316?resource_type=Review","1","not set","not set","Dec 28, 2024","Kindle Edition","","(Survivors, #2)","https://www.goodreads.com/book/show/16065469-a-hidden-enemy","https://i.gr-assets.com/images/S/compressed.photo.goodreads.com/books/1361148785l/16065469._SY75_.jpg"
"The Last Wilderness","https://www.goodreads.com/book/show/6616667-the-last-wilderness","Hunter, Erin","https://www.goodreads.com/author/show/27498.Erin_Hunter","","0060871318","9780060871314","0060871318","288","pp","4.16","4,306","Jan 01, 2010","Feb 09, 2010","","0","https://www.goodreads.com/review/show/7128063894","0","https://www.goodreads.com/rating/voters/7128063894?resource_type=Review","1","not set","not set","Dec 28, 2024","Hardcover","","(Seekers, #4)","https://www.goodreads.com/book/show/6616667-the-last-wilderness","https://i.gr-assets.com/images/S/compressed.photo.goodreads.com/books/1347514592l/6616667._SY75_.jpg"
"Moth Flight's Vision","https://www.goodreads.com/book/show/24892804-moth-flight-s-vision","Hunter, Erin","https://www.goodreads.com/author/show/27498.Erin_Hunter","","0062291505","9780062291509","0062291505","528","pp","4.42","5,036","Nov 03, 2015","Nov 03, 2015","","0","https://www.goodreads.com/review/show/7128063761","0","https://www.goodreads.com/rating/voters/7128063761?resource_type=Review","1","not set","not set","Dec 28, 2024","ebook","","(Warriors Super Edition, #8)","https://www.goodreads.com/book/show/24892804-moth-flight-s-vision","https://i.gr-assets.com/images/S/compressed.photo.goodreads.com/books/1433961202l/24892804._SY75_.jpg"
"Smoke Mountain","https://www.goodreads.com/book/show/4955576-smoke-mountain","Hunter, Erin","https://www.goodreads.com/author/show/27498.Erin_Hunter","","0060871288","9780060871284","0060871288","288","pp","4.10","5,329","Jan 01, 2009","May 12, 2009","","0","https://www.goodreads.com/review/show/7128062109","0","https://www.goodreads.com/rating/voters/7128062109?resource_type=Review","1","not set","not set","Dec 28, 2024","Hardcover","","(Seekers, #3)","https://www.goodreads.com/book/show/4955576-smoke-mountain","https://i.gr-assets.com/images/S/compressed.photo.goodreads.com/books/1347509445l/4955576._SY75_.jpg"
"Warriors: Battles of the Clans","https://www.goodreads.com/book/show/6966342-warriors","Hunter, Erin","https://www.goodreads.com/author/show/27498.Erin_Hunter","","0061702307","9780061702303","B00BG7EPWK","208","pp","4.20","5,590","2010","Jun 01, 2010","","0","https://www.goodreads.com/review/show/7128061969","0","https://www.goodreads.com/rating/voters/7128061969?resource_type=Review","1","not set","not set","Dec 28, 2024","Hardcover","","(Warriors Field Guide #4)","https://www.goodreads.com/book/show/6966342-warriors","https://i.gr-assets.com/images/S/compressed.photo.goodreads.com/books/1259442912l/6966342._SY75_.jpg"
"Shattered Sky","https://www.goodreads.com/book/show/30653889-shattered-sky","Hunter, Erin","https://www.goodreads.com/author/show/27498.Erin_Hunter","","006238645X","9780062386458","006238645X","285","pp","4.45","6,311","Apr 11, 2017","Apr 11, 2017","","0","https://www.goodreads.com/review/show/7128061871","0","https://www.goodreads.com/rating/voters/7128061871?resource_type=Review","1","not set","not set","Dec 28, 2024","Hardcover","","(Warriors: A Vision of Shadows, #3)","https://www.goodreads.com/book/show/30653889-shattered-sky","https://i.gr-assets.com/images/S/compressed.photo.goodreads.com/books/1470638543l/30653889._SY75_.jpg"
"Thunder and Shadow","https://www.goodreads.com/book/show/28217787-thunder-and-shadow","Hunter, Erin","https://www.goodreads.com/author/show/27498.Erin_Hunter","","0062386441","9780062386441","0062386441","352","pp","4.34","6,640","Sep 06, 2016","Sep 06, 2016","","0","https://www.goodreads.com/review/show/7128061765","0","https://www.goodreads.com/rating/voters/7128061765?resource_type=Review","1","not set","not set","Dec 28, 2024","ebook","","(Warriors: A Vision of Shadows, #2)","https://www.goodreads.com/book/show/28217787-thunder-and-shadow","https://i.gr-assets.com/images/S/compressed.photo.goodreads.com/books/1461535213l/28217787._SY75_.jpg"
"A Forest Divided","https://www.goodreads.com/book/show/22693143-a-forest-divided","Hunter, Erin","https://www.goodreads.com/author/show/27498.Erin_Hunter","","0062063626","9780062063625","0062063626","335","pp","4.32","6,764","Apr 07, 2015","Apr 07, 2015","","0","https://www.goodreads.com/review/show/7128061650","0","https://www.goodreads.com/rating/voters/7128061650?resource_type=Review","1","not set","not set","Dec 28, 2024","Hardcover","","(Warriors: Dawn of the Clans, #5)","https://www.goodreads.com/book/show/22693143-a-forest-divided","https://i.gr-assets.com/images/S/compressed.photo.goodreads.com/books/1413750403l/22693143._SY75_.jpg"
"Path of Stars","https://www.goodreads.com/book/show/23718630-path-of-stars","Hunter, Erin","https://www.goodreads.com/author/show/27498.Erin_Hunter","","0062063693","9780062063694","0062063693","352","pp","4.46","6,640","Sep 01, 2015","Sep 01, 2015","","0","https://www.goodreads.com/review/show/7128061550","0","https://www.goodreads.com/rating/voters/7128061550?resource_type=Review","1","not set","not set","Dec 28, 2024","Kindle Edition","","(Warriors: Dawn of the Clans, #6)","https://www.goodreads.com/book/show/23718630-path-of-stars","https://i.gr-assets.com/images/S/compressed.photo.goodreads.com/books/1427160197l/23718630._SY75_.jpg"
"Hollyleaf's Story","https://www.goodreads.com/book/show/12974717-hollyleaf-s-story","Hunter, Erin","https://www.goodreads.com/author/show/27498.Erin_Hunter","","0062125931","9780062125934","0062125931","144","pp","4.36","6,215","Mar 13, 2012","Mar 13, 2012","","0","https://www.goodreads.com/review/show/7128061461","0","https://www.goodreads.com/rating/voters/7128061461?resource_type=Review","1","not set","not set","Dec 28, 2024","ebook","","(Warriors Novellas, #1)","https://www.goodreads.com/book/show/12974717-hollyleaf-s-story","https://i.gr-assets.com/images/S/compressed.photo.goodreads.com/books/1324844961l/12974717._SX50_.jpg"
"Bramblestar's Storm","https://www.goodreads.com/book/show/17681750-bramblestar-s-storm","Hunter, Erin","https://www.goodreads.com/author/show/27498.Erin_Hunter","","0062291440","9780062291448","0062291440","512","pp","4.29","6,948","Aug 21, 2014","Aug 26, 2014","","0","https://www.goodreads.com/review/show/7128061281","0","https://www.goodreads.com/rating/voters/7128061281?resource_type=Review","1","not set","not set","Dec 28, 2024","Library Binding","","(Warriors Super Edition, #7)","https://www.goodreads.com/book/show/17681750-bramblestar-s-storm","https://i.gr-assets.com/images/S/compressed.photo.goodreads.com/books/1382662264l/17681750._SY75_.jpg"
"Great Bear Lake","https://www.goodreads.com/book/show/3427378-great-bear-lake","Hunter, Erin","https://www.goodreads.com/author/show/27498.Erin_Hunter","","0060871253","9780060871253","0060871253","320","pp","4.07","6,795","Jan 01, 2009","Feb 10, 2009","","0","https://www.goodreads.com/review/show/7128061148","0","https://www.goodreads.com/rating/voters/7128061148?resource_type=Review","1","not set","not set","Dec 28, 2024","Hardcover","","(Seekers, #2)","https://www.goodreads.com/book/show/3427378-great-bear-lake","https://i.gr-assets.com/images/S/compressed.photo.goodreads.com/books/1347504166l/3427378._SX50_.jpg"
"Into the Woods","https://www.goodreads.com/book/show/2762488-into-the-woods","Hunter, Erin","https://www.goodreads.com/author/show/27498.Erin_Hunter","","0061547921","9780061547928","0061547921","85","pp","4.07","6,950","Sep 01, 2008","Sep 01, 2008","","0","https://www.goodreads.com/review/show/7128061051","0","https://www.goodreads.com/rating/voters/7128061051?resource_type=Review","1","not set","not set","Dec 28, 2024","Paperback","","(Warriors Manga: Tigerstar & Sasha, #1)","https://www.goodreads.com/book/show/2762488-into-the-woods","https://i.gr-assets.com/images/S/compressed.photo.goodreads.com/books/1388190456l/2762488._SX50_.jpg"
"The Blazing Star","https://www.goodreads.com/book/show/18588383-the-blazing-star","Hunter, Erin","https://www.goodreads.com/author/show/27498.Erin_Hunter","","","","B0DTSQ9GLK","297","pp","4.33","7,444","Nov 04, 2014","Nov 04, 2014","","0","https://www.goodreads.com/review/show/7128060939","0","https://www.goodreads.com/rating/voters/7128060939?resource_type=Review","1","not set","not set","Dec 28, 2024","Unknown Binding","","(Warriors: Dawn of the Clans, #4)","https://www.goodreads.com/book/show/18588383-the-blazing-star","https://i.gr-assets.com/images/S/compressed.photo.goodreads.com/books/1382662133l/18588383._SY75_.jpg"
"The Empty City","https://www.goodreads.com/book/show/13455534-the-empty-city","Hunter, Erin","https://www.goodreads.com/author/show/27498.Erin_Hunter","","0062102567","9780062102560","0062102567","275","pp","4.02","7,998","Aug 21, 2012","Aug 21, 2012","","0","https://www.goodreads.com/review/show/7128060813","0","https://www.goodreads.com/rating/voters/7128060813?resource_type=Review","1","not set","not set","Dec 28, 2024","Hardcover","","(Survivors, #1)","https://www.goodreads.com/book/show/13455534-the-empty-city","https://i.gr-assets.com/images/S/compressed.photo.goodreads.com/books/1339298032l/13455534._SY75_.jpg"
"Code of the Clans","https://www.goodreads.com/book/show/5498077-code-of-the-clans","Hunter, Erin","https://www.goodreads.com/author/show/27498.Erin_Hunter","","0061660094","9780061660092","0061660094","156","pp","4.19","7,527","Jun 01, 2009","Jun 09, 2009","","0","https://www.goodreads.com/review/show/7128060692","0","https://www.goodreads.com/rating/voters/7128060692?resource_type=Review","1","not set","not set","Dec 28, 2024","Hardcover","","","https://www.goodreads.com/book/show/5498077-code-of-the-clans","https://i.gr-assets.com/images/S/compressed.photo.goodreads.com/books/1349599333l/5498077._SX50_.jpg"
"The First Battle","https://www.goodreads.com/book/show/17682406-the-first-battle","Hunter, Erin","https://www.goodreads.com/author/show/27498.Erin_Hunter","","0062063537","9780062063533","0062063537","291","pp","4.44","8,471","Apr 08, 2014","Apr 08, 2014","","0","https://www.goodreads.com/review/show/7128060589","0","https://www.goodreads.com/rating/voters/7128060589?resource_type=Review","1","not set","not set","Dec 28, 2024","Hardcover","","(Warriors: Dawn of the Clans, #3)","https://www.goodreads.com/book/show/17682406-the-first-battle","https://i.gr-assets.com/images/S/compressed.photo.goodreads.com/books/1369328586l/17682406._SX50_.jpg"
"The Apprentice's Quest","https://www.goodreads.com/book/show/25776664-the-apprentice-s-quest","Hunter, Erin","https://www.goodreads.com/author/show/27498.Erin_Hunter","","0062386409","9780062386403","0062386409","352","pp","4.31","9,257","2016","Mar 15, 2016","","0","https://www.goodreads.com/review/show/7128060494","0","https://www.goodreads.com/rating/voters/7128060494?resource_type=Review","1","not set","not set","Dec 28, 2024","Kindle Edition","","(Warriors: A Vision of Shadows, #1)","https://www.goodreads.com/book/show/25776664-the-apprentice-s-quest","https://i.gr-assets.com/images/S/compressed.photo.goodreads.com/books/1436968640l/25776664._SY75_.jpg"
"Thunder Rising","https://www.goodreads.com/book/show/15851920-thunder-rising","Hunter, Erin","https://www.goodreads.com/author/show/27498.Erin_Hunter","","0062063545","9780062063540","0062063545","357","pp","4.32","9,219","Nov 05, 2013","Dec 03, 2013","","0","https://www.goodreads.com/review/show/7128060411","0","https://www.goodreads.com/rating/voters/7128060411?resource_type=Review","1","not set","not set","Dec 28, 2024","Kindle Edition","","(Warriors: Dawn of the Clans, #2)","https://www.goodreads.com/book/show/15851920-thunder-rising","https://i.gr-assets.com/images/S/compressed.photo.goodreads.com/books/1364224608l/15851920._SY75_.jpg"
"Tallstar's Revenge","https://www.goodreads.com/book/show/18911687-tallstar-s-revenge","Hunter, Erin","https://www.goodreads.com/author/show/27498.Erin_Hunter","","","","B0DWV5WM91","549","pp","4.48","8,975","Jan 01, 2013","Jul 02, 2013","","0","https://www.goodreads.com/review/show/7128060263","0","https://www.goodreads.com/rating/voters/7128060263?resource_type=Review","1","not set","not set","Dec 28, 2024","ebook","","(Warriors Super Edition, #6)","https://www.goodreads.com/book/show/18911687-tallstar-s-revenge","https://i.gr-assets.com/images/S/compressed.photo.goodreads.com/books/1385235297l/18911687._SY75_.jpg"
"The Rise of Scourge","https://www.goodreads.com/book/show/2083991.The_Rise_of_Scourge","Hunter, Erin","https://www.goodreads.com/author/show/27498.Erin_Hunter","","0061478679","9780061478673","0061478679","85","pp","4.29","10,344","Jul 01, 2008","Jul 01, 2008","","0","https://www.goodreads.com/review/show/7128060116","0","https://www.goodreads.com/rating/voters/7128060116?resource_type=Review","1","not set","not set","Dec 28, 2024","Paperback","","","https://www.goodreads.com/book/show/2083991.The_Rise_of_Scourge","https://i.gr-assets.com/images/S/compressed.photo.goodreads.com/books/1388201260l/2083991._SY75_.jpg"
"Warriors: Cats of the Clans","https://www.goodreads.com/book/show/2257948.Warriors","Hunter, Erin","https://www.goodreads.com/author/show/27498.Erin_Hunter","","0061458562","9780061458569","0061458562","90","pp","4.21","10,008","Jun 24, 2008","Jun 24, 2008","","0","https://www.goodreads.com/review/show/7128060011","0","https://www.goodreads.com/rating/voters/7128060011?resource_type=Review","1","not set","not set","Dec 28, 2024","Hardcover","","(Warriors: Field Guide, #2)","https://www.goodreads.com/book/show/2257948.Warriors","https://i.gr-assets.com/images/S/compressed.photo.goodreads.com/books/1348887338l/2257948._SX50_.jpg"
"Warriors: Secrets of the Clans","https://www.goodreads.com/book/show/326911.Warriors","Hunter, Erin","https://www.goodreads.com/author/show/27498.Erin_Hunter","","0061239038","9780061239038","0061239038","168","pp","4.17","11,115","May 29, 2007","May 29, 2007","","0","https://www.goodreads.com/review/show/7128059823","0","https://www.goodreads.com/rating/voters/7128059823?resource_type=Review","1","not set","not set","Dec 28, 2024","Hardcover","","","https://www.goodreads.com/book/show/326911.Warriors","https://i.gr-assets.com/images/S/compressed.photo.goodreads.com/books/1363489430l/326911._SX50_.jpg"
"Yellowfang's Secret","https://www.goodreads.com/book/show/13574415-yellowfang-s-secret","Hunter, Erin","https://www.goodreads.com/author/show/27498.Erin_Hunter","","0062082140","9780062082145","0062082140","528","pp","4.48","11,743","Oct 09, 2012","Oct 09, 2012","","0","https://www.goodreads.com/review/show/7128059683","0","https://www.goodreads.com/rating/voters/7128059683?resource_type=Review","1","not set","not set","Dec 28, 2024","Hardcover","","(Warriors Super Edition, #5)","https://www.goodreads.com/book/show/13574415-yellowfang-s-secret","https://i.gr-assets.com/images/S/compressed.photo.goodreads.com/books/1333383294l/13574415._SY75_.jpg"
"The Quest Begins","https://www.goodreads.com/book/show/2257949.The_Quest_Begins","Hunter, Erin","https://www.goodreads.com/author/show/27498.Erin_Hunter","","0060871229","9780060871222","0060871229","320","pp","3.91","12,594","May 27, 2008","May 27, 2008","","0","https://www.goodreads.com/review/show/7128059559","0","https://www.goodreads.com/rating/voters/7128059559?resource_type=Review","1","not set","not set","Dec 28, 2024","Hardcover","","(Seekers, #1)","https://www.goodreads.com/book/show/2257949.The_Quest_Begins","https://i.gr-assets.com/images/S/compressed.photo.goodreads.com/books/1266677517l/2257949._SY75_.jpg"
"SkyClan's Destiny","https://www.goodreads.com/book/show/6953778-skyclan-s-destiny","Hunter, Erin","https://www.goodreads.com/author/show/27498.Erin_Hunter","","0061699942","9780061699948","0061699942","462","pp","4.24","13,386","Aug 03, 2010","Aug 03, 2010","","0","https://www.goodreads.com/review/show/7128059423","0","https://www.goodreads.com/rating/voters/7128059423?resource_type=Review","1","not set","not set","Dec 28, 2024","Hardcover","","(Warriors Super Edition, #3)","https://www.goodreads.com/book/show/6953778-skyclan-s-destiny","https://i.gr-assets.com/images/S/compressed.photo.goodreads.com/books/1259442980l/6953778._SX50_.jpg"
"The Sun Trail","https://www.goodreads.com/book/show/15768989-the-sun-trail","Hunter, Erin","https://www.goodreads.com/author/show/27498.Erin_Hunter","","0062063464","9780062063465","0062063464","313","pp","4.28","13,950","Mar 05, 2013","Mar 05, 2013","","0","https://www.goodreads.com/review/show/7128059287","0","https://www.goodreads.com/rating/voters/7128059287?resource_type=Review","1","not set","not set","Dec 28, 2024","Hardcover","","(Warriors: Dawn of the Clans, #1)","https://www.goodreads.com/book/show/15768989-the-sun-trail","https://i.gr-assets.com/images/S/compressed.photo.goodreads.com/books/1350651402l/15768989._SY75_.jpg"
"Crookedstar's Promise","https://www.goodreads.com/book/show/9487114-crookedstar-s-promise","Hunter, Erin","https://www.goodreads.com/author/show/27498.Erin_Hunter","","0061980978","9780061980978","B00A7L6IJO","491","pp","4.56","13,524","Jul 05, 2011","Jul 05, 2011","","0","https://www.goodreads.com/review/show/7128059182","0","https://www.goodreads.com/rating/voters/7128059182?resource_type=Review","1","not set","not set","Dec 28, 2024","Hardcover","","(Warriors Super Edition, #4)","https://www.goodreads.com/book/show/9487114-crookedstar-s-promise","https://i.gr-assets.com/images/S/compressed.photo.goodreads.com/books/1347453481l/9487114._SY75_.jpg"
"The Forgotten Warrior","https://www.goodreads.com/book/show/7124925-the-forgotten-warrior","Hunter, Erin","https://www.goodreads.com/author/show/27498.Erin_Hunter","","0061555223","9780061555220","0061555223","368","pp","4.42","15,158","Nov 22, 2011","Nov 22, 2011","","0","https://www.goodreads.com/review/show/7128059074","0","https://www.goodreads.com/rating/voters/7128059074?resource_type=Review","1","not set","not set","Dec 28, 2024","Hardcover","","(Warriors: Omen of the Stars, #5)","https://www.goodreads.com/book/show/7124925-the-forgotten-warrior","https://i.gr-assets.com/images/S/compressed.photo.goodreads.com/books/1298748957l/7124925._SX50_.jpg"
"Sign of the Moon","https://www.goodreads.com/book/show/8485458-sign-of-the-moon","Hunter, Erin","https://www.goodreads.com/author/show/27498.Erin_Hunter","","0061555185","9780061555183","0061555185","289","pp","4.31","15,646","Mar 17, 2011","Apr 05, 2011","","0","https://www.goodreads.com/review/show/7128058920","0","https://www.goodreads.com/rating/voters/7128058920?resource_type=Review","1","not set","not set","Dec 28, 2024","Hardcover","","(Warriors: Omen of the Stars, #4)","https://www.goodreads.com/book/show/8485458-sign-of-the-moon","https://i.gr-assets.com/images/S/compressed.photo.goodreads.com/books/1279932743l/8485458._SY75_.jpg"
"Night Whispers","https://www.goodreads.com/book/show/7217724-night-whispers","Hunter, Erin","https://www.goodreads.com/author/show/27498.Erin_Hunter","","0061555169","9780061555169","0061555169","352","pp","4.33","16,323","Nov 23, 2010","Nov 23, 2010","","0","https://www.goodreads.com/review/show/7128058747","0","https://www.goodreads.com/rating/voters/7128058747?resource_type=Review","1","not set","not set","Dec 28, 2024","Hardcover","","(Warriors: Omen of the Stars, #3)","https://www.goodreads.com/book/show/7217724-night-whispers","https://i.gr-assets.com/images/S/compressed.photo.goodreads.com/books/1348307249l/7217724._SY75_.jpg"
"The Last Hope","https://www.goodreads.com/book/show/7124921-the-last-hope","Hunter, Erin","https://www.goodreads.com/author/show/27498.Erin_Hunter","","0061555282","9780061555282","0061555282","384","pp","4.56","16,166","Apr 02, 2013","Apr 03, 2012","","0","https://www.goodreads.com/review/show/7128058621","0","https://www.goodreads.com/rating/voters/7128058621?resource_type=Review","1","not set","not set","Dec 28, 2024","Hardcover","","(Warriors: Omen of the Stars, #6)","https://www.goodreads.com/book/show/7124921-the-last-hope","https://i.gr-assets.com/images/S/compressed.photo.goodreads.com/books/1310940206l/7124921._SX50_.jpg"
"Fading Echoes","https://www.goodreads.com/book/show/6547563-fading-echoes","Hunter, Erin","https://www.goodreads.com/author/show/27498.Erin_Hunter","","0061555126","9780061555121","0061555126","352","pp","4.33","17,782","Mar 22, 2010","Mar 23, 2010","","0","https://www.goodreads.com/review/show/7128058495","0","https://www.goodreads.com/rating/voters/7128058495?resource_type=Review","1","not set","not set","Dec 28, 2024","Hardcover","","(Warriors: Omen of the Stars, #2)","https://www.goodreads.com/book/show/6547563-fading-echoes","https://i.gr-assets.com/images/S/compressed.photo.goodreads.com/books/1255628002l/6547563._SY75_.jpg"
"Bluestar's Prophecy","https://www.goodreads.com/book/show/6249762-bluestar-s-prophecy","Hunter, Erin","https://www.goodreads.com/author/show/27498.Erin_Hunter","","0061582476","9780061582479","0061582476","516","pp","4.53","20,558","2008","Jul 28, 2009","","0","https://www.goodreads.com/review/show/7128058379","0","https://www.goodreads.com/rating/voters/7128058379?resource_type=Review","1","not set","not set","Dec 28, 2024","Hardcover","","(Warriors Super Edition, #2)","https://www.goodreads.com/book/show/6249762-bluestar-s-prophecy","https://i.gr-assets.com/images/S/compressed.photo.goodreads.com/books/1436587168l/6249762._SX50_.jpg"
"The Fourth Apprentice","https://www.goodreads.com/book/show/6249757-the-fourth-apprentice","Hunter, Erin","https://www.goodreads.com/author/show/27498.Erin_Hunter","","0061555096","9780061555091","0061555096","302","pp","4.31","21,529","Jul 12, 2009","Nov 24, 2009","","0","https://www.goodreads.com/review/show/7128058242","0","https://www.goodreads.com/rating/voters/7128058242?resource_type=Review","1","not set","not set","Dec 28, 2024","Hardcover","","(Warriors: Omen of the Stars, #1)","https://www.goodreads.com/book/show/6249757-the-fourth-apprentice","https://i.gr-assets.com/images/S/compressed.photo.goodreads.com/books/1348294633l/6249757._SX50_.jpg"
"Long Shadows","https://www.goodreads.com/book/show/3342493-long-shadows","Hunter, Erin","https://www.goodreads.com/author/show/27498.Erin_Hunter","","0060892145","9780060892142","0060892145","316","pp","4.31","22,385","Nov 25, 2008","Nov 25, 2008","","0","https://www.goodreads.com/review/show/7128058149","0","https://www.goodreads.com/rating/voters/7128058149?resource_type=Review","1","not set","not set","Dec 28, 2024","Hardcover","","(Warriors: Power of Three, #5)","https://www.goodreads.com/book/show/3342493-long-shadows","https://i.gr-assets.com/images/S/compressed.photo.goodreads.com/books/1347679568l/3342493._SY75_.jpg"
"Sunrise","https://www.goodreads.com/book/show/5269697-sunrise","Hunter, Erin","https://www.goodreads.com/author/show/27498.Erin_Hunter","","006089217X","9780060892173","006089217X","318","pp","4.36","22,690","Apr 09, 2009","Apr 21, 2009","","0","https://www.goodreads.com/review/show/7128058048","0","https://www.goodreads.com/rating/voters/7128058048?resource_type=Review","1","not set","not set","Dec 28, 2024","Hardcover","","(Warriors: Power of Three, #6)","https://www.goodreads.com/book/show/5269697-sunrise","https://i.gr-assets.com/images/S/compressed.photo.goodreads.com/books/1347684866l/5269697._SY75_.jpg"
"Eclipse","https://www.goodreads.com/book/show/2801577-eclipse","Hunter, Erin","https://www.goodreads.com/author/show/27498.Erin_Hunter","","0060892110","9780060892111","0060892110","336","pp","4.31","23,362","Aug 18, 2008","Sep 02, 2008","","0","https://www.goodreads.com/review/show/7128057907","0","https://www.goodreads.com/rating/voters/7128057907?resource_type=Review","1","not set","not set","Dec 28, 2024","Hardcover","","(Warriors: Power of Three, #4)","https://www.goodreads.com/book/show/2801577-eclipse","https://i.gr-assets.com/images/S/compressed.photo.goodreads.com/books/1347674193l/2801577._SY75_.jpg"
"Outcast","https://www.goodreads.com/book/show/2237117.Outcast","Hunter, Erin","https://www.goodreads.com/author/show/27498.Erin_Hunter","","0060892080","9780060892081","0060892080","352","pp","4.23","24,882","Apr 22, 2008","Apr 22, 2008","","0","https://www.goodreads.com/review/show/7128057784","0","https://www.goodreads.com/rating/voters/7128057784?resource_type=Review","1","not set","not set","Dec 28, 2024","Hardcover","","(Warriors: Power of Three, #3)","https://www.goodreads.com/book/show/2237117.Outcast","https://i.gr-assets.com/images/S/compressed.photo.goodreads.com/books/1388179395l/2237117._SX50_.jpg"
"Dark River","https://www.goodreads.com/book/show/1231511.Dark_River","Hunter, Erin","https://www.goodreads.com/author/show/27498.Erin_Hunter","","0060892056","9780060892050","0060892056","322","pp","4.28","26,177","Dec 26, 2007","Dec 26, 2007","","0","https://www.goodreads.com/review/show/7128057672","0","https://www.goodreads.com/rating/voters/7128057672?resource_type=Review","1","not set","not set","Dec 28, 2024","Hardcover","","(Warriors: Power of Three, #2)","https://www.goodreads.com/book/show/1231511.Dark_River","https://i.gr-assets.com/images/S/compressed.photo.goodreads.com/books/1363489306l/1231511._SY75_.jpg"
"Twilight","https://www.goodreads.com/book/show/252938.Twilight","Hunter, Erin","https://www.goodreads.com/author/show/27498.Erin_Hunter","","0060827645","9780060827649","0060827645","320","pp","4.31","31,101","Aug 22, 2006","Aug 22, 2006","","0","https://www.goodreads.com/review/show/7128057518","0","https://www.goodreads.com/rating/voters/7128057518?resource_type=Review","1","not set","not set","Dec 28, 2024","Hardcover","","(Warriors: The New Prophecy, #5)","https://www.goodreads.com/book/show/252938.Twilight","https://i.gr-assets.com/images/S/compressed.photo.goodreads.com/books/1363786463l/252938._SX50_.jpg"
"Starlight","https://www.goodreads.com/book/show/273512.Starlight","Hunter, Erin","https://www.goodreads.com/author/show/27498.Erin_Hunter","","0060827629","9780060827625","B002XUM0Q2","321","pp","4.28","31,432","Apr 04, 2006","Mar 26, 2007","","0","https://www.goodreads.com/review/show/7128057421","0","https://www.goodreads.com/rating/voters/7128057421?resource_type=Review","1","not set","not set","Dec 28, 2024","Paperback","","(Warriors: The New Prophecy, #4)","https://www.goodreads.com/book/show/273512.Starlight","https://i.gr-assets.com/images/S/compressed.photo.goodreads.com/books/1392456105l/273512._SY75_.jpg"
"The Sight","https://www.goodreads.com/book/show/197457.The_Sight","Hunter, Erin","https://www.goodreads.com/author/show/27498.Erin_Hunter","","0060892013","9780060892012","0060892013","363","pp","4.31","31,977","Apr 24, 2007","Apr 24, 2007","","0","https://www.goodreads.com/review/show/7128057334","0","https://www.goodreads.com/rating/voters/7128057334?resource_type=Review","1","not set","not set","Dec 28, 2024","Hardcover","","(Warriors: Power of Three, #1)","https://www.goodreads.com/book/show/197457.The_Sight","https://i.gr-assets.com/images/S/compressed.photo.goodreads.com/books/1363489119l/197457._SY75_.jpg"
"Sunset","https://www.goodreads.com/book/show/197459.Sunset","Hunter, Erin","https://www.goodreads.com/author/show/27498.Erin_Hunter","","0060827696","9780060827694","0060827696","304","pp","4.37","38,069","Dec 12, 2006","2007","","0","https://www.goodreads.com/review/show/7128057205","0","https://www.goodreads.com/rating/voters/7128057205?resource_type=Review","1","not set","not set","Dec 28, 2024","Hardcover","","(Warriors: The New Prophecy, #6)","https://www.goodreads.com/book/show/197459.Sunset","https://i.gr-assets.com/images/S/compressed.photo.goodreads.com/books/1363488668l/197459._SY75_.jpg"
"Dawn","https://www.goodreads.com/book/show/111021.Dawn","Hunter, Erin","https://www.goodreads.com/author/show/27498.Erin_Hunter","","006074457X","9780060744571","006074457X","335","pp","4.31","39,088","Dec 27, 2005","Nov 14, 2006","","0","https://www.goodreads.com/review/show/7128057112","0","https://www.goodreads.com/rating/voters/7128057112?resource_type=Review","1","not set","not set","Dec 28, 2024","Paperback","","(Warriors: The New Prophecy, #3)","https://www.goodreads.com/book/show/111021.Dawn","https://i.gr-assets.com/images/S/compressed.photo.goodreads.com/books/1399845896l/111021._SY75_.jpg"
"Moonrise","https://www.goodreads.com/book/show/296942.Moonrise","Hunter, Erin","https://www.goodreads.com/author/show/27498.Erin_Hunter","","0060744545","9780060744540","0060744545","287","pp","4.29","42,351","Jul 25, 2005","Jul 25, 2006","","0","https://www.goodreads.com/review/show/7128057034","0","https://www.goodreads.com/rating/voters/7128057034?resource_type=Review","1","not set","not set","Dec 28, 2024","Paperback","","(Warriors: The New Prophecy, #2)","https://www.goodreads.com/book/show/296942.Moonrise","https://i.gr-assets.com/images/S/compressed.photo.goodreads.com/books/1399845893l/296942._SX50_.jpg"
"Midnight","https://www.goodreads.com/book/show/273511.Midnight","Hunter, Erin","https://www.goodreads.com/author/show/27498.Erin_Hunter","","0060744510","9780060744519","0060744510","303","pp","4.26","49,872","May 10, 2005","Apr 04, 2006","","0","https://www.goodreads.com/review/show/7128056892","0","https://www.goodreads.com/rating/voters/7128056892?resource_type=Review","1","not set","not set","Dec 28, 2024","Paperback","","(Warriors: The New Prophecy, #1)","https://www.goodreads.com/book/show/273511.Midnight","https://i.gr-assets.com/images/S/compressed.photo.goodreads.com/books/1430055546l/273511._SY75_.jpg"
"The Darkest Hour","https://www.goodreads.com/book/show/49006.The_Darkest_Hour","Hunter, Erin","https://www.goodreads.com/author/show/27498.Erin_Hunter","","0060525851","9780060525859","B008KUL2RW","315","pp","4.54","60,609","Oct 05, 2004","","","0","https://www.goodreads.com/review/show/7128055937","0","https://www.goodreads.com/rating/voters/7128055937?resource_type=Review","1","unknown","not set","Dec 28, 2024","Paperback","Dec 27, 2013","(Warriors, #6)","https://www.goodreads.com/book/show/49006.The_Darkest_Hour","https://i.gr-assets.com/images/S/compressed.photo.goodreads.com/books/1386924432l/49006._SX50_.jpg"
"A Dangerous Path","https://www.goodreads.com/book/show/336245.A_Dangerous_Path","Hunter, Erin","https://www.goodreads.com/author/show/27498.Erin_Hunter","","0060525657","9780060525651","B00BG752PO","313","pp","4.45","59,218","Jun 01, 2004","May 24, 2005","","0","https://www.goodreads.com/review/show/7128055021","0","https://www.goodreads.com/rating/voters/7128055021?resource_type=Review","1","not set","","Dec 28, 2024","Paperback","","(Warriors, #5)","https://www.goodreads.com/book/show/336245.A_Dangerous_Path","https://i.gr-assets.com/images/S/compressed.photo.goodreads.com/books/1388189622l/336245._SX50_.jpg"
"Rising Storm","https://www.goodreads.com/book/show/295086.Rising_Storm","Hunter, Erin","https://www.goodreads.com/author/show/27498.Erin_Hunter","","0060525630","9780060525637","0060525630","315","pp","4.40","62,028","Jan 06, 2004","Feb 15, 2005","","0","https://www.goodreads.com/review/show/7128054364","0","https://www.goodreads.com/rating/voters/7128054364?resource_type=Review","1","not set","","Dec 28, 2024","Paperback","Dec 27, 2013","(Warriors, #4)","https://www.goodreads.com/book/show/295086.Rising_Storm","https://i.gr-assets.com/images/S/compressed.photo.goodreads.com/books/1388189624l/295086._SX50_.jpg"
"Forest of Secrets","https://www.goodreads.com/book/show/831194.Forest_of_Secrets","Hunter, Erin","https://www.goodreads.com/author/show/27498.Erin_Hunter","","0060525614","9780060525613","0060525614","312","pp","4.42","68,358","Oct 14, 2003","Oct 05, 2004","","0","https://www.goodreads.com/review/show/7128053758","0","https://www.goodreads.com/rating/voters/7128053758?resource_type=Review","1","not set","","Dec 28, 2024","Paperback","Dec 27, 2013","(Warriors, #3)","https://www.goodreads.com/book/show/831194.Forest_of_Secrets","https://i.gr-assets.com/images/S/compressed.photo.goodreads.com/books/1388198807l/831194._SX50_.jpg"
"Fire and Ice","https://www.goodreads.com/book/show/275000.Fire_and_Ice","Hunter, Erin","https://www.goodreads.com/author/show/27498.Erin_Hunter","","0060525592","9780060525590","0060525592","317","pp","4.35","75,447","May 27, 2003","Jun 01, 2004","","0","https://www.goodreads.com/review/show/7128053259","0","https://www.goodreads.com/rating/voters/7128053259?resource_type=Review","1","not set","","Dec 28, 2024","Paperback","Dec 27, 2013","(Warriors, #2)","https://www.goodreads.com/book/show/275000.Fire_and_Ice","https://i.gr-assets.com/images/S/compressed.photo.goodreads.com/books/1386924381l/275000._SX50_.jpg"
"Into the Wild","https://www.goodreads.com/book/show/111332.Into_the_Wild","Hunter, Erin","https://www.goodreads.com/author/show/27498.Erin_Hunter","","0061284203","9780061284205","0061284203","288","pp","4.32","127,817","Jan 09, 2003","Jan 06, 2004","","0","https://www.goodreads.com/review/show/7128052669","0","https://www.goodreads.com/rating/voters/7128052669?resource_type=Review","1","not set","","Dec 28, 2024","Paperback","Dec 27, 2013","(Warriors, #1)","https://www.goodreads.com/book/show/111332.Into_the_Wild","https://i.gr-assets.com/images/S/compressed.photo.goodreads.com/books/1327994729l/111332._SX50_.jpg"
"We'll Always Have Summer","https://www.goodreads.com/book/show/8680278-we-ll-always-have-summer","Han, Jenny","https://www.goodreads.com/author/show/151371.Jenny_Han","*","1416995587","9781416995586","1416995587","291","pp","3.77","705,109","Apr 26, 2011","Apr 26, 2011","","0","https://www.goodreads.com/review/show/7128048922","0","https://www.goodreads.com/rating/voters/7128048922?resource_type=Review","3","not set","not set","Dec 28, 2024","Hardcover","Jun 27, 2020","(Summer, #3)","https://www.goodreads.com/book/show/8680278-we-ll-always-have-summer","https://i.gr-assets.com/images/S/compressed.photo.goodreads.com/books/1327054226l/8680278._SY75_.jpg"
"It's Not Summer Without You","https://www.goodreads.com/book/show/6584188-it-s-not-summer-without-you","Han, Jenny","https://www.goodreads.com/author/show/151371.Jenny_Han","*","1416995552","9781416995555","1416995552","275","pp","3.73","768,988","Apr 27, 2010","Apr 27, 2010","","0","https://www.goodreads.com/review/show/7128046923","0","https://www.goodreads.com/rating/voters/7128046923?resource_type=Review","4","not set","not set","Dec 28, 2024","Hardcover","Jun 27, 2022","(Summer, #2)","https://www.goodreads.com/book/show/6584188-it-s-not-summer-without-you","https://i.gr-assets.com/images/S/compressed.photo.goodreads.com/books/1479864019l/6584188._SY75_.jpg"
"The Summer I Turned Pretty","https://www.goodreads.com/book/show/5821978-the-summer-i-turned-pretty","Han, Jenny","https://www.goodreads.com/author/show/151371.Jenny_Han","*","1416968237","9781416968238","1416968237","276","pp","3.73","1,203,877","May 05, 2009","May 05, 2009","","0","https://www.goodreads.com/review/show/7128044100","0","https://www.goodreads.com/rating/voters/7128044100?resource_type=Review","4","not set","not set","Dec 28, 2024","Hardcover","Jun 27, 2022","(Summer, #1)","https://www.goodreads.com/book/show/5821978-the-summer-i-turned-pretty","https://i.gr-assets.com/images/S/compressed.photo.goodreads.com/books/1361666855l/5821978._SY75_.jpg"
"Always and Forever, Lara Jean","https://www.goodreads.com/book/show/35247769-always-and-forever-lara-jean","Han, Jenny","https://www.goodreads.com/author/show/151371.Jenny_Han","*","1481430483","9781481430487","1481430483","325","pp","3.99","299,617","May 02, 2017","May 02, 2017","","0","https://www.goodreads.com/review/show/7128033592","0","https://www.goodreads.com/rating/voters/7128033592?resource_type=Review","1","not set","","Dec 28, 2024","Hardcover","Dec 27, 2019","(To All the Boys I've Loved Before, #3)","https://www.goodreads.com/book/show/35247769-always-and-forever-lara-jean","https://i.gr-assets.com/images/S/compressed.photo.goodreads.com/books/1495992139l/35247769._SY75_.jpg"
"The Covenant of Water","https://www.goodreads.com/book/show/180357146-the-covenant-of-water","Verghese, Abraham","https://www.goodreads.com/author/show/93353.Abraham_Verghese","*","0802162177","9780802162175","0802162177","715","pp","4.40","352,539","May 02, 2023","May 06, 2025","it was amazing","0","https://www.goodreads.com/review/show/7119594007","0","https://www.goodreads.com/rating/voters/7119594007?resource_type=Review","1","","","Dec 25, 2024","Paperback","Jan 22, 2025","","https://www.goodreads.com/book/show/180357146-the-covenant-of-water","https://i.gr-assets.com/images/S/compressed.photo.goodreads.com/books/1687600746l/180357146._SX50_.jpg"
"The City and Its Uncertain Walls","https://www.goodreads.com/book/show/209192695-the-city-and-its-uncertain-walls","Murakami, Haruki","https://www.goodreads.com/author/show/3354.Haruki_Murakami","","0593801970","9780593801970","0593801970","449","pp","3.73","48,777","Apr 13, 2023","Nov 19, 2024","liked it","0","https://www.goodreads.com/review/show/7119589468","0","https://www.goodreads.com/rating/voters/7119589468?resource_type=Review","1","not set","not set","Dec 25, 2024","Hardcover","","","https://www.goodreads.com/book/show/209192695-the-city-and-its-uncertain-walls","https://i.gr-assets.com/images/S/compressed.photo.goodreads.com/books/1709742028l/209192695._SX50_.jpg"
"Special Topics in Calamity Physics","https://www.goodreads.com/book/show/3483.Special_Topics_in_Calamity_Physics","Pessl, Marisha","https://www.goodreads.com/author/show/2362.Marisha_Pessl","*","067003777X","9780670037773","067003777X","514","pp","3.70","49,503","Aug 03, 2006","Aug 03, 2006","liked it","0","https://www.goodreads.com/review/show/7106388537","0","https://www.goodreads.com/rating/voters/7106388537?resource_type=Review","1","","","Dec 21, 2024","Hardcover","Dec 23, 2024","","https://www.goodreads.com/book/show/3483.Special_Topics_in_Calamity_Physics","https://i.gr-assets.com/images/S/compressed.photo.goodreads.com/books/1442699779l/3483._SY75_.jpg"
"Sandwich","https://www.goodreads.com/book/show/200028726-sandwich","Newman, Catherine","https://www.goodreads.com/author/show/103300.Catherine_Newman","*","0063345161","9780063345164","0063345161","229","pp","3.53","236,624","Jun 18, 2024","Jun 18, 2024","liked it","0","https://www.goodreads.com/review/show/7089677746","0","https://www.goodreads.com/rating/voters/7089677746?resource_type=Review","1","","","Dec 16, 2024","Hardcover","Dec 23, 2024","","https://www.goodreads.com/book/show/200028726-sandwich","https://i.gr-assets.com/images/S/compressed.photo.goodreads.com/books/1699631079l/200028726._SY75_.jpg"
"Butter","https://www.goodreads.com/book/show/200776812-butter","Yuzuki, Asako","https://www.goodreads.com/author/show/14071697.Asako_Yuzuki","","0063236400","9780063236400","0063236400","464","pp","3.43","158,335","Apr 21, 2017","Apr 16, 2024","really liked it","0","https://www.goodreads.com/review/show/7004268201","0","https://www.goodreads.com/rating/voters/7004268201?resource_type=Review","1","","","Nov 14, 2024","Hardcover","Dec 11, 2024","","https://www.goodreads.com/book/show/200776812-butter","https://i.gr-assets.com/images/S/compressed.photo.goodreads.com/books/1698348373l/200776812._SY75_.jpg"
"Martyr!","https://www.goodreads.com/book/show/139400713-martyr","Akbar, Kaveh","https://www.goodreads.com/author/show/15957484.Kaveh_Akbar","","0593537610","9780593537619","0593537610","332","pp","4.14","223,923","Jan 23, 2024","Jan 23, 2024","it was amazing","0","https://www.goodreads.com/review/show/7000821578","0","https://www.goodreads.com/rating/voters/7000821578?resource_type=Review","1","","","Nov 12, 2024","Hardcover","Dec 23, 2024","","https://www.goodreads.com/book/show/139400713-martyr","https://i.gr-assets.com/images/S/compressed.photo.goodreads.com/books/1683818219l/139400713._SX50_.jpg"
"To the Lighthouse","https://www.goodreads.com/book/show/59716.To_the_Lighthouse","Woolf, Virginia","https://www.goodreads.com/author/show/6765.Virginia_Woolf","","","","B0FSL1NXP1","209","pp","3.81","226,461","May 05, 1927","Dec 27, 1989","really liked it","0","https://www.goodreads.com/review/show/6973659324","1","https://www.goodreads.com/rating/voters/6973659324?resource_type=Review","1","","","Nov 02, 2024","Paperback","Dec 27, 2024","","https://www.goodreads.com/book/show/59716.To_the_Lighthouse","https://i.gr-assets.com/images/S/compressed.photo.goodreads.com/books/1639106809l/59716._SY75_.jpg"
"The Moral Animal: Why We Are the Way We Are - The New Science of Evolutionary Psychology","https://www.goodreads.com/book/show/681941.The_Moral_Animal","Wright, Robert","https://www.goodreads.com/author/show/57798.Robert_Wright","","0679763996","9780679763994","0679763996","496","pp","4.08","12,191","1994","Aug 29, 1995","really liked it","0","https://www.goodreads.com/review/show/6925740338","0","https://www.goodreads.com/rating/voters/6925740338?resource_type=Review","1","","","Oct 14, 2024","Paperback","Jan 16, 2025","","https://www.goodreads.com/book/show/681941.The_Moral_Animal","https://i.gr-assets.com/images/S/compressed.photo.goodreads.com/books/1430864612l/681941._SY75_.jpg"
"Nox","https://www.goodreads.com/book/show/7428663-nox","Carson, Anne","https://www.goodreads.com/author/show/34336.Anne_Carson","","0811218708","9780811218702","0811218708","192","pp","4.37","4,204","Apr 01, 2010","Apr 01, 2010","it was amazing","0","https://www.goodreads.com/review/show/6921163800","0","https://www.goodreads.com/rating/voters/6921163800?resource_type=Review","1","not set","","Oct 12, 2024","Hardcover","Oct 23, 2024","","https://www.goodreads.com/book/show/7428663-nox","https://i.gr-assets.com/images/S/compressed.photo.goodreads.com/books/1348907960l/7428663._SY75_.jpg"
"Hamlet","https://www.goodreads.com/book/show/1420.Hamlet","Shakespeare, William","https://www.goodreads.com/author/show/947.William_Shakespeare","","0521618746","9780521618748","0521618746","289","pp","4.03","1,091,620","1601","Dec 19, 2005","really liked it","0","https://www.goodreads.com/review/show/6921163376","0","https://www.goodreads.com/rating/voters/6921163376?resource_type=Review","1","","","Oct 12, 2024","Paperback","Sep 07, 2024","","https://www.goodreads.com/book/show/1420.Hamlet","https://i.gr-assets.com/images/S/compressed.photo.goodreads.com/books/1351051208l/1420._SY75_.jpg"
"The Berry Pickers","https://www.goodreads.com/book/show/123036004-the-berry-pickers","Peters, Amanda","https://www.goodreads.com/author/show/29566882.Amanda_Peters","*","1646221958","9781646221950","1646221958","307","pp","4.07","368,547","Apr 04, 2023","Oct 31, 2023","liked it","0","https://www.goodreads.com/review/show/6905959916","1","https://www.goodreads.com/rating/voters/6905959916?resource_type=Review","1","","","Oct 06, 2024","Hardcover","Oct 04, 2024","","https://www.goodreads.com/book/show/123036004-the-berry-pickers","https://i.gr-assets.com/images/S/compressed.photo.goodreads.com/books/1677605623l/123036004._SX50_.jpg"
"The Virgin Suicides","https://www.goodreads.com/book/show/10956.The_Virgin_Suicides","Eugenides, Jeffrey","https://www.goodreads.com/author/show/1467.Jeffrey_Eugenides","","0747560595","9780747560593","0747560595","250","pp","3.78","441,680","1993","2002","it was ok","0","https://www.goodreads.com/review/show/6894508248","0","https://www.goodreads.com/rating/voters/6894508248?resource_type=Review","1","","","Oct 01, 2024","Paperback","Dec 2024","","https://www.goodreads.com/book/show/10956.The_Virgin_Suicides","https://i.gr-assets.com/images/S/compressed.photo.goodreads.com/books/1319032910l/10956._SY75_.jpg"
"When Breath Becomes Air","https://www.goodreads.com/book/show/25899336-when-breath-becomes-air","Kalanithi, Paul","https://www.goodreads.com/author/show/14031444.Paul_Kalanithi","","0812988418","9780812988413","B00XSSYR50","208","pp","4.41","854,287","Jan 12, 2016","Jan 12, 2016","it was amazing","0","https://www.goodreads.com/review/show/6882703967","0","https://www.goodreads.com/rating/voters/6882703967?resource_type=Review","1","","","Sep 27, 2024","Kindle Edition","Jan 08, 2025","","https://www.goodreads.com/book/show/25899336-when-breath-becomes-air","https://i.gr-assets.com/images/S/compressed.photo.goodreads.com/books/1492677644l/25899336._SX50_.jpg"
"Autumn","https://www.goodreads.com/book/show/28446947-autumn","Smith, Ali","https://www.goodreads.com/author/show/68992.Ali_Smith","","0241207002","9780241207000","0241207002","264","pp","3.65","83,990","Oct 20, 2016","Oct 20, 2016","it was ok","0","https://www.goodreads.com/review/show/6874801843","0","https://www.goodreads.com/rating/voters/6874801843?resource_type=Review","1","","","Sep 24, 2024","Hardcover","Nov 30, 2024","(Seasonal Quartet, #1)","https://www.goodreads.com/book/show/28446947-autumn","https://i.gr-assets.com/images/S/compressed.photo.goodreads.com/books/1456560519l/28446947._SY75_.jpg"
"My Year of Rest and Relaxation","https://www.goodreads.com/book/show/44279110-my-year-of-rest-and-relaxation","Moshfegh, Ottessa","https://www.goodreads.com/author/show/3276202.Ottessa_Moshfegh","","0525522131","9780525522133","0525522131","289","pp","3.59","623,250","Jul 10, 2018","Jun 25, 2019","liked it","0","https://www.goodreads.com/review/show/6874800533","0","https://www.goodreads.com/rating/voters/6874800533?resource_type=Review","1","","","Sep 24, 2024","Paperback","Oct 26, 2024","","https://www.goodreads.com/book/show/44279110-my-year-of-rest-and-relaxation","https://i.gr-assets.com/images/S/compressed.photo.goodreads.com/books/1597676656l/44279110._SY75_.jpg"
"Bunny","https://www.goodreads.com/book/show/42815544-bunny","Awad, Mona","https://www.goodreads.com/author/show/7104825.Mona_Awad","*","0525559736","9780525559733","0525559736","307","pp","3.44","372,396","Jun 11, 2019","Jun 11, 2019","liked it","0","https://www.goodreads.com/review/show/6871106979","0","https://www.goodreads.com/rating/voters/6871106979?resource_type=Review","1","not set","","Sep 23, 2024","Hardcover","Oct 05, 2024","(Bunny, #1)","https://www.goodreads.com/book/show/42815544-bunny","https://i.gr-assets.com/images/S/compressed.photo.goodreads.com/books/1544742360l/42815544._SY75_.jpg"
"Blue Sisters","https://www.goodreads.com/book/show/195430687-blue-sisters","Mellors, Coco","https://www.goodreads.com/author/show/21373404.Coco_Mellors","*","0593723767","9780593723760","0593723767","352","pp","3.90","357,084","May 23, 2024","Sep 03, 2024","really liked it","0","https://www.goodreads.com/review/show/6862311991","0","https://www.goodreads.com/rating/voters/6862311991?resource_type=Review","1","","","Sep 20, 2024","Hardcover","Nov 30, 2024","","https://www.goodreads.com/book/show/195430687-blue-sisters","https://i.gr-assets.com/images/S/compressed.photo.goodreads.com/books/1726685281l/195430687._SY75_.jpg"
"Thirst for Salt","https://www.goodreads.com/book/show/61340225-thirst-for-salt","Lucas, Madelaine","https://www.goodreads.com/author/show/17542316.Madelaine_Lucas","","1953534651","9781953534651","1953534651","272","pp","3.78","11,359","Mar 07, 2023","Mar 07, 2023","really liked it","0","https://www.goodreads.com/review/show/6854031712","0","https://www.goodreads.com/rating/voters/6854031712?resource_type=Review","1","","","Sep 17, 2024","Paperback","Dec 20, 2024","","https://www.goodreads.com/book/show/61340225-thirst-for-salt","https://i.gr-assets.com/images/S/compressed.photo.goodreads.com/books/1671854311l/61340225._SY75_.jpg"
"If Not, Winter: Fragments of Sappho","https://www.goodreads.com/book/show/150253.If_Not_Winter","Sappho","https://www.goodreads.com/author/show/59712.Sappho","","1844080811","9781844080816","1844080811","397","pp","4.42","22,796","-550","2003","really liked it","0","https://www.goodreads.com/review/show/6847659882","0","https://www.goodreads.com/rating/voters/6847659882?resource_type=Review","2","not set","not set","Sep 14, 2024","Paperback","","","https://www.goodreads.com/book/show/150253.If_Not_Winter","https://i.gr-assets.com/images/S/compressed.photo.goodreads.com/books/1636657260l/150253._SY75_.jpg"
"I Who Have Never Known Men","https://www.goodreads.com/book/show/11996.I_Who_Have_Never_Known_Men","Harpman, Jacqueline","https://www.goodreads.com/author/show/7620.Jacqueline_Harpman","","0380731819","9780380731817","0380731819","206","pp","4.03","709,817","1995","Jul 01, 1998","it was ok","0","https://www.goodreads.com/review/show/6776857896","0","https://www.goodreads.com/rating/voters/6776857896?resource_type=Review","1","not set","","Aug 20, 2024","Mass Market Paperback","Sep 11, 2024","","https://www.goodreads.com/book/show/11996.I_Who_Have_Never_Known_Men","https://i.gr-assets.com/images/S/compressed.photo.goodreads.com/books/1636235968l/11996._SY75_.jpg"
"The Interestings","https://www.goodreads.com/book/show/15815333-the-interestings","Wolitzer, Meg","https://www.goodreads.com/author/show/113936.Meg_Wolitzer","","1594488398","9781594488399","1594488398","468","pp","3.60","125,683","Apr 09, 2013","Apr 09, 2013","really liked it","0","https://www.goodreads.com/review/show/6776775944","1","https://www.goodreads.com/rating/voters/6776775944?resource_type=Review","1","not set","","Aug 20, 2024","Hardcover","Sep 18, 2024","","https://www.goodreads.com/book/show/15815333-the-interestings","https://i.gr-assets.com/images/S/compressed.photo.goodreads.com/books/1451446889l/15815333._SY75_.jpg"
"The Rachel Incident","https://www.goodreads.com/book/show/63094957-the-rachel-incident","O'Donoghue, Caroline","https://www.goodreads.com/author/show/17126758.Caroline_O_Donoghue","*","0593535707","9780593535707","0593535707","304","pp","4.05","158,609","2023","Jun 27, 2023","really liked it","0","https://www.goodreads.com/review/show/6731491584","0","https://www.goodreads.com/rating/voters/6731491584?resource_type=Review","1","not set","","Aug 05, 2024","Hardcover","Aug 06, 2024","","https://www.goodreads.com/book/show/63094957-the-rachel-incident","https://i.gr-assets.com/images/S/compressed.photo.goodreads.com/books/1673198817l/63094957._SY75_.jpg"
"The Guest","https://www.goodreads.com/book/show/61986136-the-guest","Cline, Emma","https://www.goodreads.com/author/show/2926065.Emma_Cline","","0812998626","9780812998627","0812998626","304","pp","3.27","124,589","May 16, 2023","May 16, 2023","liked it","0","https://www.goodreads.com/review/show/6723300088","0","https://www.goodreads.com/rating/voters/6723300088?resource_type=Review","1","not set","","Aug 02, 2024","Hardcover","Aug 02, 2024","","https://www.goodreads.com/book/show/61986136-the-guest","https://i.gr-assets.com/images/S/compressed.photo.goodreads.com/books/1666574413l/61986136._SY75_.jpg"
"Norwegian Wood","https://www.goodreads.com/book/show/11297.Norwegian_Wood","Murakami, Haruki","https://www.goodreads.com/author/show/3354.Haruki_Murakami","","","","","296","pp","3.98","773,452","Sep 04, 1987","Sep 12, 2000","liked it","0","https://www.goodreads.com/review/show/6703306124","0","https://www.goodreads.com/rating/voters/6703306124?resource_type=Review","1","not set","","Jul 26, 2024","Paperback","Jul 25, 2024","","https://www.goodreads.com/book/show/11297.Norwegian_Wood","https://i.gr-assets.com/images/S/compressed.photo.goodreads.com/books/1713542603l/11297._SY75_.jpg"
"Cleopatra and Frankenstein","https://www.goodreads.com/book/show/57693262-cleopatra-and-frankenstein","Mellors, Coco","https://www.goodreads.com/author/show/21373404.Coco_Mellors","*","1635576814","9781635576818","1635576814","368","pp","3.67","263,675","Feb 15, 2022","Feb 08, 2022","really liked it","0","https://www.goodreads.com/review/show/6677939860","0","https://www.goodreads.com/rating/voters/6677939860?resource_type=Review","1","not set","","Jul 17, 2024","Paperback","Sep 21, 2024","","https://www.goodreads.com/book/show/57693262-cleopatra-and-frankenstein","https://i.gr-assets.com/images/S/compressed.photo.goodreads.com/books/1621624081l/57693262._SY75_.jpg"
"Piranesi","https://www.goodreads.com/book/show/50202953-piranesi","Clarke, Susanna","https://www.goodreads.com/author/show/8842.Susanna_Clarke","","","","","245","pp","4.20","581,833","Sep 15, 2020","Sep 15, 2020","it was ok","0","https://www.goodreads.com/review/show/6677919302","0","https://www.goodreads.com/rating/voters/6677919302?resource_type=Review","1","","","Jul 17, 2024","Hardcover","Jul 27, 2024","","https://www.goodreads.com/book/show/50202953-piranesi","https://i.gr-assets.com/images/S/compressed.photo.goodreads.com/books/1773750050l/50202953._SY75_.jpg"
"American Gods","https://www.goodreads.com/book/show/30165203-american-gods","Gaiman, Neil","https://www.goodreads.com/author/show/1221698.Neil_Gaiman","*","","","B004YW4L5K","635","pp","4.10","1,005,315","Jun 19, 2001","Jun 21, 2011","liked it","0","https://www.goodreads.com/review/show/6677900213","0","https://www.goodreads.com/rating/voters/6677900213?resource_type=Review","1","not set","","Jul 17, 2024","Kindle Edition","Aug 21, 2024","(American Gods, #1)","https://www.goodreads.com/book/show/30165203-american-gods","https://i.gr-assets.com/images/S/compressed.photo.goodreads.com/books/1462924585l/30165203._SY75_.jpg"
"The Bell Jar","https://www.goodreads.com/book/show/70015.The_Bell_Jar","Plath, Sylvia","https://www.goodreads.com/author/show/4379.Sylvia_Plath","","0553143840","9780553143843","0553143840","216","pp","4.04","1,317,462","Jan 14, 1963","1980","it was ok","0","https://www.goodreads.com/review/show/6646284267","0","https://www.goodreads.com/rating/voters/6646284267?resource_type=Review","1","","","Jul 06, 2024","Mass Market Paperback","Dec 24, 2024","","https://www.goodreads.com/book/show/70015.The_Bell_Jar","https://i.gr-assets.com/images/S/compressed.photo.goodreads.com/books/1788032783l/70015._SY75_.jpg"
"Normal People","https://www.goodreads.com/book/show/41057294-normal-people","Rooney, Sally","https://www.goodreads.com/author/show/15860970.Sally_Rooney","*","1984822179","9781984822178","1984822179","273","pp","3.81","2,002,211","Aug 28, 2018","Apr 16, 2019","liked it","0","https://www.goodreads.com/review/show/6587802675","0","https://www.goodreads.com/rating/voters/6587802675?resource_type=Review","1","","","Jun 15, 2024","Hardcover","Jun 27, 2024","","https://www.goodreads.com/book/show/41057294-normal-people","https://i.gr-assets.com/images/S/compressed.photo.goodreads.com/books/1571423190l/41057294._SY75_.jpg"
"An Instance of the Fingerpost","https://www.goodreads.com/book/show/15888.An_Instance_of_the_Fingerpost","Pears, Iain","https://www.goodreads.com/author/show/9833.Iain_Pears","","1573227951","9781573227957","1573227951","705","pp","3.94","27,833","1997","Apr 01, 2000","liked it","0","https://www.goodreads.com/review/show/6541005520","0","https://www.goodreads.com/rating/voters/6541005520?resource_type=Review","1","not set","","May 28, 2024","Paperback","Jul 08, 2024","","https://www.goodreads.com/book/show/15888.An_Instance_of_the_Fingerpost","https://i.gr-assets.com/images/S/compressed.photo.goodreads.com/books/1548147833l/15888._SY75_.jpg"
"Intermezzo","https://www.goodreads.com/book/show/208931300-intermezzo","Rooney, Sally","https://www.goodreads.com/author/show/15860970.Sally_Rooney","*","0374602638","9780374602635","0374602638","464","pp","3.78","407,916","Sep 24, 2024","Sep 24, 2024","it was amazing","0","https://www.goodreads.com/review/show/6537609076","0","https://www.goodreads.com/rating/voters/6537609076?resource_type=Review","1","","","May 27, 2024","Hardcover","Dec 29, 2024","","https://www.goodreads.com/book/show/208931300-intermezzo","https://i.gr-assets.com/images/S/compressed.photo.goodreads.com/books/1716387455l/208931300._SY75_.jpg"
"The Light of All That Falls","https://www.goodreads.com/book/show/36111098-the-light-of-all-that-falls","Islington, James","https://www.goodreads.com/author/show/8427407.James_Islington","*","","9780356507835","0356507831","864","pp","4.40","48,193","Dec 10, 2019","Dec 12, 2019","it was amazing","0","https://www.goodreads.com/review/show/6510156459","0","https://www.goodreads.com/rating/voters/6510156459?resource_type=Review","1","not set","","May 16, 2024","ebook","May 20, 2024","(The Licanius Trilogy, #3)","https://www.goodreads.com/book/show/36111098-the-light-of-all-that-falls","https://i.gr-assets.com/images/S/compressed.photo.goodreads.com/books/1506350738l/36111098._SY75_.jpg"
"Exhalation","https://www.goodreads.com/book/show/41160292-exhalation","Chiang, Ted","https://www.goodreads.com/author/show/130698.Ted_Chiang","","","","B0DWTQM8GW","368","pp","4.27","118,554","May 07, 2019","May 07, 2019","really liked it","0","https://www.goodreads.com/review/show/6502205677","0","https://www.goodreads.com/rating/voters/6502205677?resource_type=Review","1","not set","","May 13, 2024","ebook","May 27, 2024","","https://www.goodreads.com/book/show/41160292-exhalation","https://i.gr-assets.com/images/S/compressed.photo.goodreads.com/books/1534388394l/41160292._SX50_.jpg"
"An Echo of Things to Come","https://www.goodreads.com/book/show/32498052-an-echo-of-things-to-come","Islington, James","https://www.goodreads.com/author/show/8427407.James_Islington","*","0316274119","9780316274111","0316274119","752","pp","4.20","61,447","Aug 24, 2017","Aug 22, 2017","really liked it","0","https://www.goodreads.com/review/show/6491019978","0","https://www.goodreads.com/rating/voters/6491019978?resource_type=Review","1","not set","","May 08, 2024","Hardcover","May 16, 2024","(The Licanius Trilogy, #2)","https://www.goodreads.com/book/show/32498052-an-echo-of-things-to-come","https://i.gr-assets.com/images/S/compressed.photo.goodreads.com/books/1487139774l/32498052._SY75_.jpg"
"Life Is a Marathon: A Memoir of Love and Endurance","https://www.goodreads.com/book/show/40697108-life-is-a-marathon","Fitzgerald, Matt","https://www.goodreads.com/author/show/99585.Matt_Fitzgerald","*","0738284777","9780738284774","0738284777","288","pp","3.83","981","","Mar 26, 2019","really liked it","0","https://www.goodreads.com/review/show/6425941143","0","https://www.goodreads.com/rating/voters/6425941143?resource_type=Review","1","unknown","not set","Apr 13, 2024","Hardcover","May 13, 2024","","https://www.goodreads.com/book/show/40697108-life-is-a-marathon","https://i.gr-assets.com/images/S/compressed.photo.goodreads.com/books/1541943337l/40697108._SX50_.jpg"
"Born to Run: A Hidden Tribe, Superathletes, and the Greatest Race the World Has Never Seen","https://www.goodreads.com/book/show/6289283-born-to-run","McDougall, Christopher","https://www.goodreads.com/author/show/133538.Christopher_McDougall","","","","","287","pp","4.30","240,261","Apr 23, 2009","May 05, 2009","liked it","1","https://www.goodreads.com/review/show/6409510542","1","https://www.goodreads.com/rating/voters/6409510542?resource_type=Review","1","not set","","Apr 07, 2024","Hardcover","May 06, 2024","","https://www.goodreads.com/book/show/6289283-born-to-run","https://i.gr-assets.com/images/S/compressed.photo.goodreads.com/books/1631519495l/6289283._SY75_.jpg"
"The Longest Race: Inside the Secret World of Abuse, Doping, and Deception on Nike's Elite Running Team","https://www.goodreads.com/book/show/61273785-the-longest-race","Goucher, Kara","https://www.goodreads.com/author/show/4657721.Kara_Goucher","*","1982179147","9781982179144","1982179147","288","pp","4.44","15,561","Mar 14, 2023","Mar 14, 2023","liked it","0","https://www.goodreads.com/review/show/6390813295","0","https://www.goodreads.com/rating/voters/6390813295?resource_type=Review","1","not set","","Mar 31, 2024","Hardcover","May 2024","","https://www.goodreads.com/book/show/61273785-the-longest-race","https://i.gr-assets.com/images/S/compressed.photo.goodreads.com/books/1678900334l/61273785._SY75_.jpg"
"Running the Dream: One Summer Living, Training, and Racing with a Team of World-Class Runners Half My Age","https://www.goodreads.com/book/show/49342140-running-the-dream","Fitzgerald, Matt","https://www.goodreads.com/author/show/99585.Matt_Fitzgerald","*","1643135147","9781643135144","1643135147","304","pp","4.23","1,546","May 05, 2020","May 05, 2020","really liked it","0","https://www.goodreads.com/review/show/6379832988","0","https://www.goodreads.com/rating/voters/6379832988?resource_type=Review","1","not set","","Mar 27, 2024","Hardcover","Apr 28, 2024","","https://www.goodreads.com/book/show/49342140-running-the-dream","https://i.gr-assets.com/images/S/compressed.photo.goodreads.com/books/1575591906l/49342140._SX50_SY75_.jpg"
"Body and Soul","https://www.goodreads.com/book/show/103627.Body_and_Soul","Conroy, Frank","https://www.goodreads.com/author/show/59910.Frank_Conroy","","038531986X","9780385319867","038531986X","450","pp","4.38","5,531","Jan 01, 1993","Jun 08, 1998","it was amazing","0","https://www.goodreads.com/review/show/6378766054","0","https://www.goodreads.com/rating/voters/6378766054?resource_type=Review","1","not set","","Mar 27, 2024","Paperback","Aug 26, 2024","","https://www.goodreads.com/book/show/103627.Body_and_Soul","https://i.gr-assets.com/images/S/compressed.photo.goodreads.com/books/1320542409l/103627._SY75_.jpg"
"Let Your Mind Run: A Memoir of Thinking My Way to Victory","https://www.goodreads.com/book/show/35805862-let-your-mind-run","Kastor, Deena","https://www.goodreads.com/author/show/7421799.Deena_Kastor","*","1524760757","9781524760755","1524760757","286","pp","4.35","13,214","","Apr 10, 2018","liked it","0","https://www.goodreads.com/review/show/6365926955","0","https://www.goodreads.com/rating/voters/6365926955?resource_type=Review","1","unknown","not set","Mar 22, 2024","Hardcover","Mar 15, 2024","","https://www.goodreads.com/book/show/35805862-let-your-mind-run","https://i.gr-assets.com/images/S/compressed.photo.goodreads.com/books/1506094345l/35805862._SY75_.jpg"
"The Shadow of What Was Lost","https://www.goodreads.com/book/show/22878967-the-shadow-of-what-was-lost","Islington, James","https://www.goodreads.com/author/show/8427407.James_Islington","*","099258020X","9780992580209","099258020X","595","pp","4.14","103,455","Aug 03, 2014","Aug 04, 2014","really liked it","0","https://www.goodreads.com/review/show/6345053890","0","https://www.goodreads.com/rating/voters/6345053890?resource_type=Review","1","not set","","Mar 14, 2024","Paperback","May 19, 2024","(The Licanius Trilogy, #1)","https://www.goodreads.com/book/show/22878967-the-shadow-of-what-was-lost","https://i.gr-assets.com/images/S/compressed.photo.goodreads.com/books/1680459592l/22878967._SY75_.jpg"
"Lie With Me","https://www.goodreads.com/book/show/40539136-lie-with-me","Besson, Philippe","https://www.goodreads.com/author/show/199634.Philippe_Besson","","1501197878","9781501197871","1501197878","149","pp","4.26","76,191","Jan 05, 2017","Apr 30, 2019","really liked it","0","https://www.goodreads.com/review/show/6343203595","0","https://www.goodreads.com/rating/voters/6343203595?resource_type=Review","1","","","Mar 14, 2024","Hardcover","Mar 23, 2024","","https://www.goodreads.com/book/show/40539136-lie-with-me","https://i.gr-assets.com/images/S/compressed.photo.goodreads.com/books/1555155235l/40539136._SY75_.jpg"
"The Goldfinch","https://www.goodreads.com/book/show/17333223-the-goldfinch","Tartt, Donna","https://www.goodreads.com/author/show/8719.Donna_Tartt","","0316055433","9780316055437","0316055433","771","pp","3.97","1,084,907","Sep 23, 2013","Oct 22, 2013","liked it","0","https://www.goodreads.com/review/show/6343183380","0","https://www.goodreads.com/rating/voters/6343183380?resource_type=Review","1","not set","","Mar 14, 2024","Hardcover","Mar 19, 2024","","https://www.goodreads.com/book/show/17333223-the-goldfinch","https://i.gr-assets.com/images/S/compressed.photo.goodreads.com/books/1378710146l/17333223._SY75_.jpg"
"On Earth We're Briefly Gorgeous","https://www.goodreads.com/book/show/41880609-on-earth-we-re-briefly-gorgeous","Vuong, Ocean","https://www.goodreads.com/author/show/4456871.Ocean_Vuong","","0525562028","9780525562023","0525562028","246","pp","3.99","444,517","Jun 04, 2019","Jun 04, 2019","liked it","0","https://www.goodreads.com/review/show/6339706782","0","https://www.goodreads.com/rating/voters/6339706782?resource_type=Review","1","not set","","Mar 12, 2024","Hardcover","May 22, 2024","","https://www.goodreads.com/book/show/41880609-on-earth-we-re-briefly-gorgeous","https://i.gr-assets.com/images/S/compressed.photo.goodreads.com/books/1615580168l/41880609._SX50_.jpg"
"Sea of Tranquility","https://www.goodreads.com/book/show/58446227-sea-of-tranquility","Mandel, Emily St. John","https://www.goodreads.com/author/show/2786093.Emily_St_John_Mandel","*","0593321448","9780593321447","0593321448","259","pp","4.04","316,233","Apr 05, 2022","May 05, 2022","liked it","0","https://www.goodreads.com/review/show/6331958427","0","https://www.goodreads.com/rating/voters/6331958427?resource_type=Review","1","not set","","Mar 10, 2024","Hardcover","Mar 21, 2024","","https://www.goodreads.com/book/show/58446227-sea-of-tranquility","https://i.gr-assets.com/images/S/compressed.photo.goodreads.com/books/1626710416l/58446227._SX50_.jpg"
"The Line of Beauty","https://www.goodreads.com/book/show/139087.The_Line_of_Beauty","Hollinghurst, Alan","https://www.goodreads.com/author/show/15543.Alan_Hollinghurst","","0739464469","9780739464465","0739464469","438","pp","3.78","33,410","Apr 16, 2004","2004","really liked it","0","https://www.goodreads.com/review/show/6327431214","0","https://www.goodreads.com/rating/voters/6327431214?resource_type=Review","1","not set","","Mar 08, 2024","Paperback","Jun 27, 2024","","https://www.goodreads.com/book/show/139087.The_Line_of_Beauty","https://i.gr-assets.com/images/S/compressed.photo.goodreads.com/books/1617266176l/139087._SY75_.jpg"
"Animal Farm","https://www.goodreads.com/book/show/170448.Animal_Farm","Orwell, George","https://www.goodreads.com/author/show/3706.George_Orwell","","0451526341","9780451526342","B0D7LQMF4N","141","pp","4.03","4,815,269","Aug 17, 1945","Apr 1996","","0","https://www.goodreads.com/review/show/6291067673","0","https://www.goodreads.com/rating/voters/6291067673?resource_type=Review","1","not set","","Feb 24, 2024","Mass Market Paperback","Dec 27, 2019","","https://www.goodreads.com/book/show/170448.Animal_Farm","https://i.gr-assets.com/images/S/compressed.photo.goodreads.com/books/1325861570l/170448._SY75_.jpg"
"The Drowned and the Saved","https://www.goodreads.com/book/show/6176.The_Drowned_and_the_Saved","Levi, Primo","https://www.goodreads.com/author/show/4187.Primo_Levi","","0349100470","9780349100470","0349100470","170","pp","4.43","10,801","1986","Feb 01, 1989","","0","https://www.goodreads.com/review/show/6291053853","0","https://www.goodreads.com/rating/voters/6291053853?resource_type=Review","1","not set","","Feb 24, 2024","Paperback","Feb 27, 2024","","https://www.goodreads.com/book/show/6176.The_Drowned_and_the_Saved","https://i.gr-assets.com/images/S/compressed.photo.goodreads.com/books/1390361633l/6176._SY75_.jpg"
"Just Mercy","https://www.goodreads.com/book/show/20342617-just-mercy","Stevenson, Bryan","https://www.goodreads.com/author/show/4396806.Bryan_Stevenson","","","","B0FSKRNFNH","336","pp","4.62","272,510","Oct 21, 2014","Oct 21, 2014","","0","https://www.goodreads.com/review/show/6291053111","0","https://www.goodreads.com/rating/voters/6291053111?resource_type=Review","1","not set","","Feb 24, 2024","Paperback","Jan 27, 2024","","https://www.goodreads.com/book/show/20342617-just-mercy","https://i.gr-assets.com/images/S/compressed.photo.goodreads.com/books/1635827409l/20342617._SY75_.jpg"
"In a Different Voice: Psychological Theory and Women’s Development","https://www.goodreads.com/book/show/101880.In_a_Different_Voice","Gilligan, Carol","https://www.goodreads.com/author/show/51565.Carol_Gilligan","","0674445449","9780674445444","0674445449","192","pp","4.06","4,251","1982","Jul 01, 1993","","0","https://www.goodreads.com/review/show/6291052767","0","https://www.goodreads.com/rating/voters/6291052767?resource_type=Review","1","not set","","Feb 24, 2024","Paperback","Oct 27, 2023","","https://www.goodreads.com/book/show/101880.In_a_Different_Voice","https://i.gr-assets.com/images/S/compressed.photo.goodreads.com/books/1452312550l/101880._SX50_.jpg"
"Utopia","https://www.goodreads.com/book/show/18414.Utopia","More, Thomas","https://www.goodreads.com/author/show/3063220.Thomas_More","","0140449108","9780140449105","0140449108","135","pp","3.55","85,941","1516","May 06, 2003","","0","https://www.goodreads.com/review/show/6291051983","0","https://www.goodreads.com/rating/voters/6291051983?resource_type=Review","1","not set","","Feb 24, 2024","Paperback","Nov 30, 2023","","https://www.goodreads.com/book/show/18414.Utopia","https://i.gr-assets.com/images/S/compressed.photo.goodreads.com/books/1388190168l/18414._SY75_.jpg"
"The Social Contract","https://www.goodreads.com/book/show/12651.The_Social_Contract","Rousseau, Jean-Jacques","https://www.goodreads.com/author/show/7994.Jean_Jacques_Rousseau","","0143037498","9780143037491","0143037498","168","pp","3.78","60,346","1762","May 30, 2006","","0","https://www.goodreads.com/review/show/6291051350","0","https://www.goodreads.com/rating/voters/6291051350?resource_type=Review","1","not set","","Feb 24, 2024","Paperback","Dec 27, 2023","","https://www.goodreads.com/book/show/12651.The_Social_Contract","https://i.gr-assets.com/images/S/compressed.photo.goodreads.com/books/1388197284l/12651._SY75_.jpg"
"Free to Choose: A Personal Statement","https://www.goodreads.com/book/show/97820.Free_to_Choose","Friedman, Milton","https://www.goodreads.com/author/show/5001.Milton_Friedman","","0156334607","9780156334600","0156334607","356","pp","4.22","9,745","1979","1990","","0","https://www.goodreads.com/review/show/6291050591","0","https://www.goodreads.com/rating/voters/6291050591?resource_type=Review","1","not set","","Feb 24, 2024","Paperback","Feb 27, 2024","","https://www.goodreads.com/book/show/97820.Free_to_Choose","https://i.gr-assets.com/images/S/compressed.photo.goodreads.com/books/1661353748l/97820._SY75_.jpg"
"The Fire This Time: A New Generation Speaks About Race","https://www.goodreads.com/book/show/28505023-the-fire-this-time","Ward, Jesmyn","https://www.goodreads.com/author/show/1676417.Jesmyn_Ward","*","1501126342","9781501126345","1501126342","226","pp","4.35","9,817","Aug 02, 2016","Aug 02, 2016","","0","https://www.goodreads.com/review/show/6291049854","0","https://www.goodreads.com/rating/voters/6291049854?resource_type=Review","1","not set","","Feb 24, 2024","Hardcover","Mar 06, 2024","","https://www.goodreads.com/book/show/28505023-the-fire-this-time","https://i.gr-assets.com/images/S/compressed.photo.goodreads.com/books/1469969005l/28505023._SY75_.jpg"
"The Fire Next Time","https://www.goodreads.com/book/show/464260.The_Fire_Next_Time","Baldwin, James","https://www.goodreads.com/author/show/10427.James_Baldwin","","067974472X","9780679744726","067974472X","106","pp","4.55","130,412","Jan 31, 1963","Dec 01, 1992","","0","https://www.goodreads.com/review/show/6291049479","0","https://www.goodreads.com/rating/voters/6291049479?resource_type=Review","1","not set","","Feb 24, 2024","Paperback","Mar 2024","","https://www.goodreads.com/book/show/464260.The_Fire_Next_Time","https://i.gr-assets.com/images/S/compressed.photo.goodreads.com/books/1657560861l/464260._SY75_.jpg"
"Want","https://www.goodreads.com/book/show/32333174-want","Pon, Cindy","https://www.goodreads.com/author/show/2471183.Cindy_Pon","*","1481489224","9781481489225","1481489224","328","pp","3.72","5,114","Jun 13, 2017","Jun 13, 2017","","0","https://www.goodreads.com/review/show/6291048301","0","https://www.goodreads.com/rating/voters/6291048301?resource_type=Review","1","not set","","Feb 24, 2024","Hardcover","Dec 27, 2017","(Want, #1)","https://www.goodreads.com/book/show/32333174-want","https://i.gr-assets.com/images/S/compressed.photo.goodreads.com/books/1497426506l/32333174._SY75_.jpg"
"The Testing","https://www.goodreads.com/book/show/13326831-the-testing","Charbonneau, Joelle","https://www.goodreads.com/author/show/4027380.Joelle_Charbonneau","","0547959109","9780547959108","0547959109","325","pp","4.05","85,888","Jun 04, 2013","Jun 04, 2013","","0","https://www.goodreads.com/review/show/6291047675","0","https://www.goodreads.com/rating/voters/6291047675?resource_type=Review","1","not set","","Feb 24, 2024","Hardcover","Dec 27, 2015","(The Testing, #1)","https://www.goodreads.com/book/show/13326831-the-testing","https://i.gr-assets.com/images/S/compressed.photo.goodreads.com/books/1363452191l/13326831._SY75_.jpg"
"The Ropemaker","https://www.goodreads.com/book/show/289590.The_Ropemaker","Dickinson, Peter","https://www.goodreads.com/author/show/5345.Peter_Dickinson","","0385730632","9780385730631","0385730632","384","pp","3.70","2,750","Nov 13, 2001","Oct 14, 2003","","0","https://www.goodreads.com/review/show/6291047011","0","https://www.goodreads.com/rating/voters/6291047011?resource_type=Review","1","not set","","Feb 24, 2024","Paperback","Dec 27, 2015","","https://www.goodreads.com/book/show/289590.The_Ropemaker","https://i.gr-assets.com/images/S/compressed.photo.goodreads.com/books/1320393182l/289590._SY75_.jpg"
"The List","https://www.goodreads.com/book/show/33846933-the-list","Forde, Patricia","https://www.goodreads.com/author/show/1532390.Patricia_Forde","*","","","","336","pp","3.67","6,712","Apr 16, 2015","Aug 01, 2017","","0","https://www.goodreads.com/review/show/6291045328","0","https://www.goodreads.com/rating/voters/6291045328?resource_type=Review","1","not set","","Feb 24, 2024","Hardcover","Dec 27, 2017","","https://www.goodreads.com/book/show/33846933-the-list","https://i.gr-assets.com/images/S/compressed.photo.goodreads.com/books/1486079199l/33846933._SY75_.jpg"
"The Hired Girl","https://www.goodreads.com/book/show/25163300-the-hired-girl","Schlitz, Laura Amy","https://www.goodreads.com/author/show/116504.Laura_Amy_Schlitz","","","","","387","pp","3.98","14,281","Sep 08, 2015","Sep 08, 2015","","0","https://www.goodreads.com/review/show/6291044230","0","https://www.goodreads.com/rating/voters/6291044230?resource_type=Review","1","not set","","Feb 24, 2024","Hardcover","Dec 27, 2015","","https://www.goodreads.com/book/show/25163300-the-hired-girl","https://i.gr-assets.com/images/S/compressed.photo.goodreads.com/books/1426620835l/25163300._SX50_.jpg"
"The Graces","https://www.goodreads.com/book/show/25365584-the-graces","Eve, Laure","https://www.goodreads.com/author/show/7093346.Laure_Eve","","0571326803","9780571326808","0571326803","415","pp","3.29","8,718","Sep 01, 2016","Sep 01, 2016","","0","https://www.goodreads.com/review/show/6291043649","0","https://www.goodreads.com/rating/voters/6291043649?resource_type=Review","1","not set","","Feb 24, 2024","Paperback","Dec 27, 2018","(The Graces, #1)","https://www.goodreads.com/book/show/25365584-the-graces","https://i.gr-assets.com/images/S/compressed.photo.goodreads.com/books/1461413482l/25365584._SY75_.jpg"
"The Girl at Midnight","https://www.goodreads.com/book/show/20345202-the-girl-at-midnight","Grey, Melissa","https://www.goodreads.com/author/show/7105753.Melissa_Grey","*","038574465X","9780385744652","038574465X","357","pp","3.73","10,325","Apr 28, 2015","Apr 28, 2015","","0","https://www.goodreads.com/review/show/6291043011","0","https://www.goodreads.com/rating/voters/6291043011?resource_type=Review","1","not set","","Feb 24, 2024","Hardcover","Dec 27, 2016","(The Girl at Midnight, #1)","https://www.goodreads.com/book/show/20345202-the-girl-at-midnight","https://i.gr-assets.com/images/S/compressed.photo.goodreads.com/books/1403891131l/20345202._SY75_.jpg"
"The Fixer","https://www.goodreads.com/book/show/22929578-the-fixer","Barnes, Jennifer Lynn","https://www.goodreads.com/author/show/164187.Jennifer_Lynn_Barnes","*","1619635941","9781619635944","1619635941","372","pp","4.14","25,329","Jul 07, 2015","Jul 07, 2015","","0","https://www.goodreads.com/review/show/6291042083","0","https://www.goodreads.com/rating/voters/6291042083?resource_type=Review","1","not set","","Feb 24, 2024","Hardcover","Dec 27, 2018","(The Fixer, #1)","https://www.goodreads.com/book/show/22929578-the-fixer","https://i.gr-assets.com/images/S/compressed.photo.goodreads.com/books/1418036245l/22929578._SY75_.jpg"
"The Door by the Staircase","https://www.goodreads.com/book/show/25685479-the-door-by-the-staircase","Marsh, Katherine","https://www.goodreads.com/author/show/470176.Katherine_Marsh","*","1423134990","9781423134992","1423134990","288","pp","4.07","1,539","Jan 05, 2016","Jan 05, 2016","","0","https://www.goodreads.com/review/show/6291041245","0","https://www.goodreads.com/rating/voters/6291041245?resource_type=Review","1","not set","","Feb 24, 2024","Hardcover","Dec 27, 2016","","https://www.goodreads.com/book/show/25685479-the-door-by-the-staircase","https://i.gr-assets.com/images/S/compressed.photo.goodreads.com/books/1433733152l/25685479._SY75_.jpg"
"The Disappearances","https://www.goodreads.com/book/show/30971685-the-disappearances","Murphy, Emily Bain","https://www.goodreads.com/author/show/14865445.Emily_Bain_Murphy","*","0544879368","9780544879362","0544879368","388","pp","4.09","5,429","Jul 04, 2017","Jul 04, 2017","","0","https://www.goodreads.com/review/show/6291040469","0","https://www.goodreads.com/rating/voters/6291040469?resource_type=Review","1","not set","","Feb 24, 2024","Hardcover","Dec 27, 2018","","https://www.goodreads.com/book/show/30971685-the-disappearances","https://i.gr-assets.com/images/S/compressed.photo.goodreads.com/books/1474695415l/30971685._SY75_.jpg"
"The Book of Lies: A Gripping YA Paranormal Suspense Thriller About Twin Sisters and Dark Family Secrets","https://www.goodreads.com/book/show/33413921-the-book-of-lies","Terry, Teri","https://www.goodreads.com/author/show/5238854.Teri_Terry","*","0544900480","9780544900486","0544900480","370","pp","3.65","3,597","Mar 24, 2016","Oct 10, 2017","","0","https://www.goodreads.com/review/show/6291039667","0","https://www.goodreads.com/rating/voters/6291039667?resource_type=Review","1","not set","","Feb 24, 2024","Hardcover","Dec 27, 2018","","https://www.goodreads.com/book/show/33413921-the-book-of-lies","https://i.gr-assets.com/images/S/compressed.photo.goodreads.com/books/1487915005l/33413921._SY75_.jpg"
"The Accident Season","https://www.goodreads.com/book/show/24611995-the-accident-season","Fowley-Doyle, Moïra","https://www.goodreads.com/author/show/9013537.Mo_ra_Fowley_Doyle","*","0525429484","9780525429487","0525429484","293","pp","3.54","13,253","Aug 18, 2015","Aug 18, 2015","","0","https://www.goodreads.com/review/show/6291038657","0","https://www.goodreads.com/rating/voters/6291038657?resource_type=Review","1","not set","","Feb 24, 2024","Hardcover","Dec 27, 2018","","https://www.goodreads.com/book/show/24611995-the-accident-season","https://i.gr-assets.com/images/S/compressed.photo.goodreads.com/books/1426272771l/24611995._SY75_.jpg"
"The 5th Wave","https://www.goodreads.com/book/show/16101128-the-5th-wave","Yancey, Rick","https://www.goodreads.com/author/show/3377941.Rick_Yancey","","0399162410","9780399162411","0399162410","457","pp","4.00","485,701","May 07, 2013","May 07, 2013","","0","https://www.goodreads.com/review/show/6291038053","0","https://www.goodreads.com/rating/voters/6291038053?resource_type=Review","1","not set","","Feb 24, 2024","Hardcover","Dec 27, 2018","(The 5th Wave, #1)","https://www.goodreads.com/book/show/16101128-the-5th-wave","https://i.gr-assets.com/images/S/compressed.photo.goodreads.com/books/1359853842l/16101128._SX50_.jpg"
"The 57 Bus","https://www.goodreads.com/book/show/33155325-the-57-bus","Slater, Dashka","https://www.goodreads.com/author/show/25018.Dashka_Slater","*","0374303231","9780374303235","0374303231","320","pp","4.08","45,710","Oct 17, 2017","Oct 17, 2017","","0","https://www.goodreads.com/review/show/6291037635","0","https://www.goodreads.com/rating/voters/6291037635?resource_type=Review","1","not set","","Feb 24, 2024","Hardcover","Dec 27, 2019","","https://www.goodreads.com/book/show/33155325-the-57-bus","https://i.gr-assets.com/images/S/compressed.photo.goodreads.com/books/1503141060l/33155325._SY75_.jpg"
"Starry River of the Sky","https://www.goodreads.com/book/show/13521501-starry-river-of-the-sky","Lin, Grace","https://www.goodreads.com/author/show/59390.Grace_Lin","*","0316215538","9780316215534","0316215538","301","pp","4.18","10,360","Oct 02, 2012","Oct 02, 2012","","0","https://www.goodreads.com/review/show/6291037138","0","https://www.goodreads.com/rating/voters/6291037138?resource_type=Review","1","not set","","Feb 24, 2024","Kindle Edition","Nov 27, 2018","","https://www.goodreads.com/book/show/13521501-starry-river-of-the-sky","https://i.gr-assets.com/images/S/compressed.photo.goodreads.com/books/1347592144l/13521501._SX50_.jpg"
"Starflight","https://www.goodreads.com/book/show/21793182-starflight","Landers, Melissa","https://www.goodreads.com/author/show/5804715.Melissa_Landers","*","1484723244","9781484723241","1484723244","362","pp","3.85","13,718","Feb 02, 2016","Feb 02, 2016","","0","https://www.goodreads.com/review/show/6291036699","0","https://www.goodreads.com/rating/voters/6291036699?resource_type=Review","1","not set","","Feb 24, 2024","Hardcover","Dec 27, 2018","(Starflight, #1)","https://www.goodreads.com/book/show/21793182-starflight","https://i.gr-assets.com/images/S/compressed.photo.goodreads.com/books/1456568054l/21793182._SY75_.jpg"
"Skullsworn","https://www.goodreads.com/book/show/29939037-skullsworn","Staveley, Brian","https://www.goodreads.com/author/show/7086094.Brian_Staveley","*","0765389878","9780765389879","0765389878","320","pp","4.08","5,527","Apr 25, 2017","Apr 25, 2017","","0","https://www.goodreads.com/review/show/6291035711","0","https://www.goodreads.com/rating/voters/6291035711?resource_type=Review","1","not set","","Feb 24, 2024","Hardcover","Dec 27, 2017","(Chronicle of the Unhewn Throne, #4)","https://www.goodreads.com/book/show/29939037-skullsworn","https://i.gr-assets.com/images/S/compressed.photo.goodreads.com/books/1462460250l/29939037._SY75_.jpg"
"Ship Breaker","https://www.goodreads.com/book/show/7095831-ship-breaker","Bacigalupi, Paolo","https://www.goodreads.com/author/show/1226977.Paolo_Bacigalupi","*","0316056219","9780316056212","0316056219","326","pp","3.75","45,196","May 01, 2010","May 01, 2010","","0","https://www.goodreads.com/review/show/6291033771","0","https://www.goodreads.com/rating/voters/6291033771?resource_type=Review","1","not set","","Feb 24, 2024","Hardcover","Dec 27, 2016","(Ship Breaker, #1)","https://www.goodreads.com/book/show/7095831-ship-breaker","https://i.gr-assets.com/images/S/compressed.photo.goodreads.com/books/1327874074l/7095831._SY75_.jpg"
"Roar","https://www.goodreads.com/book/show/29939048-roar","Carmack, Cora","https://www.goodreads.com/author/show/6535659.Cora_Carmack","*","0765386313","9780765386311","0765386313","380","pp","3.95","13,628","Jun 13, 2017","Jun 13, 2017","","0","https://www.goodreads.com/review/show/6291032894","0","https://www.goodreads.com/rating/voters/6291032894?resource_type=Review","1","not set","","Feb 24, 2024","Hardcover","Dec 27, 2018","(Stormheart, #1)","https://www.goodreads.com/book/show/29939048-roar","https://i.gr-assets.com/images/S/compressed.photo.goodreads.com/books/1475505963l/29939048._SY75_.jpg"
"Quests for Glory","https://www.goodreads.com/book/show/34201983-quests-for-glory","Chainani, Soman","https://www.goodreads.com/author/show/780120.Soman_Chainani","*","0062658492","9780062658494","B07H58CHSW","573","pp","4.08","30,171","Sep 19, 2017","Sep 19, 2017","","0","https://www.goodreads.com/review/show/6291032014","0","https://www.goodreads.com/rating/voters/6291032014?resource_type=Review","1","not set","","Feb 24, 2024","Kindle Edition","Dec 27, 2017","(The School for Good and Evil: The Camelot Years #1)","https://www.goodreads.com/book/show/34201983-quests-for-glory","https://i.gr-assets.com/images/S/compressed.photo.goodreads.com/books/1488534074l/34201983._SY75_.jpg"
"Pines","https://www.goodreads.com/book/show/15096164-pines","Crouch, Blake","https://www.goodreads.com/author/show/442240.Blake_Crouch","*","1612183956","9781612183954","1612183956","307","pp","3.91","204,815","Aug 21, 2012","Aug 21, 2012","","0","https://www.goodreads.com/review/show/6291031056","0","https://www.goodreads.com/rating/voters/6291031056?resource_type=Review","1","not set","","Feb 24, 2024","Paperback","Dec 27, 2018","(Wayward Pines, #1)","https://www.goodreads.com/book/show/15096164-pines","https://i.gr-assets.com/images/S/compressed.photo.goodreads.com/books/1471617928l/15096164._SY75_.jpg"
"Piecing Me Together","https://www.goodreads.com/book/show/25566675-piecing-me-together","Watson, Renée","https://www.goodreads.com/author/show/4381088.Ren_e_Watson","","","","B01NGUHJSI","277","pp","4.07","27,629","Feb 14, 2017","Feb 14, 2017","","0","https://www.goodreads.com/review/show/6291030528","0","https://www.goodreads.com/rating/voters/6291030528?resource_type=Review","1","not set","","Feb 24, 2024","Kindle Edition","Dec 27, 2017","","https://www.goodreads.com/book/show/25566675-piecing-me-together","https://i.gr-assets.com/images/S/compressed.photo.goodreads.com/books/1466549070l/25566675._SX50_.jpg"
"Passenger","https://www.goodreads.com/book/show/20983362-passenger","Bracken, Alexandra","https://www.goodreads.com/author/show/2973783.Alexandra_Bracken","*","1484715772","9781484715772","1484715772","496","pp","3.75","42,704","Jan 05, 2016","Jan 05, 2016","","0","https://www.goodreads.com/review/show/6291030111","0","https://www.goodreads.com/rating/voters/6291030111?resource_type=Review","1","not set","","Feb 24, 2024","Hardcover","Dec 27, 2016","(Passenger, #1)","https://www.goodreads.com/book/show/20983362-passenger","https://i.gr-assets.com/images/S/compressed.photo.goodreads.com/books/1446749751l/20983362._SY75_.jpg"
"Orphan Island","https://www.goodreads.com/book/show/25753092-orphan-island","Snyder, Laurel","https://www.goodreads.com/author/show/328151.Laurel_Snyder","*","","","B01LL0PQ4M","288","pp","3.68","12,121","May 30, 2017","May 30, 2017","","0","https://www.goodreads.com/review/show/6291029711","0","https://www.goodreads.com/rating/voters/6291029711?resource_type=Review","1","not set","","Feb 24, 2024","Kindle Edition","Dec 27, 2017","","https://www.goodreads.com/book/show/25753092-orphan-island","https://i.gr-assets.com/images/S/compressed.photo.goodreads.com/books/1479858860l/25753092._SY75_.jpg"
"Need","https://www.goodreads.com/book/show/20550148-need","Charbonneau, Joelle","https://www.goodreads.com/author/show/4027380.Joelle_Charbonneau","","","","","335","pp","3.75","8,750","Nov 03, 2015","Nov 03, 2015","","0","https://www.goodreads.com/review/show/6291029266","0","https://www.goodreads.com/rating/voters/6291029266?resource_type=Review","1","not set","","Feb 24, 2024","Hardcover","Dec 27, 2018","","https://www.goodreads.com/book/show/20550148-need","https://i.gr-assets.com/images/S/compressed.photo.goodreads.com/books/1431459596l/20550148._SY75_.jpg"
"Catching Fire","https://www.goodreads.com/book/show/6148028-catching-fire","Collins, Suzanne","https://www.goodreads.com/author/show/153394.Suzanne_Collins","","0439023491","9780439023498","0439023491","391","pp","4.36","4,337,580","Sep 01, 2009","Sep 01, 2009","","0","https://www.goodreads.com/review/show/6291028627","0","https://www.goodreads.com/rating/voters/6291028627?resource_type=Review","1","not set","","Feb 24, 2024","Hardcover","Dec 27, 2017","(The Hunger Games, #2)","https://www.goodreads.com/book/show/6148028-catching-fire","https://i.gr-assets.com/images/S/compressed.photo.goodreads.com/books/1586722941l/6148028._SY75_.jpg"
"The Hunger Games","https://www.goodreads.com/book/show/2767052-the-hunger-games","Collins, Suzanne","https://www.goodreads.com/author/show/153394.Suzanne_Collins","","0439023483","9780439023481","0439023483","374","pp","4.36","10,287,296","Sep 14, 2008","Oct 14, 2008","","0","https://www.goodreads.com/review/show/6291028308","0","https://www.goodreads.com/rating/voters/6291028308?resource_type=Review","1","not set","","Feb 24, 2024","Hardcover","Dec 27, 2017","(The Hunger Games, #1)","https://www.goodreads.com/book/show/2767052-the-hunger-games","https://i.gr-assets.com/images/S/compressed.photo.goodreads.com/books/1586722975l/2767052._SX50_.jpg"
"Mockingjay","https://www.goodreads.com/book/show/7260188-mockingjay","Collins, Suzanne","https://www.goodreads.com/author/show/153394.Suzanne_Collins","","0439023513","9780439023511","0439023513","392","pp","4.13","3,877,986","Aug 24, 2010","Aug 24, 2010","","0","https://www.goodreads.com/review/show/6291028047","0","https://www.goodreads.com/rating/voters/6291028047?resource_type=Review","1","not set","","Feb 24, 2024","Hardcover","Dec 27, 2017","(The Hunger Games, #3)","https://www.goodreads.com/book/show/7260188-mockingjay","https://i.gr-assets.com/images/S/compressed.photo.goodreads.com/books/1586722918l/7260188._SY75_.jpg"
"The Midnight Star","https://www.goodreads.com/book/show/28588345-the-midnight-star","Lu, Marie","https://www.goodreads.com/author/show/4342215.Marie_Lu","*","0399167854","9780399167850","0399167854","316","pp","4.09","49,338","Oct 11, 2016","Oct 11, 2016","","0","https://www.goodreads.com/review/show/6291027705","0","https://www.goodreads.com/rating/voters/6291027705?resource_type=Review","1","not set","","Feb 24, 2024","Hardcover","Dec 27, 2017","(The Young Elites, #3)","https://www.goodreads.com/book/show/28588345-the-midnight-star","https://i.gr-assets.com/images/S/compressed.photo.goodreads.com/books/1461260409l/28588345._SX50_.jpg"
"Marcelo in the Real World","https://www.goodreads.com/book/show/3700085-marcelo-in-the-real-world","Stork, Francisco X.","https://www.goodreads.com/author/show/1379540.Francisco_X_Stork","*","0545054745","9780545054744","0545054745","312","pp","3.93","19,892","Mar 01, 2008","Mar 01, 2009","","0","https://www.goodreads.com/review/show/6291027112","0","https://www.goodreads.com/rating/voters/6291027112?resource_type=Review","1","not set","","Feb 24, 2024","Hardcover","Dec 27, 2018","","https://www.goodreads.com/book/show/3700085-marcelo-in-the-real-world","https://i.gr-assets.com/images/S/compressed.photo.goodreads.com/books/1328838330l/3700085._SY75_.jpg"
"Love Letters to the Dead","https://www.goodreads.com/book/show/18140047-love-letters-to-the-dead","Dellaira, Ava","https://www.goodreads.com/author/show/7154109.Ava_Dellaira","*","0374346674","9780374346676","0374346674","336","pp","3.78","93,909","Apr 01, 2014","Apr 01, 2014","","0","https://www.goodreads.com/review/show/6291026347","0","https://www.goodreads.com/rating/voters/6291026347?resource_type=Review","1","not set","","Feb 24, 2024","Hardcover","Dec 27, 2018","","https://www.goodreads.com/book/show/18140047-love-letters-to-the-dead","https://i.gr-assets.com/images/S/compressed.photo.goodreads.com/books/1497096111l/18140047._SY75_.jpg"
"Lirael","https://www.goodreads.com/book/show/47624.Lirael","Nix, Garth","https://www.goodreads.com/author/show/8347.Garth_Nix","*","0060590165","9780060590161","0060590165","464","pp","4.29","125,534","Apr 21, 2001","Dec 30, 2015","","0","https://www.goodreads.com/review/show/6291025909","0","https://www.goodreads.com/rating/voters/6291025909?resource_type=Review","1","not set","","Feb 24, 2024","Paperback","Dec 27, 2018","(Abhorsen, #2)","https://www.goodreads.com/book/show/47624.Lirael","https://i.gr-assets.com/images/S/compressed.photo.goodreads.com/books/1266458951l/47624._SY75_.jpg"
"Liar","https://www.goodreads.com/book/show/6380296-liar","Larbalestier, Justine","https://www.goodreads.com/author/show/30033.Justine_Larbalestier","","1599903059","9781599903057","1599903059","376","pp","3.28","8,921","Oct 01, 2009","Oct 01, 2009","","0","https://www.goodreads.com/review/show/6291025483","0","https://www.goodreads.com/rating/voters/6291025483?resource_type=Review","1","not set","","Feb 24, 2024","Hardcover","Dec 27, 2018","","https://www.goodreads.com/book/show/6380296-liar","https://i.gr-assets.com/images/S/compressed.photo.goodreads.com/books/1438237138l/6380296._SY75_.jpg"
"Let the Wind Rise","https://www.goodreads.com/book/show/17893078-let-the-wind-rise","Messenger, Shannon","https://www.goodreads.com/author/show/5265998.Shannon_Messenger","*","1481446568","9781481446563","B00Z7C1AGO","320","pp","4.22","4,802","Apr 26, 2016","Apr 26, 2016","","0","https://www.goodreads.com/review/show/6291024838","0","https://www.goodreads.com/rating/voters/6291024838?resource_type=Review","1","not set","","Feb 24, 2024","Kindle Edition","Dec 27, 2019","(Sky Fall, #3)","https://www.goodreads.com/book/show/17893078-let-the-wind-rise","https://i.gr-assets.com/images/S/compressed.photo.goodreads.com/books/1433515281l/17893078._SY75_.jpg"
"Let the Storm Break","https://www.goodreads.com/book/show/13645358-let-the-storm-break","Messenger, Shannon","https://www.goodreads.com/author/show/5265998.Shannon_Messenger","*","","","B00DA9KG9I","400","pp","4.13","7,886","Mar 04, 2014","Mar 04, 2014","","0","https://www.goodreads.com/review/show/6291024619","0","https://www.goodreads.com/rating/voters/6291024619?resource_type=Review","1","not set","","Feb 24, 2024","Kindle Edition","Dec 27, 2019","(Sky Fall, #2)","https://www.goodreads.com/book/show/13645358-let-the-storm-break","https://i.gr-assets.com/images/S/compressed.photo.goodreads.com/books/1378684464l/13645358._SY75_.jpg"
"Let the Sky Fall","https://www.goodreads.com/book/show/13445306-let-the-sky-fall","Messenger, Shannon","https://www.goodreads.com/author/show/5265998.Shannon_Messenger","*","144245041X","9781442450417","144245041X","404","pp","3.95","16,821","Mar 05, 2013","Mar 05, 2013","","0","https://www.goodreads.com/review/show/6291024240","0","https://www.goodreads.com/rating/voters/6291024240?resource_type=Review","1","not set","","Feb 24, 2024","Hardcover","Dec 27, 2019","(Sky Fall, #1)","https://www.goodreads.com/book/show/13445306-let-the-sky-fall","https://i.gr-assets.com/images/S/compressed.photo.goodreads.com/books/1338374861l/13445306._SY75_.jpg"
"Just Listen","https://www.goodreads.com/book/show/51738.Just_Listen","Dessen, Sarah","https://www.goodreads.com/author/show/2987.Sarah_Dessen","*","0670061050","9780670061051","0670061050","371","pp","4.05","251,506","Apr 06, 2006","Apr 06, 2006","","0","https://www.goodreads.com/review/show/6291023870","0","https://www.goodreads.com/rating/voters/6291023870?resource_type=Review","1","not set","","Feb 24, 2024","Hardcover","Dec 27, 2018","","https://www.goodreads.com/book/show/51738.Just_Listen","https://i.gr-assets.com/images/S/compressed.photo.goodreads.com/books/1358270741l/51738._SY75_.jpg"
"Illuminae","https://www.goodreads.com/book/show/23395680-illuminae","Kaufman, Amie","https://www.goodreads.com/author/show/5360335.Amie_Kaufman","*","0553499114","9780553499117","0553499114","608","pp","4.23","164,650","Oct 20, 2015","Oct 20, 2015","","0","https://www.goodreads.com/review/show/6291022873","0","https://www.goodreads.com/rating/voters/6291022873?resource_type=Review","1","not set","","Feb 24, 2024","Hardcover","Dec 27, 2019","(The Illuminae Files, #1)","https://www.goodreads.com/book/show/23395680-illuminae","https://i.gr-assets.com/images/S/compressed.photo.goodreads.com/books/1443433956l/23395680._SY75_.jpg"
"If I Stay","https://www.goodreads.com/book/show/4374400-if-i-stay","Forman, Gayle","https://www.goodreads.com/author/show/295178.Gayle_Forman","*","0525421033","9780525421030","0525421033","208","pp","3.91","980,575","Apr 02, 2009","Apr 02, 2009","","0","https://www.goodreads.com/review/show/6291022233","0","https://www.goodreads.com/rating/voters/6291022233?resource_type=Review","1","not set","","Feb 24, 2024","Hardcover","Dec 27, 2018","(If I Stay, #1)","https://www.goodreads.com/book/show/4374400-if-i-stay","https://i.gr-assets.com/images/S/compressed.photo.goodreads.com/books/1630573973l/4374400._SY75_.jpg"
"I Was Here","https://www.goodreads.com/book/show/18879761-i-was-here","Forman, Gayle","https://www.goodreads.com/author/show/295178.Gayle_Forman","*","0451471474","9780451471475","0451471474","270","pp","3.73","69,144","Jan 27, 2015","Jan 27, 2015","","0","https://www.goodreads.com/review/show/6291021854","0","https://www.goodreads.com/rating/voters/6291021854?resource_type=Review","1","not set","","Feb 24, 2024","Hardcover","Dec 27, 2018","","https://www.goodreads.com/book/show/18879761-i-was-here","https://i.gr-assets.com/images/S/compressed.photo.goodreads.com/books/1405960366l/18879761._SX50_.jpg"
"Heartless","https://www.goodreads.com/book/show/18584855-heartless","Meyer, Marissa","https://www.goodreads.com/author/show/4684322.Marissa_Meyer","*","1250044650","9781250044655","1250044650","453","pp","4.08","282,484","Nov 08, 2016","Nov 08, 2016","","0","https://www.goodreads.com/review/show/6291021480","0","https://www.goodreads.com/rating/voters/6291021480?resource_type=Review","1","not set","","Feb 24, 2024","Hardcover","Dec 27, 2020","","https://www.goodreads.com/book/show/18584855-heartless","https://i.gr-assets.com/images/S/compressed.photo.goodreads.com/books/1477740245l/18584855._SY75_.jpg"
"Graduation Day","https://www.goodreads.com/book/show/18222699-graduation-day","Charbonneau, Joelle","https://www.goodreads.com/author/show/4027380.Joelle_Charbonneau","","0547959214","9780547959214","0547959214","304","pp","3.81","39,414","Jun 17, 2014","Jun 17, 2014","","0","https://www.goodreads.com/review/show/6291020624","0","https://www.goodreads.com/rating/voters/6291020624?resource_type=Review","1","not set","","Feb 24, 2024","Hardcover","Dec 27, 2018","(The Testing, #3)","https://www.goodreads.com/book/show/18222699-graduation-day","https://i.gr-assets.com/images/S/compressed.photo.goodreads.com/books/1384363227l/18222699._SX50_.jpg"
"Glow","https://www.goodreads.com/book/show/10174795-glow","Ryan, Amy Kathleen","https://www.goodreads.com/author/show/504627.Amy_Kathleen_Ryan","*","0312590563","9780312590567","0312590563","307","pp","3.54","13,777","Sep 13, 2011","Sep 13, 2011","","0","https://www.goodreads.com/review/show/6291020127","0","https://www.goodreads.com/rating/voters/6291020127?resource_type=Review","1","not set","","Feb 24, 2024","Hardcover","Dec 27, 2018","(Sky Chasers, #1)","https://www.goodreads.com/book/show/10174795-glow","https://i.gr-assets.com/images/S/compressed.photo.goodreads.com/books/1312847982l/10174795._SX50_.jpg"
"The Ghosts of Heaven","https://www.goodreads.com/book/show/21469108-the-ghosts-of-heaven","Sedgwick, Marcus","https://www.goodreads.com/author/show/110234.Marcus_Sedgwick","","1626721254","9781626721258","1626721254","360","pp","3.72","3,819","Jan 06, 2015","Jan 06, 2015","","0","https://www.goodreads.com/review/show/6291019477","0","https://www.goodreads.com/rating/voters/6291019477?resource_type=Review","1","not set","","Feb 24, 2024","Hardcover","Dec 27, 2018","","https://www.goodreads.com/book/show/21469108-the-ghosts-of-heaven","https://i.gr-assets.com/images/S/compressed.photo.goodreads.com/books/1409674391l/21469108._SY75_.jpg"
"Flame in the Mist","https://www.goodreads.com/book/show/23308087-flame-in-the-mist","Ahdieh, Renee","https://www.goodreads.com/author/show/4600197.Ren_e_Ahdieh","*","0399171630","9780399171635","0399171630","402","pp","3.85","48,861","May 16, 2017","May 16, 2017","","0","https://www.goodreads.com/review/show/6291017087","0","https://www.goodreads.com/rating/voters/6291017087?resource_type=Review","1","not set","","Feb 24, 2024","Hardcover","Dec 27, 2018","(Flame in the Mist, #1)","https://www.goodreads.com/book/show/23308087-flame-in-the-mist","https://i.gr-assets.com/images/S/compressed.photo.goodreads.com/books/1476724612l/23308087._SY75_.jpg"
"Every Other Day","https://www.goodreads.com/book/show/11750412-every-other-day","Barnes, Jennifer Lynn","https://www.goodreads.com/author/show/164187.Jennifer_Lynn_Barnes","*","","","B004ZZP5SS","336","pp","3.89","7,000","Dec 01, 2011","Dec 27, 2011","","0","https://www.goodreads.com/review/show/6291016495","0","https://www.goodreads.com/rating/voters/6291016495?resource_type=Review","1","not set","","Feb 24, 2024","Kindle Edition","Dec 27, 2017","","https://www.goodreads.com/book/show/11750412-every-other-day","https://i.gr-assets.com/images/S/compressed.photo.goodreads.com/books/1349024061l/11750412._SY75_.jpg"
"Entwined","https://www.goodreads.com/book/show/8428195-entwined","Dixon Wallwork, Heather","https://www.goodreads.com/author/show/386042.Heather_Dixon_Wallwork","","0062001035","9780062001030","0062001035","472","pp","3.87","38,414","Mar 29, 2011","Mar 29, 2011","","0","https://www.goodreads.com/review/show/6291015378","0","https://www.goodreads.com/rating/voters/6291015378?resource_type=Review","1","not set","","Feb 24, 2024","Hardcover","Dec 27, 2016","","https://www.goodreads.com/book/show/8428195-entwined","https://i.gr-assets.com/images/S/compressed.photo.goodreads.com/books/1656631570l/8428195._SY75_.jpg"
"Elusion","https://www.goodreads.com/book/show/12369550-elusion","Gabel, Claudia","https://www.goodreads.com/author/show/330967.Claudia_Gabel","","006212241X","9780062122414","006212241X","382","pp","3.56","3,406","Mar 18, 2014","Mar 18, 2014","","0","https://www.goodreads.com/review/show/6291014546","0","https://www.goodreads.com/rating/voters/6291014546?resource_type=Review","1","not set","","Feb 24, 2024","Hardcover","Dec 27, 2017","(Elusion, #1)","https://www.goodreads.com/book/show/12369550-elusion","https://i.gr-assets.com/images/S/compressed.photo.goodreads.com/books/1371737898l/12369550._SY75_.jpg"
"Eleanor & Park","https://www.goodreads.com/book/show/15745753-eleanor-park","Rowell, Rainbow","https://www.goodreads.com/author/show/4208569.Rainbow_Rowell","*","1250012570","9781250012579","1250012570","328","pp","3.92","1,282,678","Apr 12, 2012","Feb 26, 2013","","0","https://www.goodreads.com/review/show/6291014120","0","https://www.goodreads.com/rating/voters/6291014120?resource_type=Review","1","not set","","Feb 24, 2024","Hardcover","Dec 27, 2018","","https://www.goodreads.com/book/show/15745753-eleanor-park","https://i.gr-assets.com/images/S/compressed.photo.goodreads.com/books/1341952742l/15745753._SX50_.jpg"
"Dark Metropolis","https://www.goodreads.com/book/show/12483970-dark-metropolis","Dolamore, Jaclyn","https://www.goodreads.com/author/show/3009541.Jaclyn_Dolamore","*","142316332X","9781423163329","142316332X","292","pp","3.42","1,241","Jun 17, 2014","Jun 17, 2014","","0","https://www.goodreads.com/review/show/6291013702","0","https://www.goodreads.com/rating/voters/6291013702?resource_type=Review","1","not set","","Feb 24, 2024","Hardcover","Dec 27, 2018","(Dark Metropolis, #1)","https://www.goodreads.com/book/show/12483970-dark-metropolis","https://i.gr-assets.com/images/S/compressed.photo.goodreads.com/books/1389561263l/12483970._SY75_.jpg"
"Crewel","https://www.goodreads.com/book/show/11556960-crewel","Albin, Gennifer","https://www.goodreads.com/author/show/4906436.Gennifer_Albin","*","0374316414","9780374316419","0374316414","368","pp","3.71","19,131","Oct 16, 2012","Oct 16, 2012","","0","https://www.goodreads.com/review/show/6291013042","0","https://www.goodreads.com/rating/voters/6291013042?resource_type=Review","1","not set","","Feb 24, 2024","Hardcover","Dec 27, 2018","(Crewel World, #1)","https://www.goodreads.com/book/show/11556960-crewel","https://i.gr-assets.com/images/S/compressed.photo.goodreads.com/books/1561763949l/11556960._SX50_.jpg"
"Complicit","https://www.goodreads.com/book/show/18404113-complicit","Kuehn, Stephanie","https://www.goodreads.com/author/show/5762535.Stephanie_Kuehn","*","1250044596","9781250044594","1250044596","256","pp","3.65","2,856","Jun 24, 2014","Jun 24, 2014","","0","https://www.goodreads.com/review/show/6291011837","0","https://www.goodreads.com/rating/voters/6291011837?resource_type=Review","1","not set","","Feb 24, 2024","Hardcover","Dec 27, 2018","","https://www.goodreads.com/book/show/18404113-complicit","https://i.gr-assets.com/images/S/compressed.photo.goodreads.com/books/1383352823l/18404113._SY75_.jpg"
"Cinder","https://www.goodreads.com/book/show/36381037-cinder","Meyer, Marissa","https://www.goodreads.com/author/show/4684322.Marissa_Meyer","*","","","B007BDS5G0","400","pp","4.12","1,036,302","Jan 03, 2012","2012","","0","https://www.goodreads.com/review/show/6291011174","0","https://www.goodreads.com/rating/voters/6291011174?resource_type=Review","1","not set","","Feb 24, 2024","Hardcover","Dec 27, 2019","(The Lunar Chronicles, #1)","https://www.goodreads.com/book/show/36381037-cinder","https://i.gr-assets.com/images/S/compressed.photo.goodreads.com/books/1507557775l/36381037._SY75_.jpg"
"Children of Blood and Bone","https://www.goodreads.com/book/show/34728667-children-of-blood-and-bone","Adeyemi, Tomi","https://www.goodreads.com/author/show/16642745.Tomi_Adeyemi","*","1250170974","9781250170972","1250170974","544","pp","4.10","259,738","Mar 06, 2018","Mar 06, 2018","","0","https://www.goodreads.com/review/show/6291010847","0","https://www.goodreads.com/rating/voters/6291010847?resource_type=Review","1","not set","","Feb 24, 2024","Hardcover","Dec 27, 2019","(Legacy of Orïsha, #1)","https://www.goodreads.com/book/show/34728667-children-of-blood-and-bone","https://i.gr-assets.com/images/S/compressed.photo.goodreads.com/books/1516127989l/34728667._SX50_.jpg"
"Bone Gap","https://www.goodreads.com/book/show/18806240-bone-gap","Ruby, Laura","https://www.goodreads.com/author/show/73699.Laura_Ruby","","0062317636","9780062317636","B00KVI77JI","373","pp","3.80","30,799","Mar 03, 2015","Mar 03, 2015","","0","https://www.goodreads.com/review/show/6291010342","0","https://www.goodreads.com/rating/voters/6291010342?resource_type=Review","1","not set","","Feb 24, 2024","Kindle Edition","Dec 27, 2019","","https://www.goodreads.com/book/show/18806240-bone-gap","https://i.gr-assets.com/images/S/compressed.photo.goodreads.com/books/1402928507l/18806240._SY75_.jpg"
"Atlantia","https://www.goodreads.com/book/show/17731926-atlantia","Condie, Ally","https://www.goodreads.com/author/show/1304470.Ally_Condie","*","0698135601","9780698135604","B00JPR5JMS","368","pp","3.42","17,058","Oct 28, 2014","Oct 28, 2014","","0","https://www.goodreads.com/review/show/6291009804","0","https://www.goodreads.com/rating/voters/6291009804?resource_type=Review","1","not set","","Feb 24, 2024","Kindle Edition","Dec 27, 2018","","https://www.goodreads.com/book/show/17731926-atlantia","https://i.gr-assets.com/images/S/compressed.photo.goodreads.com/books/1398784253l/17731926._SY75_.jpg"
"Assassin's Heart","https://www.goodreads.com/book/show/21421609-assassin-s-heart","Ahiers, Sarah","https://www.goodreads.com/author/show/8039839.Sarah_Ahiers","*","0062363786","9780062363787","0062363786","420","pp","3.66","5,970","Feb 02, 2016","Feb 02, 2016","","0","https://www.goodreads.com/review/show/6291009417","0","https://www.goodreads.com/rating/voters/6291009417?resource_type=Review","1","not set","","Feb 24, 2024","Hardcover","Dec 27, 2019","(Assassin's Heart, #1)","https://www.goodreads.com/book/show/21421609-assassin-s-heart","https://i.gr-assets.com/images/S/compressed.photo.goodreads.com/books/1435075595l/21421609._SY75_.jpg"
"Anya's Ghost","https://www.goodreads.com/book/show/9615347-anya-s-ghost","Brosgol, Vera","https://www.goodreads.com/author/show/568999.Vera_Brosgol","*","1596437138","9781596437135","1596437138","224","pp","3.90","95,593","Jun 07, 2011","Jun 07, 2011","","0","https://www.goodreads.com/review/show/6291008905","0","https://www.goodreads.com/rating/voters/6291008905?resource_type=Review","1","not set","","Feb 24, 2024","Hardcover","Dec 26, 2017","","https://www.goodreads.com/book/show/9615347-anya-s-ghost","https://i.gr-assets.com/images/S/compressed.photo.goodreads.com/books/1316739317l/9615347._SX50_.jpg"
"Allegedly","https://www.goodreads.com/book/show/30037870-allegedly","Jackson, Tiffany D.","https://www.goodreads.com/author/show/15119254.Tiffany_D_Jackson","*","0062422642","9780062422644","0062422642","390","pp","4.01","92,021","Jan 24, 2017","Jan 24, 2017","","0","https://www.goodreads.com/review/show/6291008362","0","https://www.goodreads.com/rating/voters/6291008362?resource_type=Review","1","not set","","Feb 24, 2024","Hardcover","Dec 27, 2018","","https://www.goodreads.com/book/show/30037870-allegedly","https://i.gr-assets.com/images/S/compressed.photo.goodreads.com/books/1476974718l/30037870._SY75_.jpg"
"After","https://www.goodreads.com/book/show/6338619-after","Efaw, Amy","https://www.goodreads.com/author/show/318661.Amy_Efaw","*","0670011835","9780670011834","0670011835","350","pp","3.73","20,053","Aug 11, 2009","Aug 11, 2009","","0","https://www.goodreads.com/review/show/6291007960","0","https://www.goodreads.com/rating/voters/6291007960?resource_type=Review","1","not set","","Feb 24, 2024","Hardcover","Dec 27, 2018","","https://www.goodreads.com/book/show/6338619-after","https://i.gr-assets.com/images/S/compressed.photo.goodreads.com/books/1441407253l/6338619._SY75_.jpg"
"A Thousand Nights","https://www.goodreads.com/book/show/21524446-a-thousand-nights","Johnston, E.K.","https://www.goodreads.com/author/show/7418796.E_K_Johnston","*","1484722272","9781484722275","1484722272","325","pp","3.63","14,273","Oct 06, 2015","Oct 06, 2015","","0","https://www.goodreads.com/review/show/6291006817","0","https://www.goodreads.com/rating/voters/6291006817?resource_type=Review","1","not set","","Feb 24, 2024","Hardcover","Dec 27, 2016","(A Thousand Nights, #1)","https://www.goodreads.com/book/show/21524446-a-thousand-nights","https://i.gr-assets.com/images/S/compressed.photo.goodreads.com/books/1436162131l/21524446._SY75_.jpg"
"13 Minutes","https://www.goodreads.com/book/show/26842622-13-minutes","Pinborough, Sarah","https://www.goodreads.com/author/show/457300.Sarah_Pinborough","*","1473214033","9781473214033","1473214033","406","pp","3.77","20,595","Feb 18, 2016","Feb 18, 2016","","0","https://www.goodreads.com/review/show/6291006129","0","https://www.goodreads.com/rating/voters/6291006129?resource_type=Review","1","not set","","Feb 24, 2024","Hardcover","Dec 27, 2018","","https://www.goodreads.com/book/show/26842622-13-minutes","https://i.gr-assets.com/images/S/compressed.photo.goodreads.com/books/1443998343l/26842622._SY75_.jpg"
"A Book of Memories","https://www.goodreads.com/book/show/244254.A_Book_of_Memories","Nádas, Péter","https://www.goodreads.com/author/show/718712.P_ter_N_das","","0140275673","9780140275674","0140275673","720","pp","4.06","701","1986","Oct 01, 1998","","0","https://www.goodreads.com/review/show/6291003480","0","https://www.goodreads.com/rating/voters/6291003480?resource_type=Review","1","not set","","Feb 24, 2024","Paperback","Jun 27, 2023","","https://www.goodreads.com/book/show/244254.A_Book_of_Memories","https://i.gr-assets.com/images/S/compressed.photo.goodreads.com/books/1173073516l/244254._SY75_.jpg"
"The Sun Also Rises","https://www.goodreads.com/book/show/3876.The_Sun_Also_Rises","Hemingway, Ernest","https://www.goodreads.com/author/show/1455.Ernest_Hemingway","","","","B005PYJ9S0","189","pp","3.78","511,754","Oct 22, 1926","1957","really liked it","0","https://www.goodreads.com/review/show/6291002777","0","https://www.goodreads.com/rating/voters/6291002777?resource_type=Review","1","not set","","Feb 24, 2024","Paperback","Apr 27, 2023","","https://www.goodreads.com/book/show/3876.The_Sun_Also_Rises","https://i.gr-assets.com/images/S/compressed.photo.goodreads.com/books/1509802323l/3876._SY75_.jpg"
"King Lear","https://www.goodreads.com/book/show/12938.King_Lear","Shakespeare, William","https://www.goodreads.com/author/show/947.William_Shakespeare","","","","","339","pp","3.91","244,068","1605","Jan 01, 2004","","0","https://www.goodreads.com/review/show/6291001018","0","https://www.goodreads.com/rating/voters/6291001018?resource_type=Review","1","not set","","Feb 24, 2024","Mass Market Paperback","Dec 27, 2022","","https://www.goodreads.com/book/show/12938.King_Lear","https://i.gr-assets.com/images/S/compressed.photo.goodreads.com/books/1331563731l/12938._SY75_.jpg"
"The Remains of the Day","https://www.goodreads.com/book/show/28921.The_Remains_of_the_Day","Ishiguro, Kazuo","https://www.goodreads.com/author/show/4280.Kazuo_Ishiguro","*","","","B0FSKZVDQG","258","pp","4.14","386,718","May 1989","2005","really liked it","0","https://www.goodreads.com/review/show/6291000451","0","https://www.goodreads.com/rating/voters/6291000451?resource_type=Review","1","not set","","Feb 24, 2024","Paperback","Jun 27, 2023","","https://www.goodreads.com/book/show/28921.The_Remains_of_the_Day","https://i.gr-assets.com/images/S/compressed.photo.goodreads.com/books/1327128714l/28921._SY75_.jpg"
"Jean de Florette","https://www.goodreads.com/book/show/325895.Jean_de_Florette","Pagnol, Marcel","https://www.goodreads.com/author/show/101107.Marcel_Pagnol","","2877065111","9782877065115","2877065111","288","pp","4.21","2,796","1962","Jul 01, 1974","","0","https://www.goodreads.com/review/show/6291000100","0","https://www.goodreads.com/rating/voters/6291000100?resource_type=Review","1","not set","","Feb 24, 2024","Mass Market Paperback","May 27, 2023","","https://www.goodreads.com/book/show/325895.Jean_de_Florette","https://i.gr-assets.com/images/S/compressed.photo.goodreads.com/books/1173767190l/325895._SY75_.jpg"
"Sula","https://www.goodreads.com/book/show/11346.Sula","Morrison, Toni","https://www.goodreads.com/author/show/3534.Toni_Morrison","","0452283868","9780452283862","0452283868","174","pp","4.06","135,597","Nov 01, 1973","Apr 05, 2002","really liked it","0","https://www.goodreads.com/review/show/6290999291","0","https://www.goodreads.com/rating/voters/6290999291?resource_type=Review","1","not set","","Feb 24, 2024","Paperback","Oct 27, 2022","","https://www.goodreads.com/book/show/11346.Sula","https://i.gr-assets.com/images/S/compressed.photo.goodreads.com/books/1441578153l/11346._SY75_.jpg"
"How to Hide an Empire: A History of the Greater United States","https://www.goodreads.com/book/show/40121985-how-to-hide-an-empire","Immerwahr, Daniel","https://www.goodreads.com/author/show/8132616.Daniel_Immerwahr","","0374172145","9780374172145","0374172145","513","pp","4.45","26,698","Feb 19, 2019","Feb 19, 2019","","0","https://www.goodreads.com/review/show/6290998835","0","https://www.goodreads.com/rating/voters/6290998835?resource_type=Review","1","not set","","Feb 24, 2024","Hardcover","Apr 25, 2022","","https://www.goodreads.com/book/show/40121985-how-to-hide-an-empire","https://i.gr-assets.com/images/S/compressed.photo.goodreads.com/books/1627757585l/40121985._SX50_.jpg"
"Sweat","https://www.goodreads.com/book/show/29633728-sweat","Nottage, Lynn","https://www.goodreads.com/author/show/355068.Lynn_Nottage","","1559365323","9781559365321","1559365323","112","pp","4.03","5,119","May 16, 2017","Jun 13, 2017","liked it","0","https://www.goodreads.com/review/show/6290998289","0","https://www.goodreads.com/rating/voters/6290998289?resource_type=Review","1","not set","","Feb 24, 2024","Paperback","Feb 27, 2023","","https://www.goodreads.com/book/show/29633728-sweat","https://i.gr-assets.com/images/S/compressed.photo.goodreads.com/books/1498713885l/29633728._SY75_.jpg"
"Inferno","https://www.goodreads.com/book/show/15645.Inferno","Dante Alighieri","https://www.goodreads.com/author/show/5031312.Dante_Alighieri","","0812970063","9780812970067","B0BQJ59T18","490","pp","4.03","213,316","1321","Dec 18, 2022","really liked it","0","https://www.goodreads.com/review/show/6290997475","0","https://www.goodreads.com/rating/voters/6290997475?resource_type=Review","1","not set","","Feb 24, 2024","Kindle Edition","Dec 27, 2021","","https://www.goodreads.com/book/show/15645.Inferno","https://i.gr-assets.com/images/S/compressed.photo.goodreads.com/books/1520255019l/15645._SY75_.jpg"
"Iron Widow","https://www.goodreads.com/book/show/52459864-iron-widow","Zhao, Xiran Jay","https://www.goodreads.com/author/show/20132644.Xiran_Jay_Zhao","*","0735269939","9780735269934","0735269939","400","pp","4.01","114,898","Sep 21, 2021","Sep 21, 2021","","0","https://www.goodreads.com/review/show/6290996572","0","https://www.goodreads.com/rating/voters/6290996572?resource_type=Review","1","not set","","Feb 24, 2024","Hardcover","Nov 27, 2021","(Iron Widow, #1)","https://www.goodreads.com/book/show/52459864-iron-widow","https://i.gr-assets.com/images/S/compressed.photo.goodreads.com/books/1710540125l/52459864._SY75_.jpg"
"The Sum of Us: What Racism Costs Everyone and How We Can Prosper Together","https://www.goodreads.com/book/show/53231851-the-sum-of-us","McGhee, Heather","https://www.goodreads.com/author/show/20422344.Heather_McGhee","","0525509569","9780525509561","0525509569","415","pp","4.61","22,549","Feb 16, 2021","Feb 16, 2021","","0","https://www.goodreads.com/review/show/6290996192","0","https://www.goodreads.com/rating/voters/6290996192?resource_type=Review","1","not set","","Feb 24, 2024","Hardcover","Jul 27, 2023","","https://www.goodreads.com/book/show/53231851-the-sum-of-us","https://i.gr-assets.com/images/S/compressed.photo.goodreads.com/books/1606321459l/53231851._SY75_.jpg"
"Tell Me How You Got Here","https://www.goodreads.com/book/show/56647562-tell-me-how-you-got-here","Franklin, Emily","https://www.goodreads.com/author/show/63379.Emily_Franklin","","1947896334","9781947896338","1947896334","114","pp","4.50","8","","Feb 01, 2021","","0","https://www.goodreads.com/review/show/6290995163","0","https://www.goodreads.com/rating/voters/6290995163?resource_type=Review","1","unknown","not set","Feb 24, 2024","Paperback","Dec 27, 2021","","https://www.goodreads.com/book/show/56647562-tell-me-how-you-got-here","https://i.gr-assets.com/images/S/compressed.photo.goodreads.com/books/1610465719l/56647562._SY75_.jpg"
"Age of Iron","https://www.goodreads.com/book/show/6207.Age_of_Iron","Coetzee, J.M.","https://www.goodreads.com/author/show/4128.J_M_Coetzee","","0140275657","9780140275650","0140275657","198","pp","3.85","5,879","1990","Sep 01, 1998","liked it","0","https://www.goodreads.com/review/show/6290994263","0","https://www.goodreads.com/rating/voters/6290994263?resource_type=Review","1","not set","","Feb 24, 2024","Paperback","May 31, 2022","","https://www.goodreads.com/book/show/6207.Age_of_Iron","https://i.gr-assets.com/images/S/compressed.photo.goodreads.com/books/1386924745l/6207._SY75_.jpg"
"King Lehr and the Gilded Age","https://www.goodreads.com/book/show/5702520-king-lehr-and-the-gilded-age","Lehr, Elizabeth Drexel","https://www.goodreads.com/author/show/14252884.Elizabeth_Drexel_Lehr","","1557099634","9781557099631","1557099634","336","pp","3.53","265","1935","Jan 27, 2005","","0","https://www.goodreads.com/review/show/6290993823","0","https://www.goodreads.com/rating/voters/6290993823?resource_type=Review","1","not set","","Feb 24, 2024","Paperback","May 27, 2022","","https://www.goodreads.com/book/show/5702520-king-lehr-and-the-gilded-age","https://i.gr-assets.com/images/S/compressed.photo.goodreads.com/books/1328756964l/5702520._SY75_.jpg"
"Never Caught: The Washingtons' Relentless Pursuit of Their Runaway Slave, Ona Judge","https://www.goodreads.com/book/show/30753748-never-caught","Dunbar, Erica Armstrong","https://www.goodreads.com/author/show/1122837.Erica_Armstrong_Dunbar","","1501126393","9781501126390","1501126393","253","pp","3.84","11,267","Feb 07, 2017","Feb 07, 2017","","0","https://www.goodreads.com/review/show/6290993463","0","https://www.goodreads.com/rating/voters/6290993463?resource_type=Review","1","not set","","Feb 24, 2024","Hardcover","Aug 27, 2021","","https://www.goodreads.com/book/show/30753748-never-caught","https://i.gr-assets.com/images/S/compressed.photo.goodreads.com/books/1483645814l/30753748._SY75_.jpg"
"House of Lords and Commons: Poems","https://www.goodreads.com/book/show/28116828-house-of-lords-and-commons","Hutchinson, Ishion","https://www.goodreads.com/author/show/4119211.Ishion_Hutchinson","*","0374173028","9780374173029","0374173028","77","pp","3.77","346","Sep 20, 2016","Sep 20, 2016","","0","https://www.goodreads.com/review/show/6290993077","0","https://www.goodreads.com/rating/voters/6290993077?resource_type=Review","1","not set","","Feb 24, 2024","Hardcover","Nov 27, 2021","","https://www.goodreads.com/book/show/28116828-house-of-lords-and-commons","https://i.gr-assets.com/images/S/compressed.photo.goodreads.com/books/1457292512l/28116828._SX50_.jpg"
"Tales from Ovid: 24 Passages from the Metamorphoses","https://www.goodreads.com/book/show/133951.Tales_from_Ovid","Hughes, Ted","https://www.goodreads.com/author/show/996.Ted_Hughes","","0374525870","9780374525873","0374525870","257","pp","4.26","2,989","1997","Mar 30, 1999","","0","https://www.goodreads.com/review/show/6290992625","0","https://www.goodreads.com/rating/voters/6290992625?resource_type=Review","1","not set","","Feb 24, 2024","Paperback","Oct 23, 2021","","https://www.goodreads.com/book/show/133951.Tales_from_Ovid","https://i.gr-assets.com/images/S/compressed.photo.goodreads.com/books/1317791638l/133951._SY75_.jpg"
"Gilgamesh: A New English Version","https://www.goodreads.com/book/show/138371.Gilgamesh","Unknown","https://www.goodreads.com/author/show/69411488.Unknown","","","","B0DLT32G3J","290","pp","3.76","124,463","-1800","Feb 01, 2006","","0","https://www.goodreads.com/review/show/6290992017","0","https://www.goodreads.com/rating/voters/6290992017?resource_type=Review","1","not set","","Feb 24, 2024","Paperback","Oct 27, 2021","","https://www.goodreads.com/book/show/138371.Gilgamesh","https://i.gr-assets.com/images/S/compressed.photo.goodreads.com/books/1394420249l/138371._SY75_.jpg"
"The Ramayana: A Shortened Modern Prose Version of the Indian Epic","https://www.goodreads.com/book/show/129876.The_Ramayana","Narayan, R.K.","https://www.goodreads.com/author/show/1305302.R_K_Narayan","","0143039679","9780143039679","0143039679","192","pp","4.09","12,827","1957","Aug 29, 2006","","0","https://www.goodreads.com/review/show/6290991471","0","https://www.goodreads.com/rating/voters/6290991471?resource_type=Review","1","not set","","Feb 24, 2024","Paperback","Dec 27, 2021","","https://www.goodreads.com/book/show/129876.The_Ramayana","https://i.gr-assets.com/images/S/compressed.photo.goodreads.com/books/1567626265l/129876._SY75_.jpg"
"Aeneid Book VI","https://www.goodreads.com/book/show/27158845-aeneid-book-vi","Virgil","https://www.goodreads.com/author/show/919.Virgil","","0374104190","9780374104191","0374104190","97","pp","4.28","876","-19","May 03, 2016","","0","https://www.goodreads.com/review/show/6290990843","0","https://www.goodreads.com/rating/voters/6290990843?resource_type=Review","1","not set","","Feb 24, 2024","Hardcover","Nov 20, 2021","","https://www.goodreads.com/book/show/27158845-aeneid-book-vi","https://i.gr-assets.com/images/S/compressed.photo.goodreads.com/books/1450647707l/27158845._SY75_.jpg"
"House of Hollow","https://www.goodreads.com/book/show/54613751-house-of-hollow","Krystal Sutherland","https://www.goodreads.com/author/show/14428012.Krystal_Sutherland","*","059311034X","9780593110348","059311034X","292","pp","3.99","106,434","Apr 06, 2021","Apr 06, 2021","","0","https://www.goodreads.com/review/show/6290990379","0","https://www.goodreads.com/rating/voters/6290990379?resource_type=Review","1","not set","","Feb 24, 2024","Hardcover","Dec 27, 2021","","https://www.goodreads.com/book/show/54613751-house-of-hollow","https://i.gr-assets.com/images/S/compressed.photo.goodreads.com/books/1595266293l/54613751._SX50_.jpg"
"Fire Becomes Her","https://www.goodreads.com/book/show/55977886-fire-becomes-her","Thor, Rosiee","https://www.goodreads.com/author/show/18157283.Rosiee_Thor","*","1338679112","9781338679113","1338679112","368","pp","3.60","922","Feb 01, 2022","Feb 01, 2022","","0","https://www.goodreads.com/review/show/6290989628","0","https://www.goodreads.com/rating/voters/6290989628?resource_type=Review","1","not set","","Feb 24, 2024","Hardcover","Sep 27, 2022","","https://www.goodreads.com/book/show/55977886-fire-becomes-her","https://i.gr-assets.com/images/S/compressed.photo.goodreads.com/books/1621538890l/55977886._SX50_.jpg"
"The Odyssey","https://www.goodreads.com/book/show/1381.The_Odyssey","Homer","https://www.goodreads.com/author/show/903.Homer","","0143039954","9780143039952","0143039954","541","pp","3.85","1,287,605","-800","Oct 31, 2006","","0","https://www.goodreads.com/review/show/6290989169","0","https://www.goodreads.com/rating/voters/6290989169?resource_type=Review","1","not set","","Feb 24, 2024","Paperback","Aug 27, 2021","","https://www.goodreads.com/book/show/1381.The_Odyssey","https://i.gr-assets.com/images/S/compressed.photo.goodreads.com/books/1711957706l/1381._SY75_.jpg"
"Paradise Lost","https://www.goodreads.com/book/show/15997.Paradise_Lost","Milton, John","https://www.goodreads.com/author/show/9876.John_Milton","","0140424393","9780140424393","0140424393","453","pp","3.86","188,472","Jan 01, 1667","Apr 29, 2003","","0","https://www.goodreads.com/review/show/6290988354","0","https://www.goodreads.com/rating/voters/6290988354?resource_type=Review","1","not set","","Feb 24, 2024","Paperback","Dec 17, 2022","","https://www.goodreads.com/book/show/15997.Paradise_Lost","https://i.gr-assets.com/images/S/compressed.photo.goodreads.com/books/1526070678l/15997._SY75_.jpg"
"The Voltage Effect: How to Make Good Ideas Great and Great Ideas Scale","https://www.goodreads.com/book/show/57926125-the-voltage-effect","List, John A.","https://www.goodreads.com/author/show/2691250.John_A_List","","0593239482","9780593239483","0593239482","288","pp","3.93","1,431","Feb 01, 2022","Feb 01, 2022","","0","https://www.goodreads.com/review/show/6290987965","0","https://www.goodreads.com/rating/voters/6290987965?resource_type=Review","1","not set","","Feb 24, 2024","Hardcover","Dec 27, 2022","","https://www.goodreads.com/book/show/57926125-the-voltage-effect","https://i.gr-assets.com/images/S/compressed.photo.goodreads.com/books/1627323646l/57926125._SY75_.jpg"
"Water by the Spoonful","https://www.goodreads.com/book/show/15719527-water-by-the-spoonful","Hudes, Quiara Alegría","https://www.goodreads.com/author/show/1083742.Quiara_Alegr_a_Hudes","*","1559364386","9781559364386","1559364386","128","pp","3.97","2,519","Aug 28, 2012","Aug 28, 2012","","0","https://www.goodreads.com/review/show/6290987543","0","https://www.goodreads.com/rating/voters/6290987543?resource_type=Review","1","not set","","Feb 24, 2024","Paperback","Feb 24, 2023","","https://www.goodreads.com/book/show/15719527-water-by-the-spoonful","https://i.gr-assets.com/images/S/compressed.photo.goodreads.com/books/1484465406l/15719527._SY75_.jpg"
"The Curious Incident of the Dog in the Night-Time","https://www.goodreads.com/book/show/1618.The_Curious_Incident_of_the_Dog_in_the_Night_Time","Haddon, Mark","https://www.goodreads.com/author/show/1050.Mark_Haddon","","1400032717","9781400032716","1400032717","226","pp","3.89","1,635,015","Jul 31, 2003","May 18, 2004","","0","https://www.goodreads.com/review/show/6290987029","0","https://www.goodreads.com/rating/voters/6290987029?resource_type=Review","1","not set","","Feb 24, 2024","Paperback","Aug 27, 2022","","https://www.goodreads.com/book/show/1618.The_Curious_Incident_of_the_Dog_in_the_Night_Time","https://i.gr-assets.com/images/S/compressed.photo.goodreads.com/books/1479863624l/1618._SY75_.jpg"
"Jane Eyre","https://www.goodreads.com/book/show/10210.Jane_Eyre","Brontë, Charlotte","https://www.goodreads.com/author/show/1036615.Charlotte_Bront_","","0142437204","9780142437209","0142437204","532","pp","4.16","2,416,506","Oct 19, 1847","Feb 04, 2003","liked it","0","https://www.goodreads.com/review/show/6290986555","0","https://www.goodreads.com/rating/voters/6290986555?resource_type=Review","1","not set","","Feb 24, 2024","Paperback","Sep 08, 2022","","https://www.goodreads.com/book/show/10210.Jane_Eyre","https://i.gr-assets.com/images/S/compressed.photo.goodreads.com/books/1557343311l/10210._SY75_.jpg"
"Tales of the Greek Heroes: Retold From the Ancient Authors","https://www.goodreads.com/book/show/215463.Tales_of_the_Greek_Heroes","Green, Roger Lancelyn","https://www.goodreads.com/author/show/13867.Roger_Lancelyn_Green","","0140366830","9780140366839","0140366830","288","pp","3.84","4,587","1958","Mar 01, 1995","","0","https://www.goodreads.com/review/show/6290986201","0","https://www.goodreads.com/rating/voters/6290986201?resource_type=Review","1","not set","","Feb 24, 2024","Paperback","Dec 27, 2014","","https://www.goodreads.com/book/show/215463.Tales_of_the_Greek_Heroes","https://i.gr-assets.com/images/S/compressed.photo.goodreads.com/books/1389049665l/215463._SY75_.jpg"
"Island of the Blue Dolphins","https://www.goodreads.com/book/show/41044096-island-of-the-blue-dolphins","O'Dell, Scott","https://www.goodreads.com/author/show/4999.Scott_O_Dell","","0547488890","9780547488899","B0038AUY8M","194","pp","3.88","355,380","Sep 09, 1960","Feb 08, 2010","","0","https://www.goodreads.com/review/show/6290985645","0","https://www.goodreads.com/rating/voters/6290985645?resource_type=Review","1","not set","","Feb 24, 2024","Kindle Edition","Dec 27, 2014","","https://www.goodreads.com/book/show/41044096-island-of-the-blue-dolphins","https://i.gr-assets.com/images/S/compressed.photo.goodreads.com/books/1533405446l/41044096._SX50_.jpg"
"Galatea","https://www.goodreads.com/book/show/18162954-galatea","Miller, Madeline","https://www.goodreads.com/author/show/176372.Madeline_Miller","*","1408848147","","B00CS0X58E","27","pp","3.93","134,297","Aug 13, 2013","Jul 04, 2013","","0","https://www.goodreads.com/review/show/6290985041","0","https://www.goodreads.com/rating/voters/6290985041?resource_type=Review","1","not set","","Feb 24, 2024","Kindle Edition","May 27, 2023","","https://www.goodreads.com/book/show/18162954-galatea","https://i.gr-assets.com/images/S/compressed.photo.goodreads.com/books/1708135971l/18162954._SX50_.jpg"
"Contagious: Why Things Catch On","https://www.goodreads.com/book/show/15801967-contagious","Berger, Jonah","https://www.goodreads.com/author/show/1170746.Jonah_Berger","","1451686579","9781451686579","1451686579","210","pp","3.98","34,178","Mar 01, 2013","Mar 05, 2013","","0","https://www.goodreads.com/review/show/6290984631","0","https://www.goodreads.com/rating/voters/6290984631?resource_type=Review","1","not set","","Feb 24, 2024","Hardcover","Dec 27, 2022","","https://www.goodreads.com/book/show/15801967-contagious","https://i.gr-assets.com/images/S/compressed.photo.goodreads.com/books/1376783352l/15801967._SY75_.jpg"
"The God of Small Things","https://www.goodreads.com/book/show/9777.The_God_of_Small_Things","Roy, Arundhati","https://www.goodreads.com/author/show/6134.Arundhati_Roy","*","0679457313","9780679457312","B006E58GFG","321","pp","3.96","342,348","Apr 1997","1997","really liked it","0","https://www.goodreads.com/review/show/6290983618","0","https://www.goodreads.com/rating/voters/6290983618?resource_type=Review","1","not set","","Feb 24, 2024","Paperback","Mar 27, 2023","","https://www.goodreads.com/book/show/9777.The_God_of_Small_Things","https://i.gr-assets.com/images/S/compressed.photo.goodreads.com/books/1767305433l/9777._SY75_.jpg"
"The Stranger","https://www.goodreads.com/book/show/49552.The_Stranger","Camus, Albert","https://www.goodreads.com/author/show/957894.Albert_Camus","","","","B01181UBSU","123","pp","4.03","1,529,815","May 19, 1942","Mar 28, 1989","really liked it","0","https://www.goodreads.com/review/show/6290983035","0","https://www.goodreads.com/rating/voters/6290983035?resource_type=Review","1","not set","","Feb 24, 2024","Paperback","Apr 21, 2023","","https://www.goodreads.com/book/show/49552.The_Stranger","https://i.gr-assets.com/images/S/compressed.photo.goodreads.com/books/1738704267l/49552._SY75_.jpg"
"Le Petit Prince","https://www.goodreads.com/book/show/70720.Le_Petit_Prince","Saint-Exupéry, Antoine de","https://www.goodreads.com/author/show/1020792.Antoine_de_Saint_Exup_ry","","3125971403","9783125971400","3125971403","123","pp","4.34","2,610,703","Apr 06, 1943","Jan 01, 1998","","0","https://www.goodreads.com/review/show/6290982481","0","https://www.goodreads.com/rating/voters/6290982481?resource_type=Review","1","not set","","Feb 24, 2024","Mass Market Paperback","Nov 27, 2022","","https://www.goodreads.com/book/show/70720.Le_Petit_Prince","https://i.gr-assets.com/images/S/compressed.photo.goodreads.com/books/1324199942l/70720._SX50_.jpg"
"Twelfth Night","https://www.goodreads.com/book/show/1625.Twelfth_Night","Shakespeare, William","https://www.goodreads.com/author/show/947.William_Shakespeare","","0743482778","9780743482776","0743482778","222","pp","3.96","198,586","1623","Jul 01, 2004","","0","https://www.goodreads.com/review/show/6290981982","0","https://www.goodreads.com/rating/voters/6290981982?resource_type=Review","1","not set","","Feb 24, 2024","Mass Market Paperback","Apr 27, 2021","","https://www.goodreads.com/book/show/1625.Twelfth_Night","https://i.gr-assets.com/images/S/compressed.photo.goodreads.com/books/1561384026l/1625._SY75_.jpg"
"The Disordered Cosmos: A Journey into Dark Matter, Spacetime, and Dreams Deferred","https://www.goodreads.com/book/show/54455629-the-disordered-cosmos","Prescod-Weinstein, Chanda","https://www.goodreads.com/author/show/20491239.Chanda_Prescod_Weinstein","","1541724704","9781541724709","1541724704","320","pp","4.09","4,359","Mar 09, 2021","Mar 09, 2021","","0","https://www.goodreads.com/review/show/6290981497","0","https://www.goodreads.com/rating/voters/6290981497?resource_type=Review","1","not set","","Feb 24, 2024","Hardcover","Dec 27, 2021","","https://www.goodreads.com/book/show/54455629-the-disordered-cosmos","https://i.gr-assets.com/images/S/compressed.photo.goodreads.com/books/1594326004l/54455629._SY75_.jpg"
"Macbeth: Moment by Moment","https://www.goodreads.com/book/show/43913694-macbeth","Shakespeare, William","https://www.goodreads.com/author/show/947.William_Shakespeare","","0998809101","9780998809106","0998809101","214","pp","3.89","1,057,130","1623","Jan 01, 2016","","0","https://www.goodreads.com/review/show/6290980985","0","https://www.goodreads.com/rating/voters/6290980985?resource_type=Review","1","not set","","Feb 24, 2024","Paperback","Feb 27, 2022","","https://www.goodreads.com/book/show/43913694-macbeth","https://i.gr-assets.com/images/S/compressed.photo.goodreads.com/books/1671466418l/43913694._SY75_.jpg"
"How Not to Be Wrong: The Power of Mathematical Thinking","https://www.goodreads.com/book/show/18693884-how-not-to-be-wrong","Ellenberg, Jordan","https://www.goodreads.com/author/show/359894.Jordan_Ellenberg","","1594205221","9781594205224","1594205221","480","pp","3.95","21,936","May 29, 2014","May 29, 2014","","0","https://www.goodreads.com/review/show/6290979418","0","https://www.goodreads.com/rating/voters/6290979418?resource_type=Review","1","not set","","Feb 24, 2024","Hardcover","Jan 27, 2023","","https://www.goodreads.com/book/show/18693884-how-not-to-be-wrong","https://i.gr-assets.com/images/S/compressed.photo.goodreads.com/books/1387726285l/18693884._SY75_.jpg"
"The Tale of Troy: Retold from the Ancient Authors","https://www.goodreads.com/book/show/866753.The_Tale_of_Troy","Green, Roger Lancelyn","https://www.goodreads.com/author/show/13867.Roger_Lancelyn_Green","","0140367454","9780140367454","0140367454","210","pp","3.81","921","1958","Dec 01, 1995","","0","https://www.goodreads.com/review/show/6290976738","0","https://www.goodreads.com/rating/voters/6290976738?resource_type=Review","1","not set","","Feb 24, 2024","Paperback","Dec 27, 2014","","https://www.goodreads.com/book/show/866753.The_Tale_of_Troy","https://i.gr-assets.com/images/S/compressed.photo.goodreads.com/books/1348688197l/866753._SY75_.jpg"
"The Better Angels of Our Nature: Why Violence Has Declined","https://www.goodreads.com/book/show/13543093-the-better-angels-of-our-nature","Pinker, Steven","https://www.goodreads.com/author/show/3915.Steven_Pinker","*","0143122010","9780143122012","0143122010","806","pp","4.15","30,013","Oct 04, 2010","Sep 25, 2012","","0","https://www.goodreads.com/review/show/6290976113","0","https://www.goodreads.com/rating/voters/6290976113?resource_type=Review","1","not set","","Feb 24, 2024","Paperback","Dec 27, 2020","","https://www.goodreads.com/book/show/13543093-the-better-angels-of-our-nature","https://i.gr-assets.com/images/S/compressed.photo.goodreads.com/books/1513020635l/13543093._SX50_.jpg"
"The Daughters of Izdihar","https://www.goodreads.com/book/show/60833941-the-daughters-of-izdihar","Elsbai, Hadeer","https://www.goodreads.com/author/show/17547308.Hadeer_Elsbai","*","0063114747","9780063114746","0063114747","384","pp","3.74","3,714","Jan 10, 2023","Jan 10, 2023","","0","https://www.goodreads.com/review/show/6290975311","0","https://www.goodreads.com/rating/voters/6290975311?resource_type=Review","1","not set","","Feb 24, 2024","Hardcover","Dec 27, 2023","(The Alamaxa Duology, #1)","https://www.goodreads.com/book/show/60833941-the-daughters-of-izdihar","https://i.gr-assets.com/images/S/compressed.photo.goodreads.com/books/1657727557l/60833941._SY75_.jpg"
"Cracked Kingdom","https://www.goodreads.com/book/show/34705684-cracked-kingdom","Watt, Erin","https://www.goodreads.com/author/show/14902188.Erin_Watt","*","","","B0DM1M3D3H","305","pp","3.82","32,856","Feb 27, 2018","Mar 01, 2018","","0","https://www.goodreads.com/review/show/6290974493","0","https://www.goodreads.com/rating/voters/6290974493?resource_type=Review","1","not set","","Feb 24, 2024","Paperback","Dec 27, 2019","(The Royals, #5)","https://www.goodreads.com/book/show/34705684-cracked-kingdom","https://i.gr-assets.com/images/S/compressed.photo.goodreads.com/books/1519787743l/34705684._SY75_.jpg"
"Fallen Heir","https://www.goodreads.com/book/show/33807229-fallen-heir","Watt, Erin","https://www.goodreads.com/author/show/14902188.Erin_Watt","*","","","B0DM18MVQ9","339","pp","3.80","42,526","Aug 28, 2017","Aug 28, 2017","","0","https://www.goodreads.com/review/show/6290974291","0","https://www.goodreads.com/rating/voters/6290974291?resource_type=Review","1","not set","","Feb 24, 2024","ebook","Dec 27, 2019","(The Royals, #4)","https://www.goodreads.com/book/show/33807229-fallen-heir","https://i.gr-assets.com/images/S/compressed.photo.goodreads.com/books/1501528398l/33807229._SY75_.jpg"
"Twisted Palace","https://www.goodreads.com/book/show/29519517-twisted-palace","Watt, Erin","https://www.goodreads.com/author/show/14902188.Erin_Watt","*","1682305066","9781682305065","1682305066","370","pp","3.90","93,638","Oct 17, 2016","Oct 17, 2016","","0","https://www.goodreads.com/review/show/6290974065","0","https://www.goodreads.com/rating/voters/6290974065?resource_type=Review","1","not set","","Feb 24, 2024","Paperback","","(The Royals, #3)","https://www.goodreads.com/book/show/29519517-twisted-palace","https://i.gr-assets.com/images/S/compressed.photo.goodreads.com/books/1474992523l/29519517._SY75_.jpg"
"Broken Prince","https://www.goodreads.com/book/show/29519514-broken-prince","Watt, Erin","https://www.goodreads.com/author/show/14902188.Erin_Watt","*","1682305031","9781682305034","1682305031","370","pp","3.96","116,795","Jul 25, 2016","Jul 25, 2016","","0","https://www.goodreads.com/review/show/6290973854","0","https://www.goodreads.com/rating/voters/6290973854?resource_type=Review","1","not set","","Feb 24, 2024","Paperback","Dec 27, 2019","(The Royals, #2)","https://www.goodreads.com/book/show/29519514-broken-prince","https://i.gr-assets.com/images/S/compressed.photo.goodreads.com/books/1464248584l/29519514._SY75_.jpg"
"Paper Princess","https://www.goodreads.com/book/show/28678119-paper-princess","Watt, Erin","https://www.goodreads.com/author/show/14902188.Erin_Watt","*","","","B0DLZTJ7ZC","370","pp","3.91","173,157","Apr 04, 2016","Apr 04, 2016","","0","https://www.goodreads.com/review/show/6290973518","0","https://www.goodreads.com/rating/voters/6290973518?resource_type=Review","1","not set","","Feb 24, 2024","Kindle Edition","Dec 27, 2019","(The Royals, #1)","https://www.goodreads.com/book/show/28678119-paper-princess","https://i.gr-assets.com/images/S/compressed.photo.goodreads.com/books/1476744953l/28678119._SY75_.jpg"
"Watership Down","https://www.goodreads.com/book/show/76620.Watership_Down","Adams, Richard","https://www.goodreads.com/author/show/7717.Richard_Adams","","038039586X","9780380395866","038039586X","478","pp","4.10","515,322","Nov 1972","Jun 1975","","0","https://www.goodreads.com/review/show/6290971515","0","https://www.goodreads.com/rating/voters/6290971515?resource_type=Review","1","not set","","Feb 24, 2024","Mass Market Paperback","Dec 27, 2013","(Watership Down, #1)","https://www.goodreads.com/book/show/76620.Watership_Down","https://i.gr-assets.com/images/S/compressed.photo.goodreads.com/books/1405136931l/76620._SY75_.jpg"
"The Royal Ranger: A New Beginning","https://www.goodreads.com/book/show/41015844-the-royal-ranger","Flanagan, John","https://www.goodreads.com/author/show/34049.John_Flanagan","","1101638613","9781101638613","B00BPDR4E6","460","pp","4.27","39,153","2013","Nov 05, 2013","","0","https://www.goodreads.com/review/show/6290970543","0","https://www.goodreads.com/rating/voters/6290970543?resource_type=Review","1","not set","","Feb 24, 2024","Kindle Edition","Dec 27, 2013","(Ranger's Apprentice: The Royal Ranger, #1)","https://www.goodreads.com/book/show/41015844-the-royal-ranger","https://i.gr-assets.com/images/S/compressed.photo.goodreads.com/books/1533066559l/41015844._SY75_.jpg"
"The Lost Stories","https://www.goodreads.com/book/show/11309018-the-lost-stories","Flanagan, John","https://www.goodreads.com/author/show/34049.John_Flanagan","","0399256180","9780399256189","0399256180","422","pp","4.25","39,244","Oct 2011","Oct 04, 2011","","0","https://www.goodreads.com/review/show/6290970051","0","https://www.goodreads.com/rating/voters/6290970051?resource_type=Review","1","not set","","Feb 24, 2024","Hardcover","Dec 27, 2013","(Ranger's Apprentice, #11)","https://www.goodreads.com/book/show/11309018-the-lost-stories","https://i.gr-assets.com/images/S/compressed.photo.goodreads.com/books/1660269023l/11309018._SY75_.jpg"
"The Emperor of Nihon-Ja","https://www.goodreads.com/book/show/7592279-the-emperor-of-nihon-ja","Flanagan, John","https://www.goodreads.com/author/show/34049.John_Flanagan","","1741664489","9781741664485","1741664489","489","pp","4.41","60,930","Jun 17, 2011","Nov 01, 2010","","0","https://www.goodreads.com/review/show/6290969722","0","https://www.goodreads.com/rating/voters/6290969722?resource_type=Review","1","not set","not set","Feb 24, 2024","Paperback","","(Ranger's Apprentice, #10)","https://www.goodreads.com/book/show/7592279-the-emperor-of-nihon-ja","https://i.gr-assets.com/images/S/compressed.photo.goodreads.com/books/1446448563l/7592279._SY75_.jpg"
"Halt's Peril","https://www.goodreads.com/book/show/6348045-halt-s-peril","Flanagan, John","https://www.goodreads.com/author/show/34049.John_Flanagan","","1741663024","9781741663020","1741663024","441","pp","4.39","66,215","2009","Nov 02, 2009","","0","https://www.goodreads.com/review/show/6290969246","0","https://www.goodreads.com/rating/voters/6290969246?resource_type=Review","1","not set","","Feb 24, 2024","Paperback","Dec 27, 2013","(Ranger's Apprentice, #9)","https://www.goodreads.com/book/show/6348045-halt-s-peril","https://i.gr-assets.com/images/S/compressed.photo.goodreads.com/books/1327902875l/6348045._SY75_.jpg"
"The Kings of Clonmel","https://www.goodreads.com/book/show/5201089-the-kings-of-clonmel","Flanagan, John","https://www.goodreads.com/author/show/34049.John_Flanagan","","1741663016","9781741663013","1741663016","320","pp","4.30","66,562","2008","May 18, 2010","","0","https://www.goodreads.com/review/show/6290968927","0","https://www.goodreads.com/rating/voters/6290968927?resource_type=Review","1","not set","","Feb 24, 2024","Paperback","Dec 27, 2013","(Ranger's Apprentice, #8)","https://www.goodreads.com/book/show/5201089-the-kings-of-clonmel","https://i.gr-assets.com/images/S/compressed.photo.goodreads.com/books/1227576494l/5201089._SY75_.jpg"
"Erak's Ransom","https://www.goodreads.com/book/show/2836109-erak-s-ransom","Flanagan, John","https://www.goodreads.com/author/show/34049.John_Flanagan","","1741662095","9781741662092","1741662095","441","pp","4.33","72,452","Nov 01, 2007","Nov 01, 2007","","0","https://www.goodreads.com/review/show/6290968336","0","https://www.goodreads.com/rating/voters/6290968336?resource_type=Review","1","not set","","Feb 24, 2024","Paperback","Dec 27, 2013","(Ranger's Apprentice, #7)","https://www.goodreads.com/book/show/2836109-erak-s-ransom","https://i.gr-assets.com/images/S/compressed.photo.goodreads.com/books/1327918666l/2836109._SY75_.jpg"
"The Siege of Macindaw","https://www.goodreads.com/book/show/1814843.The_Siege_of_Macindaw","Flanagan, John","https://www.goodreads.com/author/show/34049.John_Flanagan","","174166134X","9781741661347","174166134X","320","pp","4.34","78,701","May 01, 2006","Aug 04, 2006","","0","https://www.goodreads.com/review/show/6290967845","0","https://www.goodreads.com/rating/voters/6290967845?resource_type=Review","1","not set","","Feb 24, 2024","Paperback","Dec 27, 2013","(Ranger's Apprentice, #6)","https://www.goodreads.com/book/show/1814843.The_Siege_of_Macindaw","https://i.gr-assets.com/images/S/compressed.photo.goodreads.com/books/1327445821l/1814843._SY75_.jpg"
"The Sorcerer in the North","https://www.goodreads.com/book/show/1524173.The_Sorcerer_in_the_North","Flanagan, John","https://www.goodreads.com/author/show/34049.John_Flanagan","","1741661285","9781741661286","1741661285","304","pp","4.28","85,738","Nov 04, 2006","Jun 25, 2009","","0","https://www.goodreads.com/review/show/6290967342","0","https://www.goodreads.com/rating/voters/6290967342?resource_type=Review","1","not set","","Feb 24, 2024","Paperback","Dec 27, 2013","(Ranger's Apprentice, #5)","https://www.goodreads.com/book/show/1524173.The_Sorcerer_in_the_North","https://i.gr-assets.com/images/S/compressed.photo.goodreads.com/books/1327918728l/1524173._SY75_.jpg"
"The Battle for Skandia","https://www.goodreads.com/book/show/144350.The_Battle_for_Skandia","Flanagan, John","https://www.goodreads.com/author/show/34049.John_Flanagan","","0399244573","9780399244575","0399244573","294","pp","4.36","110,010","2006","Mar 18, 2008","","0","https://www.goodreads.com/review/show/6290966894","0","https://www.goodreads.com/rating/voters/6290966894?resource_type=Review","1","not set","not set","Feb 24, 2024","Hardcover","","(Ranger's Apprentice, #4)","https://www.goodreads.com/book/show/144350.The_Battle_for_Skandia","https://i.gr-assets.com/images/S/compressed.photo.goodreads.com/books/1661030633l/144350._SY75_.jpg"
"The Icebound Land","https://www.goodreads.com/book/show/127823.The_Icebound_Land","Flanagan, John","https://www.goodreads.com/author/show/34049.John_Flanagan","","0399244565","9780399244568","0399244565","266","pp","4.24","100,054","Nov 25, 2005","Jun 26, 2007","","0","https://www.goodreads.com/review/show/6290966518","0","https://www.goodreads.com/rating/voters/6290966518?resource_type=Review","1","not set","","Feb 24, 2024","Hardcover","Dec 27, 2013","(Ranger's Apprentice, #3)","https://www.goodreads.com/book/show/127823.The_Icebound_Land","https://i.gr-assets.com/images/S/compressed.photo.goodreads.com/books/1441400105l/127823._SY75_.jpg"
"The Burning Bridge","https://www.goodreads.com/book/show/144349.The_Burning_Bridge","Flanagan, John","https://www.goodreads.com/author/show/34049.John_Flanagan","","0399244557","9780399244551","0399244557","262","pp","4.31","139,974","May 02, 2005","Jun 08, 2006","","0","https://www.goodreads.com/review/show/6290965997","0","https://www.goodreads.com/rating/voters/6290965997?resource_type=Review","1","not set","","Feb 24, 2024","Hardcover","Dec 27, 2013","(Ranger's Apprentice, #2)","https://www.goodreads.com/book/show/144349.The_Burning_Bridge","https://i.gr-assets.com/images/S/compressed.photo.goodreads.com/books/1684035333l/144349._SY75_.jpg"
"The Ruins of Gorlan","https://www.goodreads.com/book/show/60400.The_Ruins_of_Gorlan","Flanagan, John","https://www.goodreads.com/author/show/34049.John_Flanagan","","0142406635","9780142406632","0142406635","249","pp","4.26","180,822","Nov 01, 2004","Jun 08, 2006","","0","https://www.goodreads.com/review/show/6290965740","0","https://www.goodreads.com/rating/voters/6290965740?resource_type=Review","1","not set","","Feb 24, 2024","Paperback","Dec 27, 2013","(Ranger's Apprentice, #1)","https://www.goodreads.com/book/show/60400.The_Ruins_of_Gorlan","https://i.gr-assets.com/images/S/compressed.photo.goodreads.com/books/1293952830l/60400._SY75_.jpg"
"Fyre","https://www.goodreads.com/book/show/11984131-fyre","Sage, Angie","https://www.goodreads.com/author/show/157663.Angie_Sage","","0061242454","9780061242458","0061242454","720","pp","4.30","17,665","Apr 16, 2013","Apr 16, 2013","","0","https://www.goodreads.com/review/show/6290965234","0","https://www.goodreads.com/rating/voters/6290965234?resource_type=Review","1","not set","","Feb 24, 2024","Hardcover","Dec 27, 2014","(Septimus Heap, #7)","https://www.goodreads.com/book/show/11984131-fyre","https://i.gr-assets.com/images/S/compressed.photo.goodreads.com/books/1341068936l/11984131._SX50_.jpg"
"Syren","https://www.goodreads.com/book/show/4935682-syren","Sage, Angie","https://www.goodreads.com/author/show/157663.Angie_Sage","","0747594155","9780747594154","0747594155","628","pp","4.11","36,129","Sep 29, 2009","Dec 08, 2010","","0","https://www.goodreads.com/review/show/6290964962","0","https://www.goodreads.com/rating/voters/6290964962?resource_type=Review","1","not set","","Feb 24, 2024","Hardcover","Dec 27, 2014","(Septimus Heap #5)","https://www.goodreads.com/book/show/4935682-syren","https://i.gr-assets.com/images/S/compressed.photo.goodreads.com/books/1327949203l/4935682._SX50_.jpg"
"Queste","https://www.goodreads.com/book/show/1375896.Queste","Sage, Angie","https://www.goodreads.com/author/show/157663.Angie_Sage","","0060882077","9780060882075","0060882077","596","pp","4.07","55,627","Apr 08, 2008","Apr 08, 2008","","0","https://www.goodreads.com/review/show/6290964693","0","https://www.goodreads.com/rating/voters/6290964693?resource_type=Review","1","not set","","Feb 24, 2024","Hardcover","Dec 27, 2014","(Septimus Heap #4)","https://www.goodreads.com/book/show/1375896.Queste","https://i.gr-assets.com/images/S/compressed.photo.goodreads.com/books/1440956685l/1375896._SX50_.jpg"
"Physik","https://www.goodreads.com/book/show/355916.Physik","Sage, Angie","https://www.goodreads.com/author/show/157663.Angie_Sage","","0060577371","9780060577377","0060577371","545","pp","4.02","57,183","Mar 27, 2007","Mar 27, 2007","","0","https://www.goodreads.com/review/show/6290964528","0","https://www.goodreads.com/rating/voters/6290964528?resource_type=Review","1","not set","","Feb 24, 2024","Hardcover","Dec 27, 2014","(Septimus Heap, #3)","https://www.goodreads.com/book/show/355916.Physik","https://i.gr-assets.com/images/S/compressed.photo.goodreads.com/books/1398052658l/355916._SX50_.jpg"
"Flyte","https://www.goodreads.com/book/show/355917.Flyte","Sage, Angie","https://www.goodreads.com/author/show/157663.Angie_Sage","","0060577363","9780060577360","0060577363","521","pp","4.01","75,370","Mar 06, 2006","Mar 27, 2007","","0","https://www.goodreads.com/review/show/6290964322","0","https://www.goodreads.com/rating/voters/6290964322?resource_type=Review","1","not set","","Feb 24, 2024","Paperback","Dec 27, 2014","(Septimus Heap, #2)","https://www.goodreads.com/book/show/355917.Flyte","https://i.gr-assets.com/images/S/compressed.photo.goodreads.com/books/1442694368l/355917._SX50_.jpg"
"Magyk","https://www.goodreads.com/book/show/769483.Magyk","Sage, Angie","https://www.goodreads.com/author/show/157663.Angie_Sage","","0060577312","9780060577315","0060577312","564","pp","3.86","126,271","May 11, 2005","May 11, 2005","","0","https://www.goodreads.com/review/show/6290963989","0","https://www.goodreads.com/rating/voters/6290963989?resource_type=Review","1","not set","","Feb 24, 2024","Hardcover","Dec 27, 2014","(Septimus Heap, #1)","https://www.goodreads.com/book/show/769483.Magyk","https://i.gr-assets.com/images/S/compressed.photo.goodreads.com/books/1404330986l/769483._SX50_.jpg"
"Shadow City","https://www.goodreads.com/book/show/53138119-shadow-city","Flores, Francesca","https://www.goodreads.com/author/show/18390001.Francesca_Flores","*","1250220483","9781250220486","1250220483","400","pp","3.84","171","Jan 26, 2021","Jan 26, 2021","","0","https://www.goodreads.com/review/show/6290963534","0","https://www.goodreads.com/rating/voters/6290963534?resource_type=Review","1","not set","","Feb 24, 2024","Hardcover","Feb 27, 2021","(The City of Diamond and Steel, #2)","https://www.goodreads.com/book/show/53138119-shadow-city","https://i.gr-assets.com/images/S/compressed.photo.goodreads.com/books/1592241785l/53138119._SY75_.jpg"
"Diamond City","https://www.goodreads.com/book/show/41721210-diamond-city","Flores, Francesca","https://www.goodreads.com/author/show/18390001.Francesca_Flores","*","1250220440","9781250220448","1250220440","392","pp","3.53","1,020","Jan 28, 2020","Jan 28, 2020","","0","https://www.goodreads.com/review/show/6290963166","0","https://www.goodreads.com/rating/voters/6290963166?resource_type=Review","1","not set","","Feb 24, 2024","Hardcover","Jul 27, 2020","(The City of Diamond and Steel, #1)","https://www.goodreads.com/book/show/41721210-diamond-city","https://i.gr-assets.com/images/S/compressed.photo.goodreads.com/books/1561127443l/41721210._SY75_.jpg"
"Defy the Fates","https://www.goodreads.com/book/show/39841372-defy-the-fates","Gray, Claudia","https://www.goodreads.com/author/show/1192311.Claudia_Gray","*","0316440752","9780316440752","0316440752","470","pp","3.90","3,136","Apr 02, 2019","Apr 02, 2019","","0","https://www.goodreads.com/review/show/6290962713","0","https://www.goodreads.com/rating/voters/6290962713?resource_type=Review","1","not set","","Feb 24, 2024","Hardcover","Dec 27, 2019","(Constellation, #3)","https://www.goodreads.com/book/show/39841372-defy-the-fates","https://i.gr-assets.com/images/S/compressed.photo.goodreads.com/books/1534350846l/39841372._SX50_.jpg"
"Defy the Worlds","https://www.goodreads.com/book/show/34942737-defy-the-worlds","Gray, Claudia","https://www.goodreads.com/author/show/1192311.Claudia_Gray","*","","","B074N2N6V3","481","pp","4.06","5,040","Mar 28, 2018","Apr 03, 2018","","0","https://www.goodreads.com/review/show/6290962469","0","https://www.goodreads.com/rating/voters/6290962469?resource_type=Review","1","not set","","Feb 24, 2024","Kindle Edition","Dec 27, 2019","(Constellation, #2)","https://www.goodreads.com/book/show/34942737-defy-the-worlds","https://i.gr-assets.com/images/S/compressed.photo.goodreads.com/books/1513817502l/34942737._SY75_.jpg"
"Defy the Stars","https://www.goodreads.com/book/show/31423196-defy-the-stars","Gray, Claudia","https://www.goodreads.com/author/show/1192311.Claudia_Gray","*","0316394033","9780316394031","0316394033","528","pp","4.02","13,858","Apr 04, 2017","Apr 04, 2017","","0","https://www.goodreads.com/review/show/6290962109","0","https://www.goodreads.com/rating/voters/6290962109?resource_type=Review","1","not set","","Feb 24, 2024","Hardcover","Dec 27, 2019","(Constellation, #1)","https://www.goodreads.com/book/show/31423196-defy-the-stars","https://i.gr-assets.com/images/S/compressed.photo.goodreads.com/books/1484967166l/31423196._SX50_.jpg"
"Lore","https://www.goodreads.com/book/show/53375824-lore","Bracken, Alexandra","https://www.goodreads.com/author/show/2973783.Alexandra_Bracken","*","1484778200","9781484778203","1484778200","480","pp","3.73","111,079","Jan 05, 2021","Jan 05, 2021","","0","https://www.goodreads.com/review/show/6290961471","0","https://www.goodreads.com/rating/voters/6290961471?resource_type=Review","1","not set","","Feb 24, 2024","Hardcover","Dec 27, 2021","","https://www.goodreads.com/book/show/53375824-lore","https://i.gr-assets.com/images/S/compressed.photo.goodreads.com/books/1594222283l/53375824._SY75_.jpg"
"Crown of Coral and Pearl","https://www.goodreads.com/book/show/37777083-crown-of-coral-and-pearl","Rutherford, Mara","https://www.goodreads.com/author/show/17556487.Mara_Rutherford","*","1488038880","9781488038884","B07HCJYLMD","384","pp","3.87","14,087","Aug 27, 2019","Aug 27, 2019","","0","https://www.goodreads.com/review/show/6290961088","0","https://www.goodreads.com/rating/voters/6290961088?resource_type=Review","1","not set","","Feb 24, 2024","Kindle Edition","Dec 27, 2019","(Crown of Coral and Pearl, #1)","https://www.goodreads.com/book/show/37777083-crown-of-coral-and-pearl","https://i.gr-assets.com/images/S/compressed.photo.goodreads.com/books/1541165619l/37777083._SY75_.jpg"
"Mist, Metal, and Ash","https://www.goodreads.com/book/show/39280441-mist-metal-and-ash","Clare, Gwendolyn","https://www.goodreads.com/author/show/4701504.Gwendolyn_Clare","*","1250112788","9781250112781","1250112788","336","pp","3.76","910","Feb 19, 2019","Feb 19, 2019","","0","https://www.goodreads.com/review/show/6290960578","0","https://www.goodreads.com/rating/voters/6290960578?resource_type=Review","1","not set","","Feb 24, 2024","Hardcover","Dec 27, 2019","(Ink, Iron, and Glass #2)","https://www.goodreads.com/book/show/39280441-mist-metal-and-ash","https://i.gr-assets.com/images/S/compressed.photo.goodreads.com/books/1534280035l/39280441._SY75_.jpg"
"Ink, Iron, and Glass","https://www.goodreads.com/book/show/30523827-ink-iron-and-glass","Clare, Gwendolyn","https://www.goodreads.com/author/show/4701504.Gwendolyn_Clare","*","1250112753","9781250112750","B074DZ1RPJ","336","pp","3.53","2,722","Feb 20, 2018","Feb 20, 2018","","0","https://www.goodreads.com/review/show/6290960119","0","https://www.goodreads.com/rating/voters/6290960119?resource_type=Review","1","not set","","Feb 24, 2024","Kindle Edition","Dec 27, 2018","(Ink, Iron, and Glass, #1)","https://www.goodreads.com/book/show/30523827-ink-iron-and-glass","https://i.gr-assets.com/images/S/compressed.photo.goodreads.com/books/1503939964l/30523827._SX50_.jpg"
"Steelstriker","https://www.goodreads.com/book/show/43851082-steelstriker","Lu, Marie","https://www.goodreads.com/author/show/4342215.Marie_Lu","*","1250221730","9781250221735","B08LT82NFX","384","pp","3.92","11,777","Sep 28, 2021","Sep 28, 2021","","0","https://www.goodreads.com/review/show/6290959470","0","https://www.goodreads.com/rating/voters/6290959470?resource_type=Review","1","not set","","Feb 24, 2024","Kindle Edition","Dec 27, 2021","(Skyhunter, #2)","https://www.goodreads.com/book/show/43851082-steelstriker","https://i.gr-assets.com/images/S/compressed.photo.goodreads.com/books/1615820793l/43851082._SY75_.jpg"
"Skyhunter","https://www.goodreads.com/book/show/53174067-skyhunter","Lu, Marie","https://www.goodreads.com/author/show/4342215.Marie_Lu","*","1250221684","9781250221681","1250221684","371","pp","4.02","25,016","Sep 29, 2020","Sep 29, 2020","","0","https://www.goodreads.com/review/show/6290959133","0","https://www.goodreads.com/rating/voters/6290959133?resource_type=Review","1","not set","","Feb 24, 2024","Hardcover","Dec 27, 2020","(Skyhunter, #1)","https://www.goodreads.com/book/show/53174067-skyhunter","https://i.gr-assets.com/images/S/compressed.photo.goodreads.com/books/1590598478l/53174067._SY75_.jpg"
"House of Salt and Sorrows","https://www.goodreads.com/book/show/39679076-house-of-salt-and-sorrows","Craig, Erin A.","https://www.goodreads.com/author/show/17892078.Erin_A_Craig","*","1984831925","9781984831927","1984831925","403","pp","3.89","118,641","Aug 06, 2019","Aug 06, 2019","","0","https://www.goodreads.com/review/show/6290958789","0","https://www.goodreads.com/rating/voters/6290958789?resource_type=Review","1","not set","","Feb 24, 2024","Hardcover","Dec 27, 2019","(Sisters of the Salt, #1)","https://www.goodreads.com/book/show/39679076-house-of-salt-and-sorrows","https://i.gr-assets.com/images/S/compressed.photo.goodreads.com/books/1544071699l/39679076._SY75_.jpg"
"Freakonomics: A Rogue Economist Explores the Hidden Side of Everything","https://www.goodreads.com/book/show/1202.Freakonomics","Levitt, Steven D.","https://www.goodreads.com/author/show/798.Steven_D_Levitt","","0061234001","9780061234002","0061234001","268","pp","4.01","911,789","Apr 12, 2005","Oct 17, 2006","","0","https://www.goodreads.com/review/show/6290958436","0","https://www.goodreads.com/rating/voters/6290958436?resource_type=Review","1","not set","","Feb 24, 2024","Hardcover","Aug 27, 2021","","https://www.goodreads.com/book/show/1202.Freakonomics","https://i.gr-assets.com/images/S/compressed.photo.goodreads.com/books/1550917827l/1202._SX50_.jpg"
"Everything, Everything","https://www.goodreads.com/book/show/18692431-everything-everything","Yoon, Nicola","https://www.goodreads.com/author/show/7353006.Nicola_Yoon","*","0553496646","9780553496642","0553496646","312","pp","3.95","691,763","Sep 01, 2015","Sep 01, 2015","","0","https://www.goodreads.com/review/show/6290958252","0","https://www.goodreads.com/rating/voters/6290958252?resource_type=Review","2","not set","not set","Feb 24, 2024","Hardcover","May 27, 2017","","https://www.goodreads.com/book/show/18692431-everything-everything","https://i.gr-assets.com/images/S/compressed.photo.goodreads.com/books/1450515891l/18692431._SY75_.jpg"
"Curse of the Divine","https://www.goodreads.com/book/show/48999853-curse-of-the-divine","Smejkal, Kim","https://www.goodreads.com/author/show/18143421.Kim_Smejkal","*","0358411173","9780358411178","B081TTZ38J","453","pp","3.91","410","Feb 09, 2021","Feb 09, 2021","","0","https://www.goodreads.com/review/show/6290957725","0","https://www.goodreads.com/rating/voters/6290957725?resource_type=Review","1","not set","","Feb 24, 2024","Kindle Edition","Feb 27, 2021","(Ink in the Blood, #2)","https://www.goodreads.com/book/show/48999853-curse-of-the-divine","https://i.gr-assets.com/images/S/compressed.photo.goodreads.com/books/1574897186l/48999853._SY75_.jpg"
"Ink in the Blood","https://www.goodreads.com/book/show/43261156-ink-in-the-blood","Smejkal, Kim","https://www.goodreads.com/author/show/18143421.Kim_Smejkal","*","1328557057","9781328557056","1328557057","448","pp","3.59","1,929","Feb 11, 2020","Feb 11, 2020","","0","https://www.goodreads.com/review/show/6290957439","0","https://www.goodreads.com/rating/voters/6290957439?resource_type=Review","1","not set","","Feb 24, 2024","Hardcover","Dec 27, 2020","(Ink in The Blood, #1)","https://www.goodreads.com/book/show/43261156-ink-in-the-blood","https://i.gr-assets.com/images/S/compressed.photo.goodreads.com/books/1549264680l/43261156._SY75_.jpg"
"Phoenix Flame","https://www.goodreads.com/book/show/53138219-phoenix-flame","Holland, Sara","https://www.goodreads.com/author/show/16022936.Sara_Holland","*","1547603828","9781547603824","1547603828","272","pp","3.34","1,976","Mar 02, 2021","Mar 02, 2021","","0","https://www.goodreads.com/review/show/6290956994","0","https://www.goodreads.com/rating/voters/6290956994?resource_type=Review","1","not set","","Feb 24, 2024","Hardcover","Dec 27, 2021","(Havenfall, #2)","https://www.goodreads.com/book/show/53138219-phoenix-flame","https://i.gr-assets.com/images/S/compressed.photo.goodreads.com/books/1595001530l/53138219._SY75_.jpg"
"Havenfall","https://www.goodreads.com/book/show/44281011-havenfall","Holland, Sara","https://www.goodreads.com/author/show/16022936.Sara_Holland","*","1547603798","9781547603794","1547603798","305","pp","3.48","8,589","Mar 03, 2020","Mar 03, 2020","","0","https://www.goodreads.com/review/show/6290956625","0","https://www.goodreads.com/rating/voters/6290956625?resource_type=Review","1","not set","","Feb 24, 2024","Hardcover","Dec 27, 2020","(Havenfall, #1)","https://www.goodreads.com/book/show/44281011-havenfall","https://i.gr-assets.com/images/S/compressed.photo.goodreads.com/books/1573834836l/44281011._SY75_.jpg"
"The Queen's Resistance","https://www.goodreads.com/book/show/38739550-the-queen-s-resistance","Ross, Rebecca","https://www.goodreads.com/author/show/14926516.Rebecca_Ross","*","0062471406","9780062471406","0062471406","496","pp","4.15","13,396","Mar 05, 2019","Mar 05, 2019","","0","https://www.goodreads.com/review/show/6290955833","0","https://www.goodreads.com/rating/voters/6290955833?resource_type=Review","1","not set","","Feb 24, 2024","ebook","Dec 27, 2019","(The Queen’s Rising, #2)","https://www.goodreads.com/book/show/38739550-the-queen-s-resistance","https://i.gr-assets.com/images/S/compressed.photo.goodreads.com/books/1529602560l/38739550._SY75_.jpg"
"The Queen's Rising","https://www.goodreads.com/book/show/35098412-the-queen-s-rising","Ross, Rebecca","https://www.goodreads.com/author/show/14926516.Rebecca_Ross","*","0062471341","9780062471345","0062471341","439","pp","3.95","28,938","Feb 06, 2018","Feb 06, 2018","","0","https://www.goodreads.com/review/show/6290955546","0","https://www.goodreads.com/rating/voters/6290955546?resource_type=Review","1","not set","","Feb 24, 2024","Hardcover","Dec 27, 2018","(The Queen’s Rising, #1)","https://www.goodreads.com/book/show/35098412-the-queen-s-rising","https://i.gr-assets.com/images/S/compressed.photo.goodreads.com/books/1498236653l/35098412._SY75_.jpg"
"Supernova","https://www.goodreads.com/book/show/42771754-supernova","Meyer, Marissa","https://www.goodreads.com/author/show/4684322.Marissa_Meyer","*","1250078385","9781250078384","1250078385","622","pp","4.37","91,500","Nov 05, 2019","Nov 05, 2019","","0","https://www.goodreads.com/review/show/6290954645","0","https://www.goodreads.com/rating/voters/6290954645?resource_type=Review","1","not set","","Feb 24, 2024","Hardcover","Dec 27, 2019","(Renegades, #3)","https://www.goodreads.com/book/show/42771754-supernova","https://i.gr-assets.com/images/S/compressed.photo.goodreads.com/books/1557159835l/42771754._SY75_.jpg"
"Archenemies","https://www.goodreads.com/book/show/35425827-archenemies","Meyer, Marissa","https://www.goodreads.com/author/show/4684322.Marissa_Meyer","*","1250311446","9781250311443","1250311446","560","pp","4.23","106,136","Nov 06, 2018","Nov 06, 2018","","0","https://www.goodreads.com/review/show/6290954323","0","https://www.goodreads.com/rating/voters/6290954323?resource_type=Review","1","not set","","Feb 24, 2024","ebook","Dec 27, 2018","(Renegades, #2)","https://www.goodreads.com/book/show/35425827-archenemies","https://i.gr-assets.com/images/S/compressed.photo.goodreads.com/books/1526668679l/35425827._SX50_.jpg"
"Renegades","https://www.goodreads.com/book/show/28421168-renegades","Meyer, Marissa","https://www.goodreads.com/author/show/4684322.Marissa_Meyer","*","1250044669","9781250044662","1250044669","552","pp","4.11","171,222","Nov 07, 2017","Nov 07, 2017","","0","https://www.goodreads.com/review/show/6290954054","0","https://www.goodreads.com/rating/voters/6290954054?resource_type=Review","1","not set","","Feb 24, 2024","Hardcover","Dec 27, 2017","(Renegades, #1)","https://www.goodreads.com/book/show/28421168-renegades","https://i.gr-assets.com/images/S/compressed.photo.goodreads.com/books/1494896884l/28421168._SX50_.jpg"
"Extras","https://www.goodreads.com/book/show/493456.Extras","Westerfeld, Scott","https://www.goodreads.com/author/show/13957.Scott_Westerfeld","*","1416951172","9781416951179","1416951172","417","pp","3.59","129,435","May 10, 2006","Oct 02, 2007","","0","https://www.goodreads.com/review/show/6290953627","0","https://www.goodreads.com/rating/voters/6290953627?resource_type=Review","1","not set","","Feb 24, 2024","Hardcover","Dec 27, 2018","(Uglies, #4)","https://www.goodreads.com/book/show/493456.Extras","https://i.gr-assets.com/images/S/compressed.photo.goodreads.com/books/1388187650l/493456._SX50_.jpg"
"Specials","https://www.goodreads.com/book/show/24765.Specials","Westerfeld, Scott","https://www.goodreads.com/author/show/13957.Scott_Westerfeld","*","0689865406","9780689865404","0689865406","384","pp","3.74","206,960","May 09, 2006","May 09, 2006","","0","https://www.goodreads.com/review/show/6290953378","0","https://www.goodreads.com/rating/voters/6290953378?resource_type=Review","1","not set","","Feb 24, 2024","Hardcover","Dec 27, 2018","(Uglies, #3)","https://www.goodreads.com/book/show/24765.Specials","https://i.gr-assets.com/images/S/compressed.photo.goodreads.com/books/1390340887l/24765._SX50_.jpg"
"Pretties","https://www.goodreads.com/book/show/24768.Pretties","Westerfeld, Scott","https://www.goodreads.com/author/show/13957.Scott_Westerfeld","*","0689865392","9780689865398","0689865392","370","pp","3.82","283,599","Nov 01, 2005","Nov 01, 2005","","0","https://www.goodreads.com/review/show/6290953035","0","https://www.goodreads.com/rating/voters/6290953035?resource_type=Review","1","not set","","Feb 24, 2024","Paperback","Dec 27, 2018","(Uglies, #2)","https://www.goodreads.com/book/show/24768.Pretties","https://i.gr-assets.com/images/S/compressed.photo.goodreads.com/books/1388314207l/24768._SX50_.jpg"
"A Million Worlds with You","https://www.goodreads.com/book/show/28960100-a-million-worlds-with-you","Gray, Claudia","https://www.goodreads.com/author/show/1192311.Claudia_Gray","*","0062279025","9780062279026","0062279025","419","pp","4.04","17,652","Nov 01, 2016","Nov 01, 2016","","0","https://www.goodreads.com/review/show/6290952446","0","https://www.goodreads.com/rating/voters/6290952446?resource_type=Review","1","not set","","Feb 24, 2024","Hardcover","Dec 27, 2017","(Firebird, #3)","https://www.goodreads.com/book/show/28960100-a-million-worlds-with-you","https://i.gr-assets.com/images/S/compressed.photo.goodreads.com/books/1477739779l/28960100._SY75_.jpg"
"Ten Thousand Skies Above You","https://www.goodreads.com/book/show/17234659-ten-thousand-skies-above-you","Gray, Claudia","https://www.goodreads.com/author/show/1192311.Claudia_Gray","*","","","B00TE8LHXI","424","pp","4.05","25,139","Nov 03, 2015","Nov 03, 2015","","0","https://www.goodreads.com/review/show/6290952261","0","https://www.goodreads.com/rating/voters/6290952261?resource_type=Review","1","not set","","Feb 24, 2024","Kindle Edition","Dec 27, 2017","(Firebird, #2)","https://www.goodreads.com/book/show/17234659-ten-thousand-skies-above-you","https://i.gr-assets.com/images/S/compressed.photo.goodreads.com/books/1423065898l/17234659._SY75_.jpg"
"A Thousand Pieces of You","https://www.goodreads.com/book/show/17234658-a-thousand-pieces-of-you","Gray, Claudia","https://www.goodreads.com/author/show/1192311.Claudia_Gray","*","0062278967","9780062278968","0062278967","368","pp","3.89","62,629","Nov 04, 2014","Nov 04, 2014","","0","https://www.goodreads.com/review/show/6290951616","0","https://www.goodreads.com/rating/voters/6290951616?resource_type=Review","1","not set","","Feb 24, 2024","Hardcover","Dec 27, 2017","(Firebird, #1)","https://www.goodreads.com/book/show/17234658-a-thousand-pieces-of-you","https://i.gr-assets.com/images/S/compressed.photo.goodreads.com/books/1400166295l/17234658._SY75_.jpg"
"The Everlasting Rose","https://www.goodreads.com/book/show/39080472-the-everlasting-rose","Clayton, Dhonielle","https://www.goodreads.com/author/show/7359319.Dhonielle_Clayton","*","1484728483","9781484728482","1484728483","344","pp","3.60","7,959","Mar 05, 2019","Mar 05, 2019","","0","https://www.goodreads.com/review/show/6290950692","0","https://www.goodreads.com/rating/voters/6290950692?resource_type=Review","1","not set","","Feb 24, 2024","Hardcover","Dec 27, 2019","(The Belles, #2)","https://www.goodreads.com/book/show/39080472-the-everlasting-rose","https://i.gr-assets.com/images/S/compressed.photo.goodreads.com/books/1683042314l/39080472._SY75_.jpg"
"The Belles","https://www.goodreads.com/book/show/23197837-the-belles","Clayton, Dhonielle","https://www.goodreads.com/author/show/7359319.Dhonielle_Clayton","*","1484728491","9781484728499","1484728491","448","pp","3.82","25,547","Feb 06, 2018","Feb 06, 2018","","0","https://www.goodreads.com/review/show/6290950251","0","https://www.goodreads.com/rating/voters/6290950251?resource_type=Review","1","not set","","Feb 24, 2024","Hardcover","Dec 27, 2018","(The Belles, #1)","https://www.goodreads.com/book/show/23197837-the-belles","https://i.gr-assets.com/images/S/compressed.photo.goodreads.com/books/1780531327l/23197837._SY75_.jpg"
"The Girl Who Drank the Moon","https://www.goodreads.com/book/show/28110852-the-girl-who-drank-the-moon","Barnhill, Kelly","https://www.goodreads.com/author/show/945430.Kelly_Barnhill","*","1616205679","9781616205676","1616205679","388","pp","4.11","120,043","Aug 09, 2016","Aug 09, 2016","","0","https://www.goodreads.com/review/show/6290949502","0","https://www.goodreads.com/rating/voters/6290949502?resource_type=Review","1","not set","","Feb 24, 2024","Hardcover","Dec 27, 2017","","https://www.goodreads.com/book/show/28110852-the-girl-who-drank-the-moon","https://i.gr-assets.com/images/S/compressed.photo.goodreads.com/books/1485376116l/28110852._SY75_.jpg"
"The Art of Racing in the Rain","https://www.goodreads.com/book/show/3153910-the-art-of-racing-in-the-rain","Stein, Garth","https://www.goodreads.com/author/show/194531.Garth_Stein","*","1554681723","9781554681723","1554681723","336","pp","4.24","567,376","May 13, 2008","May 13, 2008","","0","https://www.goodreads.com/review/show/6290948888","0","https://www.goodreads.com/rating/voters/6290948888?resource_type=Review","1","not set","","Feb 24, 2024","Hardcover","Dec 27, 2020","","https://www.goodreads.com/book/show/3153910-the-art-of-racing-in-the-rain","https://i.gr-assets.com/images/S/compressed.photo.goodreads.com/books/1377206302l/3153910._SY75_.jpg"
"The Forgetting","https://www.goodreads.com/book/show/28691932-the-forgetting","Cameron, Sharon","https://www.goodreads.com/author/show/190578.Sharon_Cameron","*","0545945216","9780545945219","0545945216","403","pp","3.96","13,523","Sep 13, 2016","Sep 13, 2016","","0","https://www.goodreads.com/review/show/6290948349","0","https://www.goodreads.com/rating/voters/6290948349?resource_type=Review","1","not set","","Feb 24, 2024","Hardcover","Dec 27, 2016","(The Forgetting, #1)","https://www.goodreads.com/book/show/28691932-the-forgetting","https://i.gr-assets.com/images/S/compressed.photo.goodreads.com/books/1456500484l/28691932._SY75_.jpg"
"Sweet Honey","https://www.goodreads.com/book/show/21054834-sweet-honey","Cassidy, Cathy","https://www.goodreads.com/author/show/63533.Cathy_Cassidy","*","0141341564","9780141341569","0141341564","304","pp","4.19","5,053","Jan 01, 2014","Jul 29, 2014","","0","https://www.goodreads.com/review/show/6290947294","0","https://www.goodreads.com/rating/voters/6290947294?resource_type=Review","1","not set","","Feb 24, 2024","Hardcover","Dec 27, 2015","(Chocolate Box Girls, #5)","https://www.goodreads.com/book/show/21054834-sweet-honey","https://i.gr-assets.com/images/S/compressed.photo.goodreads.com/books/1394342122l/21054834._SX50_.jpg"
"Fight or Flight","https://www.goodreads.com/book/show/36579299-fight-or-flight","Young, Samantha","https://www.goodreads.com/author/show/4167378.Samantha_Young","*","0349419310","9780349419312","0349419310","288","pp","3.71","26,792","Oct 09, 2018","Oct 09, 2018","","0","https://www.goodreads.com/review/show/6290946314","0","https://www.goodreads.com/rating/voters/6290946314?resource_type=Review","1","not set","","Feb 24, 2024","Paperback","Dec 27, 2020","","https://www.goodreads.com/book/show/36579299-fight-or-flight","https://i.gr-assets.com/images/S/compressed.photo.goodreads.com/books/1519431695l/36579299._SY75_.jpg"
"The Amber Spyglass","https://www.goodreads.com/book/show/18122.The_Amber_Spyglass","Pullman, Philip","https://www.goodreads.com/author/show/3618.Philip_Pullman","","0440238153","9780440238157","0440238153","465","pp","4.11","391,431","Oct 10, 2000","Sep 09, 2003","","0","https://www.goodreads.com/review/show/6290945873","0","https://www.goodreads.com/rating/voters/6290945873?resource_type=Review","1","not set","","Feb 24, 2024","Mass Market Paperback","Dec 27, 2013","(His Dark Materials, #3)","https://www.goodreads.com/book/show/18122.The_Amber_Spyglass","https://i.gr-assets.com/images/S/compressed.photo.goodreads.com/books/1329189152l/18122._SY75_.jpg"
"The Golden Compass","https://www.goodreads.com/book/show/119322.The_Golden_Compass","Pullman, Philip","https://www.goodreads.com/author/show/3618.Philip_Pullman","","0679879242","9780679879244","B001NAR73E","399","pp","4.04","1,647,459","Jul 09, 1995","Apr 16, 1996","","0","https://www.goodreads.com/review/show/6290945648","0","https://www.goodreads.com/rating/voters/6290945648?resource_type=Review","1","not set","","Feb 24, 2024","Hardcover","Dec 27, 2013","(His Dark Materials, #1)","https://www.goodreads.com/book/show/119322.The_Golden_Compass","https://i.gr-assets.com/images/S/compressed.photo.goodreads.com/books/1505766203l/119322._SX50_.jpg"
"The Subtle Knife","https://www.goodreads.com/book/show/41637836-the-subtle-knife","Pullman, Philip","https://www.goodreads.com/author/show/3618.Philip_Pullman","","","","B00SSJYF8S","370","pp","4.15","468,458","Jul 22, 1997","Sep 2018","","0","https://www.goodreads.com/review/show/6290945383","0","https://www.goodreads.com/rating/voters/6290945383?resource_type=Review","1","not set","","Feb 24, 2024","Kindle Edition","Dec 27, 2013","(His Dark Materials, #2)","https://www.goodreads.com/book/show/41637836-the-subtle-knife","https://i.gr-assets.com/images/S/compressed.photo.goodreads.com/books/1535965085l/41637836._SY75_.jpg"
"Firstlife","https://www.goodreads.com/book/show/25785357-firstlife","Showalter, Gena","https://www.goodreads.com/author/show/48192.Gena_Showalter","*","0373211570","9780373211579","0373211570","467","pp","3.68","22,501","Feb 23, 2016","Feb 23, 2016","","0","https://www.goodreads.com/review/show/6290944632","0","https://www.goodreads.com/rating/voters/6290944632?resource_type=Review","1","not set","","Feb 24, 2024","Hardcover","Dec 27, 2016","(Everlife, #1)","https://www.goodreads.com/book/show/25785357-firstlife","https://i.gr-assets.com/images/S/compressed.photo.goodreads.com/books/1456503579l/25785357._SY75_.jpg"
"Tempests and Slaughter","https://www.goodreads.com/book/show/17312156-tempests-and-slaughter","Pierce, Tamora","https://www.goodreads.com/author/show/8596.Tamora_Pierce","*","0375847111","9780375847110","0375847111","465","pp","4.10","18,751","Feb 06, 2018","Feb 06, 2018","","0","https://www.goodreads.com/review/show/6290944216","0","https://www.goodreads.com/rating/voters/6290944216?resource_type=Review","1","not set","","Feb 24, 2024","Hardcover","Dec 27, 2018","(The Numair Chronicles, #1)","https://www.goodreads.com/book/show/17312156-tempests-and-slaughter","https://i.gr-assets.com/images/S/compressed.photo.goodreads.com/books/1508341261l/17312156._SY75_.jpg"
"The Possible","https://www.goodreads.com/book/show/31450942-the-possible","Altebrando, Tara","https://www.goodreads.com/author/show/168413.Tara_Altebrando","*","1619638053","9781619638051","1619638053","304","pp","3.25","883","Jun 01, 2017","Jun 06, 2017","","0","https://www.goodreads.com/review/show/6290943477","0","https://www.goodreads.com/rating/voters/6290943477?resource_type=Review","1","not set","","Feb 24, 2024","Hardcover","Dec 27, 2018","","https://www.goodreads.com/book/show/31450942-the-possible","https://i.gr-assets.com/images/S/compressed.photo.goodreads.com/books/1472702681l/31450942._SY75_.jpg"
"Starry Eyes","https://www.goodreads.com/book/show/35297469-starry-eyes","Bennett, Jenn","https://www.goodreads.com/author/show/4485813.Jenn_Bennett","*","148147880X","9781481478809","148147880X","421","pp","3.95","33,785","Apr 03, 2018","Apr 03, 2018","","0","https://www.goodreads.com/review/show/6290942718","0","https://www.goodreads.com/rating/voters/6290942718?resource_type=Review","1","not set","","Feb 24, 2024","Hardcover","Dec 27, 2020","","https://www.goodreads.com/book/show/35297469-starry-eyes","https://i.gr-assets.com/images/S/compressed.photo.goodreads.com/books/1497542946l/35297469._SY75_.jpg"
"The Grief Keeper","https://www.goodreads.com/book/show/34522727-the-grief-keeper","Villasante, Alex","https://www.goodreads.com/author/show/16549771.Alexandra_Villasante","*","0525514031","9780525514039","B07DBQZB9N","256","pp","3.96","3,121","Jun 11, 2019","Jun 11, 2019","","0","https://www.goodreads.com/review/show/6290942221","0","https://www.goodreads.com/rating/voters/6290942221?resource_type=Review","1","not set","","Feb 24, 2024","Kindle Edition","Dec 27, 2019","","https://www.goodreads.com/book/show/34522727-the-grief-keeper","https://i.gr-assets.com/images/S/compressed.photo.goodreads.com/books/1542738120l/34522727._SY75_.jpg"
"H2O","https://www.goodreads.com/book/show/22525534-h2o","Bergin, Virginia","https://www.goodreads.com/author/show/7404203.Virginia_Bergin","*","1492606545","9781492606543","1492606545","330","pp","3.50","13,678","2014","Oct 07, 2014","","0","https://www.goodreads.com/review/show/6290941837","0","https://www.goodreads.com/rating/voters/6290941837?resource_type=Review","1","not set","","Feb 24, 2024","Hardcover","Dec 27, 2018","(The Rain, #1)","https://www.goodreads.com/book/show/22525534-h2o","https://i.gr-assets.com/images/S/compressed.photo.goodreads.com/books/1404109130l/22525534._SX50_.jpg"
"Chains","https://www.goodreads.com/book/show/3002300-chains","Anderson, Laurie Halse","https://www.goodreads.com/author/show/10003.Laurie_Halse_Anderson","*","1416905855","9781416905851","1416905855","316","pp","4.10","59,979","Oct 21, 2008","Oct 21, 2008","","0","https://www.goodreads.com/review/show/6290941411","0","https://www.goodreads.com/rating/voters/6290941411?resource_type=Review","1","not set","","Feb 24, 2024","Hardcover","Dec 27, 2019","(Seeds of America, #1)","https://www.goodreads.com/book/show/3002300-chains","https://i.gr-assets.com/images/S/compressed.photo.goodreads.com/books/1348415444l/3002300._SY75_.jpg"
"Dark Tide","https://www.goodreads.com/book/show/20646690-dark-tide","Donnelly, Jennifer","https://www.goodreads.com/author/show/36346.Jennifer_Donnelly","*","1423182014","9781423182016","1423182014","392","pp","4.27","8,968","Oct 13, 2015","Oct 13, 2015","","0","https://www.goodreads.com/review/show/6290940600","0","https://www.goodreads.com/rating/voters/6290940600?resource_type=Review","1","not set","","Feb 24, 2024","Hardcover","Dec 27, 2019","(Waterfire Saga, #3)","https://www.goodreads.com/book/show/20646690-dark-tide","https://i.gr-assets.com/images/S/compressed.photo.goodreads.com/books/1431452141l/20646690._SY75_.jpg"
"Rogue Wave","https://www.goodreads.com/book/show/20646683-rogue-wave","Donnelly, Jennifer","https://www.goodreads.com/author/show/36346.Jennifer_Donnelly","*","1423182006","9781423182009","1423182006","313","pp","4.17","11,864","Jan 06, 2015","Jan 06, 2015","","0","https://www.goodreads.com/review/show/6290940092","0","https://www.goodreads.com/rating/voters/6290940092?resource_type=Review","1","not set","","Feb 24, 2024","Hardcover","Dec 27, 2019","(Waterfire Saga, #2)","https://www.goodreads.com/book/show/20646683-rogue-wave","https://i.gr-assets.com/images/S/compressed.photo.goodreads.com/books/1411754245l/20646683._SY75_.jpg"
"Deep Blue","https://www.goodreads.com/book/show/18601430-deep-blue","Donnelly, Jennifer","https://www.goodreads.com/author/show/36346.Jennifer_Donnelly","*","1423133161","9781423133162","1423133161","340","pp","3.83","21,773","May 06, 2014","May 06, 2014","","0","https://www.goodreads.com/review/show/6290939720","0","https://www.goodreads.com/rating/voters/6290939720?resource_type=Review","1","not set","","Feb 24, 2024","Hardcover","Dec 27, 2019","(Waterfire Saga, #1)","https://www.goodreads.com/book/show/18601430-deep-blue","https://i.gr-assets.com/images/S/compressed.photo.goodreads.com/books/1393156118l/18601430._SY75_.jpg"
"Life in Motion: An Unlikely Ballerina","https://www.goodreads.com/book/show/18143768-life-in-motion","Copeland, Misty","https://www.goodreads.com/author/show/7155409.Misty_Copeland","","1476737983","9781476737980","1476737983","288","pp","3.93","10,089","Mar 04, 2014","Mar 04, 2014","","0","https://www.goodreads.com/review/show/6290938929","0","https://www.goodreads.com/rating/voters/6290938929?resource_type=Review","1","not set","","Feb 24, 2024","Hardcover","Dec 27, 2016","","https://www.goodreads.com/book/show/18143768-life-in-motion","https://i.gr-assets.com/images/S/compressed.photo.goodreads.com/books/1413166545l/18143768._SY75_.jpg"
"Burning Glass","https://www.goodreads.com/book/show/23677316-burning-glass","Purdie, Kathryn","https://www.goodreads.com/author/show/10315278.Kathryn_Purdie","*","0062412361","9780062412362","0062412361","512","pp","3.39","7,476","Mar 01, 2016","Mar 01, 2016","","0","https://www.goodreads.com/review/show/6290938307","0","https://www.goodreads.com/rating/voters/6290938307?resource_type=Review","1","not set","","Feb 24, 2024","Hardcover","Dec 27, 2016","(Burning Glass, #1)","https://www.goodreads.com/book/show/23677316-burning-glass","https://i.gr-assets.com/images/S/compressed.photo.goodreads.com/books/1435161865l/23677316._SY75_.jpg"
"Three Dark Crowns","https://www.goodreads.com/book/show/28374007-three-dark-crowns","Blake, Kendare","https://www.goodreads.com/author/show/4086715.Kendare_Blake","*","0062385437","9780062385437","0062385437","403","pp","3.78","119,898","Sep 20, 2016","Sep 20, 2016","","0","https://www.goodreads.com/review/show/6290937860","0","https://www.goodreads.com/rating/voters/6290937860?resource_type=Review","1","not set","not set","Feb 24, 2024","Hardcover","","(Three Dark Crowns, #1)","https://www.goodreads.com/book/show/28374007-three-dark-crowns","https://i.gr-assets.com/images/S/compressed.photo.goodreads.com/books/1469265712l/28374007._SY75_.jpg"
"Beasts Made of Night","https://www.goodreads.com/book/show/33395234-beasts-made-of-night","Onyebuchi, Tochi","https://www.goodreads.com/author/show/7324271.Tochi_Onyebuchi","","044849390X","9780448493909","044849390X","304","pp","3.26","5,392","Oct 31, 2017","Oct 31, 2017","","0","https://www.goodreads.com/review/show/6290937186","0","https://www.goodreads.com/rating/voters/6290937186?resource_type=Review","1","not set","","Feb 24, 2024","Hardcover","Dec 27, 2017","(Beasts Made of Night, #1)","https://www.goodreads.com/book/show/33395234-beasts-made-of-night","https://i.gr-assets.com/images/S/compressed.photo.goodreads.com/books/1491088210l/33395234._SY75_.jpg"
"Crown of Thunder","https://www.goodreads.com/book/show/38474009-crown-of-thunder","Onyebuchi, Tochi","https://www.goodreads.com/author/show/7324271.Tochi_Onyebuchi","","0448493934","9780448493930","0448493934","303","pp","3.56","1,203","Oct 16, 2018","Oct 16, 2018","","0","https://www.goodreads.com/review/show/6290936765","0","https://www.goodreads.com/rating/voters/6290936765?resource_type=Review","1","not set","","Feb 24, 2024","Hardcover","Dec 27, 2018","(Beasts Made of Night, #2)","https://www.goodreads.com/book/show/38474009-crown-of-thunder","https://i.gr-assets.com/images/S/compressed.photo.goodreads.com/books/1520042524l/38474009._SY75_.jpg"
"Seize Today","https://www.goodreads.com/book/show/32453735-seize-today","Dunn, Pintip","https://www.goodreads.com/author/show/13442212.Pintip_Dunn","*","","","B06XJYXWLQ","300","pp","4.16","749","Oct 03, 2017","Oct 03, 2017","","0","https://www.goodreads.com/review/show/6290936103","0","https://www.goodreads.com/rating/voters/6290936103?resource_type=Review","1","not set","","Feb 24, 2024","Kindle Edition","Dec 27, 2017","(Forget Tomorrow, #3)","https://www.goodreads.com/book/show/32453735-seize-today","https://i.gr-assets.com/images/S/compressed.photo.goodreads.com/books/1494388440l/32453735._SY75_.jpg"
"Forget Tomorrow","https://www.goodreads.com/book/show/24804505-forget-tomorrow","Dunn, Pintip","https://www.goodreads.com/author/show/13442212.Pintip_Dunn","*","1633752380","9781633752382","1633752380","336","pp","3.76","3,278","Nov 03, 2015","Nov 03, 2015","","0","https://www.goodreads.com/review/show/6290935804","0","https://www.goodreads.com/rating/voters/6290935804?resource_type=Review","1","not set","","Feb 24, 2024","Hardcover","Dec 27, 2015","(Forget Tomorrow, #1)","https://www.goodreads.com/book/show/24804505-forget-tomorrow","https://i.gr-assets.com/images/S/compressed.photo.goodreads.com/books/1432877253l/24804505._SX50_.jpg"
"Remember Yesterday","https://www.goodreads.com/book/show/26091228-remember-yesterday","Dunn, Pintip","https://www.goodreads.com/author/show/13442212.Pintip_Dunn","*","1633754952","9781633754959","1633754952","400","pp","4.16","1,133","Oct 04, 2016","Oct 04, 2016","","0","https://www.goodreads.com/review/show/6290935098","0","https://www.goodreads.com/rating/voters/6290935098?resource_type=Review","1","not set","","Feb 24, 2024","Hardcover","Dec 27, 2016","(Forget Tomorrow, #2)","https://www.goodreads.com/book/show/26091228-remember-yesterday","https://i.gr-assets.com/images/S/compressed.photo.goodreads.com/books/1468435208l/26091228._SX50_.jpg"
"The Flame of Olympus","https://www.goodreads.com/book/show/7169238-the-flame-of-olympus","O'Hearn, Kate","https://www.goodreads.com/author/show/1441847.Kate_O_Hearn","","","","B0DLTB6HFF","385","pp","4.25","15,546","Jan 01, 2011","May 01, 2013","","0","https://www.goodreads.com/review/show/6290934602","0","https://www.goodreads.com/rating/voters/6290934602?resource_type=Review","1","not set","","Feb 24, 2024","Paperback","Dec 27, 2013","(Pegasus, #1)","https://www.goodreads.com/book/show/7169238-the-flame-of-olympus","https://i.gr-assets.com/images/S/compressed.photo.goodreads.com/books/1412792478l/7169238._SY75_.jpg"
"The Leaving","https://www.goodreads.com/book/show/26073074-the-leaving","Altebrando, Tara","https://www.goodreads.com/author/show/168413.Tara_Altebrando","*","1619638037","9781619638037","1619638037","421","pp","3.36","20,146","Jun 07, 2016","Jun 07, 2016","","0","https://www.goodreads.com/review/show/6290934071","0","https://www.goodreads.com/rating/voters/6290934071?resource_type=Review","1","not set","","Feb 24, 2024","Hardcover","Dec 27, 2018","","https://www.goodreads.com/book/show/26073074-the-leaving","https://i.gr-assets.com/images/S/compressed.photo.goodreads.com/books/1464526602l/26073074._SY75_.jpg"
"The Razor’s Edge","https://www.goodreads.com/book/show/31196.The_Razor_s_Edge","Maugham, W. Somerset","https://www.goodreads.com/author/show/4176632.W_Somerset_Maugham","","1400034205","9781400034208","1400034205","314","pp","4.19","56,101","1944","Jan 01, 2003","liked it","0","https://www.goodreads.com/review/show/6290933155","0","https://www.goodreads.com/rating/voters/6290933155?resource_type=Review","1","not set","","Feb 24, 2024","Paperback","Oct 27, 2023","","https://www.goodreads.com/book/show/31196.The_Razor_s_Edge","https://i.gr-assets.com/images/S/compressed.photo.goodreads.com/books/1386925123l/31196._SY75_.jpg"
"Between Two Fires","https://www.goodreads.com/book/show/13543121-between-two-fires","Buehlman, Christopher","https://www.goodreads.com/author/show/4712375.Christopher_Buehlman","*","1937007863","9781937007867","1937007863","432","pp","4.17","104,428","Oct 02, 2012","Oct 02, 2012","liked it","0","https://www.goodreads.com/review/show/6246225820","0","https://www.goodreads.com/rating/voters/6246225820?resource_type=Review","1","not set","","Feb 08, 2024","Hardcover","Mar 20, 2024","","https://www.goodreads.com/book/show/13543121-between-two-fires","https://i.gr-assets.com/images/S/compressed.photo.goodreads.com/books/1710293039l/13543121._SY75_.jpg"
"The Will of the Many","https://www.goodreads.com/book/show/58416952-the-will-of-the-many","Islington, James","https://www.goodreads.com/author/show/8427407.James_Islington","*","1982141190","9781982141196","B0BHTMBW5B","640","pp","4.56","288,989","May 23, 2023","May 23, 2023","it was amazing","0","https://www.goodreads.com/review/show/6246223387","0","https://www.goodreads.com/rating/voters/6246223387?resource_type=Review","1","not set","","Feb 08, 2024","Kindle Edition","Mar 14, 2024","(Hierarchy, #1)","https://www.goodreads.com/book/show/58416952-the-will-of-the-many","https://i.gr-assets.com/images/S/compressed.photo.goodreads.com/books/1670363463l/58416952._SX50_.jpg"
"Ender’s Game","https://www.goodreads.com/book/show/375802.Ender_s_Game","Card, Orson Scott","https://www.goodreads.com/author/show/589.Orson_Scott_Card","","0812550706","9780812550702","0812550706","324","pp","4.31","1,504,716","Jan 15, 1985","Sep 30, 2004","","0","https://www.goodreads.com/review/show/6246221593","0","https://www.goodreads.com/rating/voters/6246221593?resource_type=Review","1","not set","","Feb 08, 2024","Mass Market Paperback","Dec 27, 2019","(Ender's Saga, #1)","https://www.goodreads.com/book/show/375802.Ender_s_Game","https://i.gr-assets.com/images/S/compressed.photo.goodreads.com/books/1408303130l/375802._SY75_.jpg"
"Ready Player One","https://www.goodreads.com/book/show/9969571-ready-player-one","Cline, Ernest","https://www.goodreads.com/author/show/31712.Ernest_Cline","*","030788743X","9780307887436","030788743X","480","pp","4.22","1,346,206","Aug 16, 2011","Aug 16, 2011","","0","https://www.goodreads.com/review/show/6246221276","0","https://www.goodreads.com/rating/voters/6246221276?resource_type=Review","1","not set","","Feb 08, 2024","Hardcover","Dec 27, 2019","(Ready Player One, #1)","https://www.goodreads.com/book/show/9969571-ready-player-one","https://i.gr-assets.com/images/S/compressed.photo.goodreads.com/books/1500930947l/9969571._SY75_.jpg"
"A Little Life","https://www.goodreads.com/book/show/22822858-a-little-life","Yanagihara, Hanya","https://www.goodreads.com/author/show/6571447.Hanya_Yanagihara","*","0385539258","9780385539258","0385539258","736","pp","4.26","1,012,793","Mar 10, 2015","Mar 10, 2015","really liked it","0","https://www.goodreads.com/review/show/6243296143","0","https://www.goodreads.com/rating/voters/6243296143?resource_type=Review","1","","","Feb 07, 2024","Hardcover","Feb 14, 2024","","https://www.goodreads.com/book/show/22822858-a-little-life","https://i.gr-assets.com/images/S/compressed.photo.goodreads.com/books/1446469353l/22822858._SY75_.jpg"
"Graveyard Shift","https://www.goodreads.com/book/show/203578770-graveyard-shift","Rio, M.L.","https://www.goodreads.com/author/show/14954351.M_L_Rio","*","1250356792","9781250356796","1250356792","128","pp","3.08","56,514","Sep 24, 2024","Sep 24, 2024","liked it","0","https://www.goodreads.com/review/show/6241240294","0","https://www.goodreads.com/rating/voters/6241240294?resource_type=Review","1","","","Feb 06, 2024","Paperback","Oct 04, 2024","","https://www.goodreads.com/book/show/203578770-graveyard-shift","https://i.gr-assets.com/images/S/compressed.photo.goodreads.com/books/1726866957l/203578770._SY75_.jpg"
"The Picture of Dorian Gray","https://www.goodreads.com/book/show/5297.The_Picture_of_Dorian_Gray","Wilde, Oscar","https://www.goodreads.com/author/show/3565.Oscar_Wilde","","","","B0CPCB8FJQ","272","pp","4.13","2,006,465","Jul 1890","Jun 01, 2004","it was amazing","0","https://www.goodreads.com/review/show/6241238712","0","https://www.goodreads.com/rating/voters/6241238712?resource_type=Review","1","","","Feb 06, 2024","Paperback","Mar 11, 2024","","https://www.goodreads.com/book/show/5297.The_Picture_of_Dorian_Gray","https://i.gr-assets.com/images/S/compressed.photo.goodreads.com/books/1546103428l/5297._SY75_.jpg"
"These Violent Delights","https://www.goodreads.com/book/show/49203397-these-violent-delights","Nemerever, Micah","https://www.goodreads.com/author/show/18914293.Micah_Nemerever","*","0062963635","9780062963635","0062963635","460","pp","3.91","29,952","Sep 15, 2020","Sep 15, 2020","it was amazing","0","https://www.goodreads.com/review/show/6241235737","0","https://www.goodreads.com/rating/voters/6241235737?resource_type=Review","2","","","Feb 06, 2024","Hardcover","Jun 27, 2024","","https://www.goodreads.com/book/show/49203397-these-violent-delights","https://i.gr-assets.com/images/S/compressed.photo.goodreads.com/books/1577247999l/49203397._SX50_.jpg"
"If We Were Villains","https://www.goodreads.com/book/show/30319086-if-we-were-villains","Rio, M.L.","https://www.goodreads.com/author/show/14954351.M_L_Rio","*","125009528X","9781250095282","125009528X","354","pp","4.07","443,594","Apr 11, 2017","Apr 11, 2017","it was amazing","0","https://www.goodreads.com/review/show/6227138697","0","https://www.goodreads.com/rating/voters/6227138697?resource_type=Review","1","not set","","Feb 01, 2024","Hardcover","Feb 22, 2024","","https://www.goodreads.com/book/show/30319086-if-we-were-villains","https://i.gr-assets.com/images/S/compressed.photo.goodreads.com/books/1480717682l/30319086._SY75_.jpg"
"A Light in the Flame","https://www.goodreads.com/book/show/172133046-a-light-in-the-flame","Armentrout, Jennifer L.","https://www.goodreads.com/author/show/4476934.Jennifer_L_Armentrout","*","195756816X","9781957568164","195756816X","656","pp","4.48","184,818","Nov 15, 2022","Nov 15, 2022","liked it","0","https://www.goodreads.com/review/show/6116465315","0","https://www.goodreads.com/rating/voters/6116465315?resource_type=Review","1","not set","","Jan 02, 2024","Paperback","Dec 27, 2022","(Flesh and Fire, #2)","https://www.goodreads.com/book/show/172133046-a-light-in-the-flame","https://i.gr-assets.com/images/S/compressed.photo.goodreads.com/books/1685797258l/172133046._SY75_.jpg"
"Fall of Ruin and Wrath","https://www.goodreads.com/book/show/65214365-fall-of-ruin-and-wrath","Armentrout, Jennifer L.","https://www.goodreads.com/author/show/4476934.Jennifer_L_Armentrout","*","1250750199","9781250750198","1250750199","416","pp","3.98","94,484","Sep 12, 2023","Sep 12, 2023","it was ok","0","https://www.goodreads.com/review/show/6099449570","0","https://www.goodreads.com/rating/voters/6099449570?resource_type=Review","1","not set","","Dec 30, 2023","Hardcover","Dec 27, 2023","(Awakening, #1)","https://www.goodreads.com/book/show/65214365-fall-of-ruin-and-wrath","https://i.gr-assets.com/images/S/compressed.photo.goodreads.com/books/1677160116l/65214365._SX50_.jpg"
"The Secret History","https://www.goodreads.com/book/show/29044.The_Secret_History","Tartt, Donna","https://www.goodreads.com/author/show/8719.Donna_Tartt","","1400031702","9781400031702","1400031702","559","pp","4.14","1,126,891","Sep 16, 1992","Apr 13, 2004","it was amazing","0","https://www.goodreads.com/review/show/6099117159","0","https://www.goodreads.com/rating/voters/6099117159?resource_type=Review","2","not set","not set","Dec 30, 2023","Paperback","Nov 27, 2024","","https://www.goodreads.com/book/show/29044.The_Secret_History","https://i.gr-assets.com/images/S/compressed.photo.goodreads.com/books/1751820530l/29044._SY75_.jpg"
"The Bone Clocks","https://www.goodreads.com/book/show/20819685-the-bone-clocks","Mitchell, David","https://www.goodreads.com/author/show/6538289.David_Mitchell","","1400065674","9781400065677","1400065674","624","pp","3.85","101,977","Sep 02, 2014","Sep 02, 2014","liked it","0","https://www.goodreads.com/review/show/6074456960","0","https://www.goodreads.com/rating/voters/6074456960?resource_type=Review","1","not set","","Dec 23, 2023","Hardcover","Dec 27, 2023","","https://www.goodreads.com/book/show/20819685-the-bone-clocks","https://i.gr-assets.com/images/S/compressed.photo.goodreads.com/books/1398205538l/20819685._SX50_.jpg"
"House of Earth and Blood","https://www.goodreads.com/book/show/44778083-house-of-earth-and-blood","Maas, Sarah J.","https://www.goodreads.com/author/show/3433047.Sarah_J_Maas","*","1635574048","9781635574043","1635574048","803","pp","4.45","1,332,032","Mar 03, 2020","Mar 03, 2020","really liked it","0","https://www.goodreads.com/review/show/6004103929","0","https://www.goodreads.com/rating/voters/6004103929?resource_type=Review","1","not set","","Nov 26, 2023","Hardcover","Mar 27, 2020","(Crescent City, #1)","https://www.goodreads.com/book/show/44778083-house-of-earth-and-blood","https://i.gr-assets.com/images/S/compressed.photo.goodreads.com/books/1559142847l/44778083._SY75_.jpg"
"A Curse for True Love","https://www.goodreads.com/book/show/62816044-a-curse-for-true-love","Garber, Stephanie","https://www.goodreads.com/author/show/14137787.Stephanie_Garber","*","1250851203","9781250851208","1250851203","386","pp","4.18","488,055","Oct 24, 2023","Oct 24, 2023","","0","https://www.goodreads.com/review/show/5986955325","0","https://www.goodreads.com/rating/voters/5986955325?resource_type=Review","1","not set","","Nov 18, 2023","Hardcover","Nov 27, 2023","(Once Upon a Broken Heart, #3)","https://www.goodreads.com/book/show/62816044-a-curse-for-true-love","https://i.gr-assets.com/images/S/compressed.photo.goodreads.com/books/1674501506l/62816044._SY75_.jpg"
"The Ballad of Never After","https://www.goodreads.com/book/show/59808071-the-ballad-of-never-after","Garber, Stephanie","https://www.goodreads.com/author/show/14137787.Stephanie_Garber","*","1250268427","9781250268426","1250268427","416","pp","4.48","557,253","Sep 13, 2022","Sep 13, 2022","","0","https://www.goodreads.com/review/show/5986952936","0","https://www.goodreads.com/rating/voters/5986952936?resource_type=Review","1","not set","","Nov 18, 2023","Hardcover","Aug 26, 2023","(Once Upon a Broken Heart, #2)","https://www.goodreads.com/book/show/59808071-the-ballad-of-never-after","https://i.gr-assets.com/images/S/compressed.photo.goodreads.com/books/1716011416l/59808071._SY75_.jpg"
"Cloud Cuckoo Land","https://www.goodreads.com/book/show/56783258-cloud-cuckoo-land","Doerr, Anthony","https://www.goodreads.com/author/show/28186.Anthony_Doerr","*","1982168439","9781982168438","1982168439","626","pp","4.24","285,523","Sep 28, 2021","Sep 28, 2021","liked it","0","https://www.goodreads.com/review/show/5985578800","0","https://www.goodreads.com/rating/voters/5985578800?resource_type=Review","1","not set","","Nov 18, 2023","Hardcover","Nov 24, 2023","","https://www.goodreads.com/book/show/56783258-cloud-cuckoo-land","https://i.gr-assets.com/images/S/compressed.photo.goodreads.com/books/1618589128l/56783258._SY75_.jpg"
"The Serpent and the Wings of Night","https://www.goodreads.com/book/show/60714999-the-serpent-and-the-wings-of-night","Broadbent, Carissa","https://www.goodreads.com/author/show/16170636.Carissa_Broadbent","*","","","B09WRJJKXC","504","pp","4.25","821,429","Aug 16, 2022","Aug 30, 2022","liked it","0","https://www.goodreads.com/review/show/5827095163","0","https://www.goodreads.com/rating/voters/5827095163?resource_type=Review","1","","","Sep 07, 2023","Kindle Edition","Feb 19, 2024","(Crowns of Nyaxia, #1)","https://www.goodreads.com/book/show/60714999-the-serpent-and-the-wings-of-night","https://i.gr-assets.com/images/S/compressed.photo.goodreads.com/books/1711665394l/60714999._SY75_.jpg"
"The Anomaly","https://www.goodreads.com/book/show/56920684-the-anomaly","Le Tellier, Hervé","https://www.goodreads.com/author/show/4622980.Herv_Le_Tellier","","1635421691","9781635421699","1635421691","391","pp","3.78","73,694","Aug 20, 2020","Nov 23, 2021","really liked it","0","https://www.goodreads.com/review/show/5825000402","0","https://www.goodreads.com/rating/voters/5825000402?resource_type=Review","1","not set","","Sep 06, 2023","Paperback","Sep 08, 2023","","https://www.goodreads.com/book/show/56920684-the-anomaly","https://i.gr-assets.com/images/S/compressed.photo.goodreads.com/books/1630604554l/56920684._SY75_.jpg"
"Shatter City","https://www.goodreads.com/book/show/38362765-shatter-city","Westerfeld, Scott","https://www.goodreads.com/author/show/13957.Scott_Westerfeld","*","","","","","unknown","4.00","6,603","Sep 17, 2019","Sep 17, 2019","","0","https://www.goodreads.com/review/show/5816423681","0","https://www.goodreads.com/rating/voters/5816423681?resource_type=Review","1","not set","","Sep 03, 2023","Paperback","Dec 27, 2019","(Impostors, #2)","https://www.goodreads.com/book/show/38362765-shatter-city","https://i.gr-assets.com/images/S/compressed.photo.goodreads.com/books/1562960744l/38362765._SY75_.jpg"
"Hush, Hush","https://www.goodreads.com/book/show/6339664-hush-hush","Fitzpatrick, Becca","https://www.goodreads.com/author/show/2876763.Becca_Fitzpatrick","*","1416989412","9781416989417","1416989412","391","pp","3.92","753,398","Oct 13, 2009","Oct 13, 2009","","0","https://www.goodreads.com/review/show/5816422570","0","https://www.goodreads.com/rating/voters/5816422570?resource_type=Review","1","not set","","Sep 03, 2023","Hardcover","Dec 27, 2016","(Hush, Hush, #1)","https://www.goodreads.com/book/show/6339664-hush-hush","https://i.gr-assets.com/images/S/compressed.photo.goodreads.com/books/1358261334l/6339664._SY75_.jpg"
"The Ring of Sky","https://www.goodreads.com/book/show/13513299-the-ring-of-sky","Bradford, Chris","https://www.goodreads.com/author/show/417954.Chris_Bradford","*","0141339721","9780141339726","0141339721","364","pp","4.45","3,198","Aug 02, 2012","Aug 02, 2012","really liked it","0","https://www.goodreads.com/review/show/5816415788","0","https://www.goodreads.com/rating/voters/5816415788?resource_type=Review","2","not set","not set","Sep 03, 2023","Paperback","Dec 27, 2015","(Young Samurai, #8)","https://www.goodreads.com/book/show/13513299-the-ring-of-sky","https://i.gr-assets.com/images/S/compressed.photo.goodreads.com/books/1331017118l/13513299._SY75_.jpg"
"The Ring of Wind","https://www.goodreads.com/book/show/13507662-the-ring-of-wind","Bradford, Chris","https://www.goodreads.com/author/show/417954.Chris_Bradford","*","0141339713","9780141339719","0141339713","346","pp","4.34","3,141","Mar 01, 2012","Mar 01, 2012","really liked it","0","https://www.goodreads.com/review/show/5816415441","0","https://www.goodreads.com/rating/voters/5816415441?resource_type=Review","2","not set","","Sep 03, 2023","Paperback","Dec 27, 2015","(Young Samurai, #7)","https://www.goodreads.com/book/show/13507662-the-ring-of-wind","https://i.gr-assets.com/images/S/compressed.photo.goodreads.com/books/1331012078l/13507662._SY75_.jpg"
"The Ring of Fire","https://www.goodreads.com/book/show/11071390-the-ring-of-fire","Bradford, Chris","https://www.goodreads.com/author/show/417954.Chris_Bradford","*","0141332557","9780141332550","0141332557","331","pp","4.36","3,494","Aug 04, 2011","Aug 04, 2011","really liked it","0","https://www.goodreads.com/review/show/5816415270","0","https://www.goodreads.com/rating/voters/5816415270?resource_type=Review","1","not set","","Sep 03, 2023","Paperback","Dec 27, 2014","(Young Samurai, #6)","https://www.goodreads.com/book/show/11071390-the-ring-of-fire","https://i.gr-assets.com/images/S/compressed.photo.goodreads.com/books/1331016505l/11071390._SX50_.jpg"
"The Ring of Water","https://www.goodreads.com/book/show/9571767-the-ring-of-water","Bradford, Chris","https://www.goodreads.com/author/show/417954.Chris_Bradford","*","0141332549","9780141332543","0141332549","297","pp","4.32","3,745","Mar 05, 2011","Mar 05, 2011","really liked it","0","https://www.goodreads.com/review/show/5816415007","0","https://www.goodreads.com/rating/voters/5816415007?resource_type=Review","2","not set","not set","Sep 03, 2023","Paperback","Dec 27, 2015","(Young Samurai, #5)","https://www.goodreads.com/book/show/9571767-the-ring-of-water","https://i.gr-assets.com/images/S/compressed.photo.goodreads.com/books/1331016039l/9571767._SX50_.jpg"
"The Ring of Earth","https://www.goodreads.com/book/show/8585118-the-ring-of-earth","Bradford, Chris","https://www.goodreads.com/author/show/417954.Chris_Bradford","*","0141332530","9780141332536","0141332530","314","pp","4.42","4,256","Aug 05, 2010","Aug 05, 2010","really liked it","0","https://www.goodreads.com/review/show/5816414683","0","https://www.goodreads.com/rating/voters/5816414683?resource_type=Review","2","not set","not set","Sep 03, 2023","Paperback","Dec 27, 2015","(Young Samurai, #4)","https://www.goodreads.com/book/show/8585118-the-ring-of-earth","https://i.gr-assets.com/images/S/compressed.photo.goodreads.com/books/1330755824l/8585118._SY75_.jpg"
"The Way of the Dragon","https://www.goodreads.com/book/show/7845973-the-way-of-the-dragon","Bradford, Chris","https://www.goodreads.com/author/show/417954.Chris_Bradford","*","","","B006U1M4LQ","448","pp","4.39","5,273","Mar 04, 2010","Mar 04, 2010","really liked it","0","https://www.goodreads.com/review/show/5816414273","0","https://www.goodreads.com/rating/voters/5816414273?resource_type=Review","2","not set","not set","Sep 03, 2023","Paperback","Dec 27, 2015","(Young Samurai, #3)","https://www.goodreads.com/book/show/7845973-the-way-of-the-dragon","https://i.gr-assets.com/images/S/compressed.photo.goodreads.com/books/1348172966l/7845973._SY75_.jpg"
"The Way of the Sword","https://www.goodreads.com/book/show/6520376-the-way-of-the-sword","Bradford, Chris","https://www.goodreads.com/author/show/417954.Chris_Bradford","*","","","B00I61IEKI","379","pp","4.30","6,199","Jul 02, 2009","Jul 02, 2009","really liked it","0","https://www.goodreads.com/review/show/5816413920","0","https://www.goodreads.com/rating/voters/5816413920?resource_type=Review","2","not set","not set","Sep 03, 2023","Paperback","Dec 27, 2015","(Young Samurai, #2)","https://www.goodreads.com/book/show/6520376-the-way-of-the-sword","https://i.gr-assets.com/images/S/compressed.photo.goodreads.com/books/1348171971l/6520376._SY75_.jpg"
"The Way of the Warrior","https://www.goodreads.com/book/show/6046158-the-way-of-the-warrior","Bradford, Chris","https://www.goodreads.com/author/show/417954.Chris_Bradford","*","1423118715","9781423118718","1423118715","368","pp","4.25","9,340","Aug 08, 2008","Mar 03, 2009","really liked it","0","https://www.goodreads.com/review/show/5816413313","0","https://www.goodreads.com/rating/voters/5816413313?resource_type=Review","2","not set","not set","Sep 03, 2023","Hardcover","Dec 27, 2015","(Young Samurai, #1)","https://www.goodreads.com/book/show/6046158-the-way-of-the-warrior","https://i.gr-assets.com/images/S/compressed.photo.goodreads.com/books/1592793315l/6046158._SX50_.jpg"
"The Crown","https://www.goodreads.com/book/show/26074181-the-crown","Cass, Kiera","https://www.goodreads.com/author/show/2987125.Kiera_Cass","*","0062392174","9780062392176","0062392174","278","pp","3.61","327,037","May 03, 2016","May 03, 2016","liked it","0","https://www.goodreads.com/review/show/5816412783","0","https://www.goodreads.com/rating/voters/5816412783?resource_type=Review","1","not set","","Sep 03, 2023","Hardcover","Dec 27, 2018","(The Selection, #5)","https://www.goodreads.com/book/show/26074181-the-crown","https://i.gr-assets.com/images/S/compressed.photo.goodreads.com/books/1446759650l/26074181._SY75_.jpg"
"The Heir","https://www.goodreads.com/book/show/22918050-the-heir","Cass, Kiera","https://www.goodreads.com/author/show/2987125.Kiera_Cass","*","","","B00MFYCZ2U","342","pp","3.62","415,259","May 05, 2015","May 05, 2015","liked it","0","https://www.goodreads.com/review/show/5816412621","0","https://www.goodreads.com/rating/voters/5816412621?resource_type=Review","1","not set","","Sep 03, 2023","Kindle Edition","Dec 27, 2018","(The Selection, #4)","https://www.goodreads.com/book/show/22918050-the-heir","https://i.gr-assets.com/images/S/compressed.photo.goodreads.com/books/1422993526l/22918050._SY75_.jpg"
"The One","https://www.goodreads.com/book/show/18635016-the-one","Cass, Kiera","https://www.goodreads.com/author/show/2987125.Kiera_Cass","*","0062059998","9780062059994","0062059998","323","pp","4.14","800,900","May 06, 2014","May 06, 2014","liked it","0","https://www.goodreads.com/review/show/5816412390","0","https://www.goodreads.com/rating/voters/5816412390?resource_type=Review","1","not set","","Sep 03, 2023","Hardcover","Dec 27, 2018","(The Selection, #3)","https://www.goodreads.com/book/show/18635016-the-one","https://i.gr-assets.com/images/S/compressed.photo.goodreads.com/books/1699307836l/18635016._SY75_.jpg"
"The Elite","https://www.goodreads.com/book/show/16248068-the-elite","Cass, Kiera","https://www.goodreads.com/author/show/2987125.Kiera_Cass","*","0062059963","9780062059963","0062059963","336","pp","3.94","897,758","Apr 23, 2013","Apr 23, 2013","liked it","0","https://www.goodreads.com/review/show/5816412181","0","https://www.goodreads.com/rating/voters/5816412181?resource_type=Review","1","not set","","Sep 03, 2023","Hardcover","Dec 27, 2018","(The Selection, #2)","https://www.goodreads.com/book/show/16248068-the-elite","https://i.gr-assets.com/images/S/compressed.photo.goodreads.com/books/1391454595l/16248068._SY75_.jpg"
"The Selection","https://www.goodreads.com/book/show/10507293-the-selection","Cass, Kiera","https://www.goodreads.com/author/show/2987125.Kiera_Cass","*","0062059939","9780062059932","B00BG7DY04","336","pp","4.07","1,818,863","Apr 24, 2012","Apr 24, 2012","","0","https://www.goodreads.com/review/show/5816412007","0","https://www.goodreads.com/rating/voters/5816412007?resource_type=Review","1","not set","","Sep 03, 2023","Hardcover","Dec 27, 2018","(The Selection, #1)","https://www.goodreads.com/book/show/10507293-the-selection","https://i.gr-assets.com/images/S/compressed.photo.goodreads.com/books/1322103400l/10507293._SY75_.jpg"
"The Stars We Steal","https://www.goodreads.com/book/show/40950392-the-stars-we-steal","Donne, Alexa","https://www.goodreads.com/author/show/16817128.Alexa_Donne","*","1328948943","9781328948946","1328948943","393","pp","3.44","4,650","Feb 04, 2020","Feb 04, 2020","","0","https://www.goodreads.com/review/show/5816411616","0","https://www.goodreads.com/rating/voters/5816411616?resource_type=Review","1","not set","","Sep 03, 2023","Hardcover","Dec 27, 2020","","https://www.goodreads.com/book/show/40950392-the-stars-we-steal","https://i.gr-assets.com/images/S/compressed.photo.goodreads.com/books/1544637597l/40950392._SY75_.jpg"
"Tweet Cute","https://www.goodreads.com/book/show/45045129-tweet-cute","Lord, Emma","https://www.goodreads.com/author/show/18673646.Emma_Lord","*","1250237327","9781250237323","1250237327","368","pp","3.87","85,056","Jan 21, 2020","Jan 21, 2020","","0","https://www.goodreads.com/review/show/5816411004","0","https://www.goodreads.com/rating/voters/5816411004?resource_type=Review","1","not set","","Sep 03, 2023","Hardcover","Dec 27, 2020","","https://www.goodreads.com/book/show/45045129-tweet-cute","https://i.gr-assets.com/images/S/compressed.photo.goodreads.com/books/1558456354l/45045129._SY75_.jpg"
"House of Dragons","https://www.goodreads.com/book/show/44603554-house-of-dragons","Cluess, Jessica","https://www.goodreads.com/author/show/6916708.Jessica_Cluess","*","0525648151","9780525648154","0525648151","448","pp","3.86","6,148","May 12, 2020","May 12, 2020","","0","https://www.goodreads.com/review/show/5816410620","0","https://www.goodreads.com/rating/voters/5816410620?resource_type=Review","1","not set","","Sep 03, 2023","Hardcover","Dec 27, 2020","(House of Dragons, #1)","https://www.goodreads.com/book/show/44603554-house-of-dragons","https://i.gr-assets.com/images/S/compressed.photo.goodreads.com/books/1572356807l/44603554._SY75_.jpg"
"Don't You Forget About Me","https://www.goodreads.com/book/show/34109621-don-t-you-forget-about-me","McFarlane, Mhairi","https://www.goodreads.com/author/show/6434584.Mhairi_McFarlane","*","0008169322","9780008169305","B01N3SW6UZ","433","pp","3.82","58,322","Jan 01, 2019","Jan 01, 2019","","0","https://www.goodreads.com/review/show/5816409599","0","https://www.goodreads.com/rating/voters/5816409599?resource_type=Review","1","not set","","Sep 03, 2023","Kindle Edition","Dec 27, 2020","","https://www.goodreads.com/book/show/34109621-don-t-you-forget-about-me","https://i.gr-assets.com/images/S/compressed.photo.goodreads.com/books/1547391932l/34109621._SY75_.jpg"
"99 Percent Mine","https://www.goodreads.com/book/show/36300625-99-percent-mine","Thorne, Sally","https://www.goodreads.com/author/show/18002228.Sally_Thorne","*","0062439626","9780062439628","B07D6VGFJT","352","pp","3.34","92,743","Jan 29, 2019","Jan 29, 2019","","0","https://www.goodreads.com/review/show/5816408788","0","https://www.goodreads.com/rating/voters/5816408788?resource_type=Review","1","not set","","Sep 03, 2023","Kindle Edition","Dec 27, 2020","","https://www.goodreads.com/book/show/36300625-99-percent-mine","https://i.gr-assets.com/images/S/compressed.photo.goodreads.com/books/1532485978l/36300625._SX50_.jpg"
"The Unhoneymooners","https://www.goodreads.com/book/show/42201431-the-unhoneymooners","Lauren, Christina","https://www.goodreads.com/author/show/6556689.Christina_Lauren","*","1501128035","9781501128035","1501128035","432","pp","3.89","1,192,191","May 14, 2019","May 14, 2019","","0","https://www.goodreads.com/review/show/5816408319","0","https://www.goodreads.com/rating/voters/5816408319?resource_type=Review","1","not set","","Sep 03, 2023","Paperback","Dec 27, 2020","(Unhoneymooners, #1)","https://www.goodreads.com/book/show/42201431-the-unhoneymooners","https://i.gr-assets.com/images/S/compressed.photo.goodreads.com/books/1548201335l/42201431._SY75_.jpg"
"The Worst Best Man","https://www.goodreads.com/book/show/43801254-the-worst-best-man","Sosa, Mia","https://www.goodreads.com/author/show/14552097.Mia_Sosa","*","0062909886","9780062909886","0062909886","368","pp","3.54","78,344","Feb 04, 2020","Feb 04, 2020","","0","https://www.goodreads.com/review/show/5816407948","0","https://www.goodreads.com/rating/voters/5816407948?resource_type=Review","1","not set","","Sep 03, 2023","ebook","Dec 27, 2020","","https://www.goodreads.com/book/show/43801254-the-worst-best-man","https://i.gr-assets.com/images/S/compressed.photo.goodreads.com/books/1576628668l/43801254._SY75_.jpg"
"Ruin and Rising","https://www.goodreads.com/book/show/14061957-ruin-and-rising","Bardugo, Leigh","https://www.goodreads.com/author/show/4575289.Leigh_Bardugo","*","","","B0FSKR6B3V","432","pp","3.97","608,097","Jun 17, 2014","Jun 17, 2014","","0","https://www.goodreads.com/review/show/5816406054","0","https://www.goodreads.com/rating/voters/5816406054?resource_type=Review","1","not set","","Sep 03, 2023","Hardcover","Dec 27, 2020","(Shadow and Bone, #3)","https://www.goodreads.com/book/show/14061957-ruin-and-rising","https://i.gr-assets.com/images/S/compressed.photo.goodreads.com/books/1392398530l/14061957._SX50_.jpg"
"Siege and Storm","https://www.goodreads.com/book/show/14061955-siege-and-storm","Bardugo, Leigh","https://www.goodreads.com/author/show/4575289.Leigh_Bardugo","*","","","B0DSZZHCHF","435","pp","3.80","702,633","Jun 04, 2013","Jun 04, 2013","","0","https://www.goodreads.com/review/show/5816405807","0","https://www.goodreads.com/rating/voters/5816405807?resource_type=Review","1","not set","","Sep 03, 2023","Hardcover","Dec 27, 2020","(The Shadow and Bone Trilogy, #2)","https://www.goodreads.com/book/show/14061955-siege-and-storm","https://i.gr-assets.com/images/S/compressed.photo.goodreads.com/books/1362166252l/14061955._SX50_.jpg"
"Rule of Wolves","https://www.goodreads.com/book/show/36307674-rule-of-wolves","Bardugo, Leigh","https://www.goodreads.com/author/show/4575289.Leigh_Bardugo","*","1510109188","9781510109186","1510109188","592","pp","4.33","183,663","Mar 30, 2021","Mar 30, 2021","liked it","0","https://www.goodreads.com/review/show/5816405283","0","https://www.goodreads.com/rating/voters/5816405283?resource_type=Review","1","not set","","Sep 03, 2023","Paperback","Apr 27, 2021","(King of Scars, #2)","https://www.goodreads.com/book/show/36307674-rule-of-wolves","https://i.gr-assets.com/images/S/compressed.photo.goodreads.com/books/1598133584l/36307674._SY75_.jpg"
"King of Scars","https://www.goodreads.com/book/show/36307634-king-of-scars","Bardugo, Leigh","https://www.goodreads.com/author/show/4575289.Leigh_Bardugo","*","125014227X","9781250142276","B07C25Z679","527","pp","4.15","239,790","Jan 29, 2019","Jan 29, 2019","really liked it","0","https://www.goodreads.com/review/show/5816405129","1","https://www.goodreads.com/rating/voters/5816405129?resource_type=Review","1","not set","","Sep 03, 2023","Kindle Edition","Feb 27, 2021","(King of Scars, #1)","https://www.goodreads.com/book/show/36307634-king-of-scars","https://i.gr-assets.com/images/S/compressed.photo.goodreads.com/books/1525110825l/36307634._SY75_.jpg"
"Captive Prince","https://www.goodreads.com/book/show/9305362-captive-prince","Pacat, C.S.","https://www.goodreads.com/author/show/4349837.C_S_Pacat","*","","","B0DTRPSQVC","240","pp","3.78","132,945","Feb 02, 2013","May 22, 2012","","0","https://www.goodreads.com/review/show/5816404734","0","https://www.goodreads.com/rating/voters/5816404734?resource_type=Review","1","not set","","Sep 03, 2023","ebook","Dec 27, 2020","(Captive Prince, #1)","https://www.goodreads.com/book/show/9305362-captive-prince","https://i.gr-assets.com/images/S/compressed.photo.goodreads.com/books/1356028113l/9305362._SY75_.jpg"
"Daughter of the Pirate King","https://www.goodreads.com/book/show/33643994-daughter-of-the-pirate-king","Levenseller, Tricia","https://www.goodreads.com/author/show/14358948.Tricia_Levenseller","*","1250095964","9781250095961","1250095964","308","pp","3.92","250,636","Feb 28, 2017","Feb 28, 2017","","0","https://www.goodreads.com/review/show/5816404327","0","https://www.goodreads.com/rating/voters/5816404327?resource_type=Review","1","not set","","Sep 03, 2023","Hardcover","Dec 27, 2017","(Daughter of the Pirate King, #1)","https://www.goodreads.com/book/show/33643994-daughter-of-the-pirate-king","https://i.gr-assets.com/images/S/compressed.photo.goodreads.com/books/1483132546l/33643994._SY75_.jpg"
"A Dark and Hollow Star","https://www.goodreads.com/book/show/53341666-a-dark-and-hollow-star","Shuttleworth, Ashley","https://www.goodreads.com/author/show/18851463.Ashley_Shuttleworth","*","1534453679","9781534453678","1534453679","512","pp","3.78","8,231","Feb 23, 2021","Feb 23, 2021","","0","https://www.goodreads.com/review/show/5816402744","0","https://www.goodreads.com/rating/voters/5816402744?resource_type=Review","1","not set","","Sep 03, 2023","Hardcover","Feb 27, 2021","(The Hollow Star Saga, #1)","https://www.goodreads.com/book/show/53341666-a-dark-and-hollow-star","https://i.gr-assets.com/images/S/compressed.photo.goodreads.com/books/1612105440l/53341666._SY75_.jpg"
"Would Like to Meet","https://www.goodreads.com/book/show/44284639-would-like-to-meet","Winters, Rachel","https://www.goodreads.com/author/show/14104969.Rachel_Winters","","0525542329","9780525542322","B07PBS169X","368","pp","3.68","24,166","Dec 03, 2019","Dec 03, 2019","","0","https://www.goodreads.com/review/show/5816402016","0","https://www.goodreads.com/rating/voters/5816402016?resource_type=Review","1","not set","","Sep 03, 2023","Kindle Edition","Dec 27, 2020","","https://www.goodreads.com/book/show/44284639-would-like-to-meet","https://i.gr-assets.com/images/S/compressed.photo.goodreads.com/books/1551814458l/44284639._SY75_.jpg"
"Kiss the Fae","https://www.goodreads.com/book/show/62202274-kiss-the-fae","Jaster, Natalia","https://www.goodreads.com/author/show/9060953.Natalia_Jaster","*","1957824190","9781957824192","B0863G8165","358","pp","3.56","5,446","Oct 24, 2020","Aug 2022","","0","https://www.goodreads.com/review/show/5816401178","0","https://www.goodreads.com/rating/voters/5816401178?resource_type=Review","1","not set","","Sep 03, 2023","Kindle Edition","Aug 26, 2022","(Vicious Faeries, #1)","https://www.goodreads.com/book/show/62202274-kiss-the-fae","https://i.gr-assets.com/images/S/compressed.photo.goodreads.com/books/1661934005l/62202274._SY75_.jpg"
"Tears of Frost","https://www.goodreads.com/book/show/41018954-tears-of-frost","Bree Barton","https://www.goodreads.com/author/show/14112802.Bree_Barton","*","","","B07H51FBFW","480","pp","3.48","1,157","Nov 05, 2019","Nov 05, 2019","","0","https://www.goodreads.com/review/show/5816400601","0","https://www.goodreads.com/rating/voters/5816400601?resource_type=Review","1","not set","","Sep 03, 2023","Kindle Edition","Dec 27, 2019","(Heart of Thorns, #2)","https://www.goodreads.com/book/show/41018954-tears-of-frost","https://i.gr-assets.com/images/S/compressed.photo.goodreads.com/books/1549952744l/41018954._SY75_.jpg"
"Heart of Thorns","https://www.goodreads.com/book/show/35720690-heart-of-thorns","Bree Barton","https://www.goodreads.com/author/show/14112802.Bree_Barton","*","006244770X","9780062447708","006244770X","480","pp","3.54","5,811","Jul 31, 2018","Jul 31, 2018","","0","https://www.goodreads.com/review/show/5816400369","0","https://www.goodreads.com/rating/voters/5816400369?resource_type=Review","1","not set","","Sep 03, 2023","ebook","Dec 27, 2018","(Heart of Thorns, #1)","https://www.goodreads.com/book/show/35720690-heart-of-thorns","https://i.gr-assets.com/images/S/compressed.photo.goodreads.com/books/1508174651l/35720690._SY75_.jpg"
"The Humans","https://www.goodreads.com/book/show/16130537-the-humans","Haig, Matt","https://www.goodreads.com/author/show/76360.Matt_Haig","*","1476727910","9781476727912","1476727910","285","pp","4.07","170,596","May 09, 2013","Jul 02, 2013","really liked it","0","https://www.goodreads.com/review/show/5816399747","0","https://www.goodreads.com/rating/voters/5816399747?resource_type=Review","1","not set","","Sep 03, 2023","Hardcover","Dec 27, 2021","","https://www.goodreads.com/book/show/16130537-the-humans","https://i.gr-assets.com/images/S/compressed.photo.goodreads.com/books/1353739654l/16130537._SY75_.jpg"
"Window Shopping","https://www.goodreads.com/book/show/58943206-window-shopping","Bailey, Tessa","https://www.goodreads.com/author/show/6953499.Tessa_Bailey","*","","9798201597160","B0DV2HDGFC","258","pp","3.45","122,169","Oct 16, 2021","Oct 19, 2021","","0","https://www.goodreads.com/review/show/5816399413","0","https://www.goodreads.com/rating/voters/5816399413?resource_type=Review","1","not set","","Sep 03, 2023","ebook","Dec 27, 2020","","https://www.goodreads.com/book/show/58943206-window-shopping","https://i.gr-assets.com/images/S/compressed.photo.goodreads.com/books/1631093429l/58943206._SY75_.jpg"
"It Happened One Summer","https://www.goodreads.com/book/show/55659629-it-happened-one-summer","Bailey, Tessa","https://www.goodreads.com/author/show/6953499.Tessa_Bailey","*","0063045656","9780063045651","0063045656","397","pp","3.88","763,982","Jul 13, 2021","Aug 19, 2021","","0","https://www.goodreads.com/review/show/5816399055","0","https://www.goodreads.com/rating/voters/5816399055?resource_type=Review","1","not set","","Sep 03, 2023","Paperback","Dec 27, 2020","(Bellinger Sisters, #1)","https://www.goodreads.com/book/show/55659629-it-happened-one-summer","https://i.gr-assets.com/images/S/compressed.photo.goodreads.com/books/1604991895l/55659629._SY75_.jpg"
"Seasons of Chaos","https://www.goodreads.com/book/show/55276569-seasons-of-chaos","Cosimano, Elle","https://www.goodreads.com/author/show/5444060.Elle_Cosimano","*","0062854275","9780062854278","0062854275","464","pp","3.72","1,364","Jun 08, 2021","Jun 08, 2021","","0","https://www.goodreads.com/review/show/5816398247","0","https://www.goodreads.com/rating/voters/5816398247?resource_type=Review","2","not set","not set","Sep 03, 2023","Hardcover","Dec 27, 2021","(Seasons of the Storm, #2)","https://www.goodreads.com/book/show/55276569-seasons-of-chaos","https://i.gr-assets.com/images/S/compressed.photo.goodreads.com/books/1602312604l/55276569._SY75_.jpg"
"Seasons of the Storm","https://www.goodreads.com/book/show/52039902-seasons-of-the-storm","Cosimano, Elle","https://www.goodreads.com/author/show/5444060.Elle_Cosimano","*","0062854240","9780062854247","0062854240","480","pp","3.47","6,519","Jun 23, 2020","Jun 23, 2020","","0","https://www.goodreads.com/review/show/5816397975","0","https://www.goodreads.com/rating/voters/5816397975?resource_type=Review","1","not set","","Sep 03, 2023","Hardcover","Dec 27, 2021","(Seasons of the Storm, #1)","https://www.goodreads.com/book/show/52039902-seasons-of-the-storm","https://i.gr-assets.com/images/S/compressed.photo.goodreads.com/books/1569941899l/52039902._SX50_SY75_.jpg"
"The Hating Game","https://www.goodreads.com/book/show/27213238-the-hating-game","Thorne, Sally","https://www.goodreads.com/author/show/18002228.Sally_Thorne","*","","","","365","pp","3.85","860,368","Aug 09, 2016","Aug 09, 2016","","0","https://www.goodreads.com/review/show/5816397537","0","https://www.goodreads.com/rating/voters/5816397537?resource_type=Review","1","not set","","Sep 03, 2023","Paperback","Dec 27, 2020","","https://www.goodreads.com/book/show/27213238-the-hating-game","https://i.gr-assets.com/images/S/compressed.photo.goodreads.com/books/1481566824l/27213238._SY75_.jpg"
"The Bridge Kingdom","https://www.goodreads.com/book/show/53921926-the-bridge-kingdom","Jensen, Danielle L.","https://www.goodreads.com/author/show/7091823.Danielle_L_Jensen","*","","","B07SB6FRDN","356","pp","4.04","253,914","Oct 16, 2018","Jun 09, 2020","","0","https://www.goodreads.com/review/show/5816396622","0","https://www.goodreads.com/rating/voters/5816396622?resource_type=Review","1","not set","","Sep 03, 2023","Kindle Edition","Jun 27, 2020","(The Bridge Kingdom, #1)","https://www.goodreads.com/book/show/53921926-the-bridge-kingdom","https://i.gr-assets.com/images/S/compressed.photo.goodreads.com/books/1591726304l/53921926._SY75_.jpg"
"Morning Star","https://www.goodreads.com/book/show/18966806-morning-star","Brown, Pierce","https://www.goodreads.com/author/show/6474348.Pierce_Brown","*","","","","524","pp","4.55","498,192","Feb 09, 2016","Feb 09, 2016","liked it","0","https://www.goodreads.com/review/show/5816395897","0","https://www.goodreads.com/rating/voters/5816395897?resource_type=Review","1","not set","","Sep 03, 2023","Hardcover","Dec 28, 2022","(Red Rising Saga, #3)","https://www.goodreads.com/book/show/18966806-morning-star","https://i.gr-assets.com/images/S/compressed.photo.goodreads.com/books/1461354277l/18966806._SY75_.jpg"
"Golden Son","https://www.goodreads.com/book/show/18966819-golden-son","Brown, Pierce","https://www.goodreads.com/author/show/6474348.Pierce_Brown","*","0345539826","9780345539823","0345539826","466","pp","4.51","613,231","Jan 06, 2015","Jan 06, 2015","liked it","0","https://www.goodreads.com/review/show/5816395748","0","https://www.goodreads.com/rating/voters/5816395748?resource_type=Review","1","not set","","Sep 03, 2023","ebook","Dec 27, 2022","(Red Rising Saga, #2)","https://www.goodreads.com/book/show/18966819-golden-son","https://i.gr-assets.com/images/S/compressed.photo.goodreads.com/books/1394684475l/18966819._SY75_.jpg"
"The Atlas Paradox","https://www.goodreads.com/book/show/57912066-the-atlas-paradox","Blake, Olivie","https://www.goodreads.com/author/show/16225393.Olivie_Blake","*","1250855128","9781250855121","B09V3FWJ87","560","pp","3.49","86,116","Oct 25, 2022","Oct 25, 2022","liked it","0","https://www.goodreads.com/review/show/5816394742","0","https://www.goodreads.com/rating/voters/5816394742?resource_type=Review","1","not set","","Sep 03, 2023","Kindle Edition","Dec 20, 2022","(The Atlas, #2)","https://www.goodreads.com/book/show/57912066-the-atlas-paradox","https://i.gr-assets.com/images/S/compressed.photo.goodreads.com/books/1665849047l/57912066._SY75_.jpg"
"Cloud Atlas","https://www.goodreads.com/book/show/49628.Cloud_Atlas","Mitchell, David","https://www.goodreads.com/author/show/6538289.David_Mitchell","","0375507256","9780375507250","B00A2M3QD4","509","pp","4.01","275,586","Mar 2004","Aug 17, 2004","really liked it","0","https://www.goodreads.com/review/show/5816393924","0","https://www.goodreads.com/rating/voters/5816393924?resource_type=Review","1","not set","","Sep 03, 2023","Paperback","Dec 27, 2023","","https://www.goodreads.com/book/show/49628.Cloud_Atlas","https://i.gr-assets.com/images/S/compressed.photo.goodreads.com/books/1563042852l/49628._SX50_.jpg"
"The Final Gambit","https://www.goodreads.com/book/show/58658940-the-final-gambit","Barnes, Jennifer Lynn","https://www.goodreads.com/author/show/164187.Jennifer_Lynn_Barnes","*","","9780316371124","B09HX68J4L","400","pp","4.10","504,400","Aug 30, 2022","Aug 30, 2022","","0","https://www.goodreads.com/review/show/5816393009","0","https://www.goodreads.com/rating/voters/5816393009?resource_type=Review","1","not set","","Sep 03, 2023","Kindle Edition","Mar 26, 2023","(The Inheritance Games, #3)","https://www.goodreads.com/book/show/58658940-the-final-gambit","https://i.gr-assets.com/images/S/compressed.photo.goodreads.com/books/1634068536l/58658940._SY75_.jpg"
"The Hawthorne Legacy","https://www.goodreads.com/book/show/50531218-the-hawthorne-legacy","Barnes, Jennifer Lynn","https://www.goodreads.com/author/show/164187.Jennifer_Lynn_Barnes","*","0241480744","9780241480748","0241480744","380","pp","4.18","671,089","Sep 07, 2021","Sep 07, 2021","","0","https://www.goodreads.com/review/show/5816392265","0","https://www.goodreads.com/rating/voters/5816392265?resource_type=Review","1","not set","","Sep 03, 2023","Hardcover","Mar 23, 2023","(The Inheritance Games, #2)","https://www.goodreads.com/book/show/50531218-the-hawthorne-legacy","https://i.gr-assets.com/images/S/compressed.photo.goodreads.com/books/1610493390l/50531218._SY75_.jpg"
"One for My Enemy","https://www.goodreads.com/book/show/43795562-one-for-my-enemy","Blake, Olivie","https://www.goodreads.com/author/show/16225393.Olivie_Blake","*","","","B07N83S6XP","427","pp","3.68","36,625","Jan 30, 2019","Jan 30, 2019","really liked it","0","https://www.goodreads.com/review/show/5816391034","0","https://www.goodreads.com/rating/voters/5816391034?resource_type=Review","1","not set","","Sep 03, 2023","Kindle Edition","Jun 22, 2023","","https://www.goodreads.com/book/show/43795562-one-for-my-enemy","https://i.gr-assets.com/images/S/compressed.photo.goodreads.com/books/1548922261l/43795562._SY75_.jpg"
"Vicious","https://www.goodreads.com/book/show/40874032-vicious","Schwab, V.E.","https://www.goodreads.com/author/show/7168230.V_E_Schwab","","","","B00CQY7WBI","402","pp","4.17","345,166","Sep 24, 2013","Sep 24, 2013","really liked it","0","https://www.goodreads.com/review/show/5816390691","0","https://www.goodreads.com/rating/voters/5816390691?resource_type=Review","1","","","Sep 03, 2023","Kindle Edition","Jun 26, 2023","(Villains, #1)","https://www.goodreads.com/book/show/40874032-vicious","https://i.gr-assets.com/images/S/compressed.photo.goodreads.com/books/1670752670l/40874032._SY75_.jpg"
"Vengeful","https://www.goodreads.com/book/show/26856502-vengeful","Schwab, V.E.","https://www.goodreads.com/author/show/7168230.V_E_Schwab","","","","B078X26SH3","462","pp","4.11","139,851","Sep 25, 2018","Sep 25, 2018","really liked it","0","https://www.goodreads.com/review/show/5816390178","0","https://www.goodreads.com/rating/voters/5816390178?resource_type=Review","1","","","Sep 03, 2023","Kindle Edition","Jun 27, 2023","(Villains, #2)","https://www.goodreads.com/book/show/26856502-vengeful","https://i.gr-assets.com/images/S/compressed.photo.goodreads.com/books/1683488509l/26856502._SY75_.jpg"
"La Petite Mort","https://www.goodreads.com/book/show/52628776-la-petite-mort","Blake, Olivie","https://www.goodreads.com/author/show/16225393.Olivie_Blake","*","0578555204","9780578555201","0578555204","218","pp","3.49","1,132","Oct 31, 2019","Oct 31, 2019","","0","https://www.goodreads.com/review/show/5816389819","0","https://www.goodreads.com/rating/voters/5816389819?resource_type=Review","1","not set","","Sep 03, 2023","Paperback","Aug 27, 2022","","https://www.goodreads.com/book/show/52628776-la-petite-mort","https://i.gr-assets.com/images/S/compressed.photo.goodreads.com/books/1571117208l/52628776._SX50_SY75_.jpg"
"A Conjuring of Light","https://www.goodreads.com/book/show/29939230-a-conjuring-of-light","Schwab, V.E.","https://www.goodreads.com/author/show/7168230.V_E_Schwab","","0765387468","9780765387462","0765387468","624","pp","4.29","202,713","Feb 21, 2017","Feb 21, 2017","really liked it","0","https://www.goodreads.com/review/show/5816388736","0","https://www.goodreads.com/rating/voters/5816388736?resource_type=Review","1","not set","","Sep 03, 2023","Hardcover","Jun 25, 2023","(Shades of Magic, #3)","https://www.goodreads.com/book/show/29939230-a-conjuring-of-light","https://i.gr-assets.com/images/S/compressed.photo.goodreads.com/books/1758323297l/29939230._SY75_.jpg"
"Gleam","https://www.goodreads.com/book/show/57214537-gleam","Kennedy, Raven","https://www.goodreads.com/author/show/18343962.Raven_Kennedy","*","","","B08XK8L1J7","681","pp","4.37","315,362","May 31, 2021","May 31, 2021","liked it","0","https://www.goodreads.com/review/show/5816385689","0","https://www.goodreads.com/rating/voters/5816385689?resource_type=Review","1","not set","","Sep 03, 2023","Kindle Edition","May 30, 2021","(The Plated Prisoner, #3)","https://www.goodreads.com/book/show/57214537-gleam","https://i.gr-assets.com/images/S/compressed.photo.goodreads.com/books/1614345575l/57214537._SY75_.jpg"
"Glint","https://www.goodreads.com/book/show/56530123-glint","Kennedy, Raven","https://www.goodreads.com/author/show/18343962.Raven_Kennedy","*","","","B08RW8MW3D","482","pp","4.15","342,161","Jan 03, 2021","Jan 11, 2021","liked it","0","https://www.goodreads.com/review/show/5816385572","0","https://www.goodreads.com/rating/voters/5816385572?resource_type=Review","1","not set","","Sep 03, 2023","Kindle Edition","Feb 27, 2021","(The Plated Prisoner, #2)","https://www.goodreads.com/book/show/56530123-glint","https://i.gr-assets.com/images/S/compressed.photo.goodreads.com/books/1610111193l/56530123._SY75_.jpg"
"Gild","https://www.goodreads.com/book/show/56483061-gild","Kennedy, Raven","https://www.goodreads.com/author/show/18343962.Raven_Kennedy","*","","","B08HJDG47W","402","pp","3.62","426,446","Oct 16, 2020","Dec 2020","liked it","0","https://www.goodreads.com/review/show/5816385030","0","https://www.goodreads.com/rating/voters/5816385030?resource_type=Review","1","not set","","Sep 03, 2023","Kindle Edition","Feb 25, 2021","(The Plated Prisoner, #1)","https://www.goodreads.com/book/show/56483061-gild","https://i.gr-assets.com/images/S/compressed.photo.goodreads.com/books/1609357436l/56483061._SY75_.jpg"
"Restore Me","https://www.goodreads.com/book/show/34992929-restore-me","Mafi, Tahereh","https://www.goodreads.com/author/show/4637539.Tahereh_Mafi","","0062676369","9780062676368","0062676369","448","pp","4.13","459,951","Mar 06, 2018","Mar 06, 2018","it was ok","0","https://www.goodreads.com/review/show/5816373001","0","https://www.goodreads.com/rating/voters/5816373001?resource_type=Review","1","not set","","Sep 03, 2023","Hardcover","Jul 27, 2023","(Shatter Me, #4)","https://www.goodreads.com/book/show/34992929-restore-me","https://i.gr-assets.com/images/S/compressed.photo.goodreads.com/books/1507232049l/34992929._SY75_.jpg"
"Imagine Me","https://www.goodreads.com/book/show/44054122-imagine-me","Mafi, Tahereh","https://www.goodreads.com/author/show/4637539.Tahereh_Mafi","","006267644X","9780062676443","006267644X","450","pp","4.02","341,664","Apr 02, 2020","Mar 31, 2020","liked it","0","https://www.goodreads.com/review/show/5816372557","0","https://www.goodreads.com/rating/voters/5816372557?resource_type=Review","1","not set","","Sep 03, 2023","ebook","Jul 25, 2023","(Shatter Me, #6)","https://www.goodreads.com/book/show/44054122-imagine-me","https://i.gr-assets.com/images/S/compressed.photo.goodreads.com/books/1563815428l/44054122._SY75_.jpg"
"Defy Me","https://www.goodreads.com/book/show/34992959-defy-me","Mafi, Tahereh","https://www.goodreads.com/author/show/4637539.Tahereh_Mafi","","0062676393","9780062676399","0062676393","357","pp","4.27","400,049","Apr 02, 2019","Apr 02, 2019","liked it","0","https://www.goodreads.com/review/show/5816371741","0","https://www.goodreads.com/rating/voters/5816371741?resource_type=Review","1","not set","","Sep 03, 2023","Hardcover","Jul 22, 2023","(Shatter Me, #5)","https://www.goodreads.com/book/show/34992959-defy-me","https://i.gr-assets.com/images/S/compressed.photo.goodreads.com/books/1548349704l/34992959._SX50_.jpg"
"Ignite Me","https://www.goodreads.com/book/show/13188676-ignite-me","Mafi, Tahereh","https://www.goodreads.com/author/show/4637539.Tahereh_Mafi","","006208559X","9780062085597","B07H56SK9J","408","pp","4.44","729,559","Feb 04, 2014","Feb 04, 2014","liked it","0","https://www.goodreads.com/review/show/5816370746","0","https://www.goodreads.com/rating/voters/5816370746?resource_type=Review","1","not set","","Sep 03, 2023","Kindle Edition","Jul 24, 2023","(Shatter Me, #3)","https://www.goodreads.com/book/show/13188676-ignite-me","https://i.gr-assets.com/images/S/compressed.photo.goodreads.com/books/1375972497l/13188676._SY75_.jpg"
"Rule of the Aurora King","https://www.goodreads.com/book/show/191754348-rule-of-the-aurora-king","Tuli, Nisha J.","https://www.goodreads.com/author/show/22316858.Nisha_J_Tuli","*","1538767651","9781538767658","1538767651","512","pp","3.95","122,116","Apr 06, 2023","Sep 12, 2023","it was ok","0","https://www.goodreads.com/review/show/5816366226","0","https://www.goodreads.com/rating/voters/5816366226?resource_type=Review","1","not set","","Sep 03, 2023","Paperback","Sep 27, 2023","(Artefacts of Ouranos, #2)","https://www.goodreads.com/book/show/191754348-rule-of-the-aurora-king","https://i.gr-assets.com/images/S/compressed.photo.goodreads.com/books/1690915587l/191754348._SY75_.jpg"
"Once Upon a Broken Heart","https://www.goodreads.com/book/show/55987278-once-upon-a-broken-heart","Garber, Stephanie","https://www.goodreads.com/author/show/14137787.Stephanie_Garber","*","1250268397","9781250268396","1250268397","408","pp","4.06","774,758","Sep 28, 2021","Sep 28, 2021","","0","https://www.goodreads.com/review/show/5793217829","0","https://www.goodreads.com/rating/voters/5793217829?resource_type=Review","1","not set","","Aug 24, 2023","Hardcover","Aug 27, 2023","(Once Upon a Broken Heart, #1)","https://www.goodreads.com/book/show/55987278-once-upon-a-broken-heart","https://i.gr-assets.com/images/S/compressed.photo.goodreads.com/books/1615486938l/55987278._SY75_.jpg"
"House of Flame and Shadow","https://www.goodreads.com/book/show/52857700-house-of-flame-and-shadow","Maas, Sarah J.","https://www.goodreads.com/author/show/3433047.Sarah_J_Maas","*","1681193094","9781681193090","1681193094","835","pp","4.26","822,189","Jan 30, 2024","Jan 30, 2024","really liked it","0","https://www.goodreads.com/review/show/5767386530","0","https://www.goodreads.com/rating/voters/5767386530?resource_type=Review","2","not set","not set","Aug 14, 2023","ebook","Jan 27, 2024","(Crescent City, #3)","https://www.goodreads.com/book/show/52857700-house-of-flame-and-shadow","https://i.gr-assets.com/images/S/compressed.photo.goodreads.com/books/1689809645l/52857700._SY75_.jpg"
"Unravel Me","https://www.goodreads.com/book/show/13104080-unravel-me","Mafi, Tahereh","https://www.goodreads.com/author/show/4637539.Tahereh_Mafi","","0062085530","9780062085535","0062085530","480","pp","4.09","822,750","Feb 05, 2013","Feb 05, 2013","liked it","0","https://www.goodreads.com/review/show/5764462042","0","https://www.goodreads.com/rating/voters/5764462042?resource_type=Review","1","not set","","Aug 13, 2023","Hardcover","Jul 19, 2023","(Shatter Me, #2)","https://www.goodreads.com/book/show/13104080-unravel-me","https://i.gr-assets.com/images/S/compressed.photo.goodreads.com/books/1340287622l/13104080._SY75_.jpg"
"Divine Rivals","https://www.goodreads.com/book/show/60784546-divine-rivals","Ross, Rebecca","https://www.goodreads.com/author/show/14926516.Rebecca_Ross","*","1250857430","9781250857439","1250857430","368","pp","4.14","802,587","Apr 04, 2023","Apr 04, 2023","liked it","0","https://www.goodreads.com/review/show/5741142656","0","https://www.goodreads.com/rating/voters/5741142656?resource_type=Review","1","not set","","Aug 03, 2023","Hardcover","Jul 27, 2023","(Letters of Enchantment, #1)","https://www.goodreads.com/book/show/60784546-divine-rivals","https://i.gr-assets.com/images/S/compressed.photo.goodreads.com/books/1655928079l/60784546._SY75_.jpg"
"In the Likely Event","https://www.goodreads.com/book/show/127152907-in-the-likely-event","Yarros, Rebecca","https://www.goodreads.com/author/show/7539785.Rebecca_Yarros","*","1662511566","9781662511561","B0BP8JRWLP","348","pp","4.21","314,093","Aug 01, 2023","Aug 01, 2023","did not like it","0","https://www.goodreads.com/review/show/5740090882","0","https://www.goodreads.com/rating/voters/5740090882?resource_type=Review","1","not set","","Aug 03, 2023","Kindle Edition","Dec 27, 2023","","https://www.goodreads.com/book/show/127152907-in-the-likely-event","https://i.gr-assets.com/images/S/compressed.photo.goodreads.com/books/1683338045l/127152907._SY75_.jpg"
"Shatter Me","https://www.goodreads.com/book/show/10429045-shatter-me","Mafi, Tahereh","https://www.goodreads.com/author/show/4637539.Tahereh_Mafi","","0062085484","9780062085481","0062085484","338","pp","3.84","1,321,905","Nov 15, 2011","Nov 15, 2011","liked it","0","https://www.goodreads.com/review/show/5738996303","0","https://www.goodreads.com/rating/voters/5738996303?resource_type=Review","1","not set","","Aug 02, 2023","Hardcover","Jul 16, 2023","(Shatter Me, #1)","https://www.goodreads.com/book/show/10429045-shatter-me","https://i.gr-assets.com/images/S/compressed.photo.goodreads.com/books/1310649047l/10429045._SY75_.jpg"
"Iron Flame","https://www.goodreads.com/book/show/90202302-iron-flame","Yarros, Rebecca","https://www.goodreads.com/author/show/7539785.Rebecca_Yarros","*","1649374178","9781649374172","1649374178","623","pp","4.36","2,898,795","Nov 07, 2023","Nov 07, 2023","liked it","0","https://www.goodreads.com/review/show/5722575761","0","https://www.goodreads.com/rating/voters/5722575761?resource_type=Review","1","not set","","Jul 26, 2023","Hardcover","Dec 25, 2023","(The Empyrean, #2)","https://www.goodreads.com/book/show/90202302-iron-flame","https://i.gr-assets.com/images/S/compressed.photo.goodreads.com/books/1706724269l/90202302._SY75_.jpg"
"Babel","https://www.goodreads.com/book/show/57945316-babel","Kuang, R.F.","https://www.goodreads.com/author/show/16820001.R_F_Kuang","*","0063021420","9780063021426","0063021420","544","pp","4.12","544,826","Aug 23, 2022","Aug 23, 2022","liked it","0","https://www.goodreads.com/review/show/5711712343","0","https://www.goodreads.com/rating/voters/5711712343?resource_type=Review","1","not set","","Jul 22, 2023","Hardcover","Nov 27, 2023","","https://www.goodreads.com/book/show/57945316-babel","https://i.gr-assets.com/images/S/compressed.photo.goodreads.com/books/1677361825l/57945316._SY75_.jpg"
"The Burning God","https://www.goodreads.com/book/show/45857086-the-burning-god","Kuang, R.F.","https://www.goodreads.com/author/show/16820001.R_F_Kuang","*","0008339147","9780008339142","0008339147","622","pp","4.26","196,649","Nov 17, 2020","Nov 26, 2020","really liked it","0","https://www.goodreads.com/review/show/5711206447","0","https://www.goodreads.com/rating/voters/5711206447?resource_type=Review","1","not set","","Jul 22, 2023","Hardcover","Jun 27, 2023","(The Poppy War, #3)","https://www.goodreads.com/book/show/45857086-the-burning-god","https://i.gr-assets.com/images/S/compressed.photo.goodreads.com/books/1584965579l/45857086._SY75_.jpg"
"Trial of the Sun Queen","https://www.goodreads.com/book/show/61246394-trial-of-the-sun-queen","Tuli, Nisha J.","https://www.goodreads.com/author/show/22316858.Nisha_J_Tuli","*","","","B0FSJTLWQW","400","pp","3.88","166,624","Sep 12, 2023","Nov 15, 2022","it was ok","0","https://www.goodreads.com/review/show/5696466048","0","https://www.goodreads.com/rating/voters/5696466048?resource_type=Review","1","not set","","Jul 16, 2023","Paperback","Nov 27, 2022","(Artefacts of Ouranos, #1)","https://www.goodreads.com/book/show/61246394-trial-of-the-sun-queen","https://i.gr-assets.com/images/S/compressed.photo.goodreads.com/books/1662693081l/61246394._SY75_.jpg"
"The Dragon Republic","https://www.goodreads.com/book/show/41118857-the-dragon-republic","Kuang, R.F.","https://www.goodreads.com/author/show/16820001.R_F_Kuang","*","","","B0DLSNLF3N","658","pp","4.33","252,642","Aug 06, 2019","Aug 08, 2019","really liked it","0","https://www.goodreads.com/review/show/5682242442","0","https://www.goodreads.com/rating/voters/5682242442?resource_type=Review","1","","","Jul 10, 2023","Hardcover","Jun 26, 2023","(The Poppy War, #2)","https://www.goodreads.com/book/show/41118857-the-dragon-republic","https://i.gr-assets.com/images/S/compressed.photo.goodreads.com/books/1539963703l/41118857._SY75_.jpg"
"These Violent Delights","https://www.goodreads.com/book/show/50892212-these-violent-delights","Gong, Chloe","https://www.goodreads.com/author/show/18899059.Chloe_Gong","*","1534457690","9781534457690","1534457690","449","pp","3.79","173,724","Nov 17, 2020","Nov 17, 2020","liked it","0","https://www.goodreads.com/review/show/5682212890","0","https://www.goodreads.com/rating/voters/5682212890?resource_type=Review","1","not set","","Jul 10, 2023","Hardcover","Dec 27, 2020","(These Violent Delights, #1)","https://www.goodreads.com/book/show/50892212-these-violent-delights","https://i.gr-assets.com/images/S/compressed.photo.goodreads.com/books/1580958058l/50892212._SY75_.jpg"
"The Poppy War","https://www.goodreads.com/book/show/35068705-the-poppy-war","Kuang, R.F.","https://www.goodreads.com/author/show/16820001.R_F_Kuang","*","0062662597","9780062662590","0062662597","545","pp","4.15","552,158","May 01, 2018","May 01, 2018","it was amazing","0","https://www.goodreads.com/review/show/5675331343","0","https://www.goodreads.com/rating/voters/5675331343?resource_type=Review","1","not set","","Jul 07, 2023","Kindle Edition","Jun 24, 2023","(The Poppy War, #1)","https://www.goodreads.com/book/show/35068705-the-poppy-war","https://i.gr-assets.com/images/S/compressed.photo.goodreads.com/books/1515691735l/35068705._SY75_.jpg"
"A Portrait in Shadow","https://www.goodreads.com/book/show/61165369-a-portrait-in-shadow","Jarvis, Nicole","https://www.goodreads.com/author/show/19411200.Nicole_Jarvis","*","1803362340","9781803362342","1803362340","432","pp","3.70","450","May 02, 2023","May 02, 2023","liked it","0","https://www.goodreads.com/review/show/5669620347","0","https://www.goodreads.com/rating/voters/5669620347?resource_type=Review","1","not set","","Jul 05, 2023","Paperback","Jul 27, 2023","","https://www.goodreads.com/book/show/61165369-a-portrait-in-shadow","https://i.gr-assets.com/images/S/compressed.photo.goodreads.com/books/1668481058l/61165369._SY75_.jpg"
"Fourth Wing","https://www.goodreads.com/book/show/61431922-fourth-wing","Yarros, Rebecca","https://www.goodreads.com/author/show/7539785.Rebecca_Yarros","*","1649374046","9781649374042","1649374046","517","pp","4.56","3,969,536","May 02, 2023","May 02, 2023","liked it","0","https://www.goodreads.com/review/show/5654304156","0","https://www.goodreads.com/rating/voters/5654304156?resource_type=Review","1","not set","","Jun 29, 2023","Hardcover","Jul 27, 2023","(The Empyrean, #1)","https://www.goodreads.com/book/show/61431922-fourth-wing","https://i.gr-assets.com/images/S/compressed.photo.goodreads.com/books/1761312598l/61431922._SY75_.jpg"
"The Atlas Complex","https://www.goodreads.com/book/show/63104676-the-atlas-complex","Blake, Olivie","https://www.goodreads.com/author/show/16225393.Olivie_Blake","*","1529095352","9781529095357","1529095352","496","pp","2.83","35,210","Jan 09, 2024","Jan 09, 2024","did not like it","0","https://www.goodreads.com/review/show/5648755420","0","https://www.goodreads.com/rating/voters/5648755420?resource_type=Review","1","","","Jun 27, 2023","Hardcover","Feb 09, 2024","(The Atlas, #3)","https://www.goodreads.com/book/show/63104676-the-atlas-complex","https://i.gr-assets.com/images/S/compressed.photo.goodreads.com/books/1675187027l/63104676._SY75_.jpg"
"Dragon Bones","https://www.goodreads.com/book/show/35297553-dragon-bones","McMann, Lisa","https://www.goodreads.com/author/show/767547.Lisa_McMann","*","1481456849","9781481456845","1481456849","416","pp","4.23","3,074","Feb 06, 2018","Feb 06, 2018","","0","https://www.goodreads.com/review/show/5648284379","0","https://www.goodreads.com/rating/voters/5648284379?resource_type=Review","1","not set","","Jun 27, 2023","Hardcover","Dec 27, 2018","(The Unwanteds Quests #2)","https://www.goodreads.com/book/show/35297553-dragon-bones","https://i.gr-assets.com/images/S/compressed.photo.goodreads.com/books/1497083829l/35297553._SY75_.jpg"
"Dragon Captives","https://www.goodreads.com/book/show/30312806-dragon-captives","McMann, Lisa","https://www.goodreads.com/author/show/767547.Lisa_McMann","*","1481456814","9781481456814","1481456814","432","pp","4.12","4,981","Feb 07, 2017","Feb 07, 2017","","0","https://www.goodreads.com/review/show/5648284191","0","https://www.goodreads.com/rating/voters/5648284191?resource_type=Review","1","not set","","Jun 27, 2023","Hardcover","Dec 27, 2017","(The Unwanteds Quests, #1)","https://www.goodreads.com/book/show/30312806-dragon-captives","https://i.gr-assets.com/images/S/compressed.photo.goodreads.com/books/1480167004l/30312806._SY75_.jpg"
"Island of Dragons","https://www.goodreads.com/book/show/23497890-island-of-dragons","McMann, Lisa","https://www.goodreads.com/author/show/767547.Lisa_McMann","*","1442493372","9781442493377","1442493372","544","pp","4.45","9,112","Apr 12, 2016","Apr 12, 2016","","0","https://www.goodreads.com/review/show/5648283927","0","https://www.goodreads.com/rating/voters/5648283927?resource_type=Review","1","not set","","Jun 27, 2023","Hardcover","Dec 27, 2016","(Unwanteds, #7)","https://www.goodreads.com/book/show/23497890-island-of-dragons","https://i.gr-assets.com/images/S/compressed.photo.goodreads.com/books/1458126536l/23497890._SY75_.jpg"
"Island of Fire","https://www.goodreads.com/book/show/17063691-island-of-fire","McMann, Lisa","https://www.goodreads.com/author/show/767547.Lisa_McMann","*","1442458453","9781442458451","1442458453","464","pp","4.37","16,698","Sep 03, 2013","Sep 03, 2013","","0","https://www.goodreads.com/review/show/5648283668","0","https://www.goodreads.com/rating/voters/5648283668?resource_type=Review","1","not set","","Jun 27, 2023","Hardcover","Dec 27, 2016","(Unwanteds, #3)","https://www.goodreads.com/book/show/17063691-island-of-fire","https://i.gr-assets.com/images/S/compressed.photo.goodreads.com/books/1356040226l/17063691._SY75_.jpg"
"Island of Graves","https://www.goodreads.com/book/show/23497854-island-of-graves","McMann, Lisa","https://www.goodreads.com/author/show/767547.Lisa_McMann","*","1442493364","9781442493360","1442493364","528","pp","4.44","10,341","Sep 15, 2015","Sep 15, 2015","","0","https://www.goodreads.com/review/show/5648283474","0","https://www.goodreads.com/rating/voters/5648283474?resource_type=Review","1","not set","","Jun 27, 2023","ebook","Dec 27, 2016","(Unwanteds, #6)","https://www.goodreads.com/book/show/23497854-island-of-graves","https://i.gr-assets.com/images/S/compressed.photo.goodreads.com/books/1419107766l/23497854._SY75_.jpg"
"Island of Shipwrecks","https://www.goodreads.com/book/show/22546129-island-of-shipwrecks","McMann, Lisa","https://www.goodreads.com/author/show/767547.Lisa_McMann","*","1442493313","9781442493315","1442493313","464","pp","4.37","11,039","Feb 03, 2015","Feb 03, 2015","","0","https://www.goodreads.com/review/show/5648283327","0","https://www.goodreads.com/rating/voters/5648283327?resource_type=Review","1","not set","","Jun 27, 2023","Hardcover","Dec 27, 2016","(Unwanteds, #5)","https://www.goodreads.com/book/show/22546129-island-of-shipwrecks","https://i.gr-assets.com/images/S/compressed.photo.goodreads.com/books/1403824756l/22546129._SY75_.jpg"
"Island of Silence","https://www.goodreads.com/book/show/13406329-island-of-silence","McMann, Lisa","https://www.goodreads.com/author/show/767547.Lisa_McMann","*","1442407719","9781442407718","1442407719","416","pp","4.29","20,226","Sep 04, 2012","Sep 04, 2012","","0","https://www.goodreads.com/review/show/5648283077","0","https://www.goodreads.com/rating/voters/5648283077?resource_type=Review","1","not set","","Jun 27, 2023","Hardcover","Dec 27, 2016","(Unwanteds, #2)","https://www.goodreads.com/book/show/13406329-island-of-silence","https://i.gr-assets.com/images/S/compressed.photo.goodreads.com/books/1345888183l/13406329._SY75_.jpg"
"The Unwanteds","https://www.goodreads.com/book/show/9917879-the-unwanteds","McMann, Lisa","https://www.goodreads.com/author/show/767547.Lisa_McMann","*","1442407689","9781442407688","1442407689","390","pp","4.11","47,833","Aug 30, 2011","Aug 30, 2011","","0","https://www.goodreads.com/review/show/5648282859","0","https://www.goodreads.com/rating/voters/5648282859?resource_type=Review","1","not set","","Jun 27, 2023","Hardcover","Dec 27, 2016","(Unwanteds, #1)","https://www.goodreads.com/book/show/9917879-the-unwanteds","https://i.gr-assets.com/images/S/compressed.photo.goodreads.com/books/1308432658l/9917879._SY75_.jpg"
"Crossed","https://www.goodreads.com/book/show/15812814-crossed","Condie, Ally","https://www.goodreads.com/author/show/1304470.Ally_Condie","*","0142421715","9780142421710","0142421715","367","pp","3.52","262,299","Nov 01, 2011","Mar 12, 2013","","0","https://www.goodreads.com/review/show/5648281969","0","https://www.goodreads.com/rating/voters/5648281969?resource_type=Review","1","not set","","Jun 27, 2023","Paperback","Dec 27, 2016","(Matched, #2)","https://www.goodreads.com/book/show/15812814-crossed","https://i.gr-assets.com/images/S/compressed.photo.goodreads.com/books/1374335939l/15812814._SY75_.jpg"
"Reached","https://www.goodreads.com/book/show/13125947-reached","Condie, Ally","https://www.goodreads.com/author/show/1304470.Ally_Condie","*","0525423664","9780525423669","0525423664","512","pp","3.54","180,241","Nov 13, 2012","Nov 13, 2012","","0","https://www.goodreads.com/review/show/5648281734","0","https://www.goodreads.com/rating/voters/5648281734?resource_type=Review","1","not set","","Jun 27, 2023","Hardcover","Dec 27, 2016","(Matched, #3)","https://www.goodreads.com/book/show/13125947-reached","https://i.gr-assets.com/images/S/compressed.photo.goodreads.com/books/1330717582l/13125947._SY75_.jpg"
"Allegiant","https://www.goodreads.com/book/show/18710190-allegiant","Roth, Veronica","https://www.goodreads.com/author/show/4039811.Veronica_Roth","*","0007524277","9780007524273","0007524277","531","pp","3.60","1,166,784","Oct 22, 2013","Oct 22, 2013","","0","https://www.goodreads.com/review/show/5648281131","0","https://www.goodreads.com/rating/voters/5648281131?resource_type=Review","1","not set","","Jun 27, 2023","Hardcover","Dec 27, 2015","(Divergent, #3)","https://www.goodreads.com/book/show/18710190-allegiant","https://i.gr-assets.com/images/S/compressed.photo.goodreads.com/books/1395582745l/18710190._SY75_.jpg"
"Insurgent","https://www.goodreads.com/book/show/11735983-insurgent","Roth, Veronica","https://www.goodreads.com/author/show/4039811.Veronica_Roth","*","0007442912","9780007442911","0007442912","525","pp","3.96","1,657,074","May 01, 2012","May 01, 2012","","0","https://www.goodreads.com/review/show/5648280950","0","https://www.goodreads.com/rating/voters/5648280950?resource_type=Review","1","not set","","Jun 27, 2023","Hardcover","Dec 27, 2015","(Divergent, #2)","https://www.goodreads.com/book/show/11735983-insurgent","https://i.gr-assets.com/images/S/compressed.photo.goodreads.com/books/1618525340l/11735983._SY75_.jpg"
"Unravel the Dusk","https://www.goodreads.com/book/show/36683940-unravel-the-dusk","Lim, Elizabeth","https://www.goodreads.com/author/show/6926374.Elizabeth_Lim","*","0525647023","9780525647027","0525647023","355","pp","3.76","29,301","Jul 07, 2020","Jul 07, 2020","","0","https://www.goodreads.com/review/show/5648279380","0","https://www.goodreads.com/rating/voters/5648279380?resource_type=Review","1","not set","","Jun 27, 2023","Hardcover","Dec 27, 2020","(The Blood of Stars, #2)","https://www.goodreads.com/book/show/36683940-unravel-the-dusk","https://i.gr-assets.com/images/S/compressed.photo.goodreads.com/books/1673729065l/36683940._SY75_.jpg"
"Spin the Dawn","https://www.goodreads.com/book/show/42815556-spin-the-dawn","Lim, Elizabeth","https://www.goodreads.com/author/show/6926374.Elizabeth_Lim","*","","","B0FSKDH6FJ","392","pp","3.97","66,443","Jul 09, 2019","Jul 09, 2019","","0","https://www.goodreads.com/review/show/5648278886","0","https://www.goodreads.com/rating/voters/5648278886?resource_type=Review","1","not set","","Jun 27, 2023","Hardcover","Dec 27, 2019","(The Blood of Stars, #1)","https://www.goodreads.com/book/show/42815556-spin-the-dawn","https://i.gr-assets.com/images/S/compressed.photo.goodreads.com/books/1542674036l/42815556._SY75_.jpg"
"Beast of the Night","https://www.goodreads.com/book/show/53202576-beast-of-the-night","Rawls, E.E.","https://www.goodreads.com/author/show/18612120.E_E_Rawls","","","","B0877CVNLT","136","pp","4.00","50","","Jun 11, 2020","","0","https://www.goodreads.com/review/show/5648278457","0","https://www.goodreads.com/rating/voters/5648278457?resource_type=Review","1","unknown","not set","Jun 27, 2023","Kindle Edition","Dec 27, 2020","(A Fairy Tale Retelling #1)","https://www.goodreads.com/book/show/53202576-beast-of-the-night","https://i.gr-assets.com/images/S/compressed.photo.goodreads.com/books/1587255183l/53202576._SY75_.jpg"
"A Dress for the Wicked","https://www.goodreads.com/book/show/40220881-a-dress-for-the-wicked","Krause, Autumn","https://www.goodreads.com/author/show/18061797.Autumn_Krause","*","0062857355","9780062857354","B07D2CNVVW","387","pp","3.61","2,355","Aug 06, 2019","Aug 06, 2019","","0","https://www.goodreads.com/review/show/5648277757","0","https://www.goodreads.com/rating/voters/5648277757?resource_type=Review","1","not set","","Jun 27, 2023","Kindle Edition","Dec 27, 2019","","https://www.goodreads.com/book/show/40220881-a-dress-for-the-wicked","https://i.gr-assets.com/images/S/compressed.photo.goodreads.com/books/1539644070l/40220881._SY75_.jpg"
"The Similars","https://www.goodreads.com/book/show/39109661-the-similars","Hanover, Rebecca","https://www.goodreads.com/author/show/17800459.Rebecca_Hanover","*","149266510X","9781492665106","149266510X","386","pp","3.84","8,772","Jan 01, 2019","Jan 01, 2019","","0","https://www.goodreads.com/review/show/5648277023","0","https://www.goodreads.com/rating/voters/5648277023?resource_type=Review","1","not set","","Jun 27, 2023","Hardcover","Dec 27, 2019","(The Similars, #1)","https://www.goodreads.com/book/show/39109661-the-similars","https://i.gr-assets.com/images/S/compressed.photo.goodreads.com/books/1526584664l/39109661._SX50_.jpg"
"Gravemaidens","https://www.goodreads.com/book/show/44291755-gravemaidens","Coon, Kelly","https://www.goodreads.com/author/show/17352433.Kelly_Coon","*","0525647821","9780525647829","0525647821","416","pp","3.44","2,257","Oct 29, 2019","Oct 29, 2019","","0","https://www.goodreads.com/review/show/5648276639","0","https://www.goodreads.com/rating/voters/5648276639?resource_type=Review","1","not set","","Jun 27, 2023","Hardcover","Dec 27, 2019","(Gravemaidens, #1)","https://www.goodreads.com/book/show/44291755-gravemaidens","https://i.gr-assets.com/images/S/compressed.photo.goodreads.com/books/1552357109l/44291755._SY75_.jpg"
"Crier's War","https://www.goodreads.com/book/show/41951626-crier-s-war","Varela, Nina","https://www.goodreads.com/author/show/18450258.Nina_Varela","*","0062823965","9780062823960","0062823965","464","pp","4.08","56,238","Oct 01, 2019","Oct 01, 2019","","0","https://www.goodreads.com/review/show/5648276259","0","https://www.goodreads.com/rating/voters/5648276259?resource_type=Review","1","not set","","Jun 27, 2023","ebook","Dec 27, 2019","(Crier's War, #1)","https://www.goodreads.com/book/show/41951626-crier-s-war","https://i.gr-assets.com/images/S/compressed.photo.goodreads.com/books/1553803423l/41951626._SY75_.jpg"
"Castles in Their Bones","https://www.goodreads.com/book/show/57631700-castles-in-their-bones","Sebastian, Laura","https://www.goodreads.com/author/show/15945524.Laura_Sebastian","*","0593118162","9780593118160","0593118162","514","pp","4.04","7,399","Feb 01, 2022","Feb 01, 2022","","0","https://www.goodreads.com/review/show/5648275912","0","https://www.goodreads.com/rating/voters/5648275912?resource_type=Review","1","not set","","Jun 27, 2023","Hardcover","Feb 27, 2022","(Castles in Their Bones, #1)","https://www.goodreads.com/book/show/57631700-castles-in-their-bones","https://i.gr-assets.com/images/S/compressed.photo.goodreads.com/books/1635250535l/57631700._SY75_.jpg"
"The Queen of Nothing","https://www.goodreads.com/book/show/26032912-the-queen-of-nothing","Black, Holly","https://www.goodreads.com/author/show/25422.Holly_Black","*","0316310409","9780316310406","0316310409","321","pp","4.33","1,047,026","Nov 19, 2019","Nov 19, 2019","","0","https://www.goodreads.com/review/show/5648275282","0","https://www.goodreads.com/rating/voters/5648275282?resource_type=Review","1","not set","","Jun 27, 2023","ebook","Dec 27, 2019","(The Folk of the Air, #3)","https://www.goodreads.com/book/show/26032912-the-queen-of-nothing","https://i.gr-assets.com/images/S/compressed.photo.goodreads.com/books/1553624975l/26032912._SX50_.jpg"
"The Wicked King","https://www.goodreads.com/book/show/26032887-the-wicked-king","Black, Holly","https://www.goodreads.com/author/show/25422.Holly_Black","*","0316310336","9780316310338","0316310336","336","pp","4.27","1,161,027","Jan 08, 2019","Jan 08, 2019","","0","https://www.goodreads.com/review/show/5648274899","0","https://www.goodreads.com/rating/voters/5648274899?resource_type=Review","1","not set","","Jun 27, 2023","ebook","Dec 27, 2019","(The Folk of the Air, #2)","https://www.goodreads.com/book/show/26032887-the-wicked-king","https://i.gr-assets.com/images/S/compressed.photo.goodreads.com/books/1520620414l/26032887._SY75_.jpg"
"The Damned","https://www.goodreads.com/book/show/53131137-the-damned","Ahdieh, Renee","https://www.goodreads.com/author/show/4600197.Ren_e_Ahdieh","*","1984812580","9781984812582","1984812580","401","pp","3.74","14,916","Jul 07, 2020","Jul 07, 2020","liked it","0","https://www.goodreads.com/review/show/5648274233","0","https://www.goodreads.com/rating/voters/5648274233?resource_type=Review","1","not set","","Jun 27, 2023","Hardcover","Dec 27, 2020","(The Beautiful, #2)","https://www.goodreads.com/book/show/53131137-the-damned","https://i.gr-assets.com/images/S/compressed.photo.goodreads.com/books/1570224902l/53131137._SY75_.jpg"
"A ​Sky Beyond the Storm","https://www.goodreads.com/book/show/31520883-a-sky-beyond-the-storm","Tahir, Sabaa","https://www.goodreads.com/author/show/7770873.Sabaa_Tahir","*","000828881X","9780008288815","000828881X","516","pp","4.27","90,167","Dec 01, 2020","Aug 01, 2021","","0","https://www.goodreads.com/review/show/5648273530","0","https://www.goodreads.com/rating/voters/5648273530?resource_type=Review","1","not set","","Jun 27, 2023","Paperback","Dec 27, 2021","(An Ember in the Ashes, #4)","https://www.goodreads.com/book/show/31520883-a-sky-beyond-the-storm","https://i.gr-assets.com/images/S/compressed.photo.goodreads.com/books/1583169878l/31520883._SY75_.jpg"
"A Reaper at the Gates","https://www.goodreads.com/book/show/30809786-a-reaper-at-the-gates","Tahir, Sabaa","https://www.goodreads.com/author/show/7770873.Sabaa_Tahir","*","0448494507","9780448494500","0448494507","458","pp","4.12","128,719","Jun 12, 2018","Jun 12, 2018","","0","https://www.goodreads.com/review/show/5648273132","0","https://www.goodreads.com/rating/voters/5648273132?resource_type=Review","1","not set","","Jun 27, 2023","Hardcover","Dec 27, 2018","(An Ember in the Ashes, #3)","https://www.goodreads.com/book/show/30809786-a-reaper-at-the-gates","https://i.gr-assets.com/images/S/compressed.photo.goodreads.com/books/1507476834l/30809786._SY75_.jpg"
"A Torch Against the Night","https://www.goodreads.com/book/show/25558608-a-torch-against-the-night","Tahir, Sabaa","https://www.goodreads.com/author/show/7770873.Sabaa_Tahir","*","","9780008250447","0008250448","464","pp","4.21","208,513","Aug 30, 2016","Aug 30, 2016","","0","https://www.goodreads.com/review/show/5648272926","0","https://www.goodreads.com/rating/voters/5648272926?resource_type=Review","1","not set","","Jun 27, 2023","Hardcover","Dec 27, 2018","(An Ember in the Ashes, #2)","https://www.goodreads.com/book/show/25558608-a-torch-against-the-night","https://i.gr-assets.com/images/S/compressed.photo.goodreads.com/books/1463675717l/25558608._SY75_.jpg"
"An Ember in the Ashes","https://www.goodreads.com/book/show/27774758-an-ember-in-the-ashes","Tahir, Sabaa","https://www.goodreads.com/author/show/7770873.Sabaa_Tahir","*","","","B0DT18DCCK","446","pp","4.23","363,913","Apr 28, 2015","Feb 09, 2016","","0","https://www.goodreads.com/review/show/5648272687","0","https://www.goodreads.com/rating/voters/5648272687?resource_type=Review","1","not set","","Jun 27, 2023","Paperback","Dec 27, 2018","(An Ember in the Ashes, #1)","https://www.goodreads.com/book/show/27774758-an-ember-in-the-ashes","https://i.gr-assets.com/images/S/compressed.photo.goodreads.com/books/1787853834l/27774758._SY75_.jpg"
"Nevernight","https://www.goodreads.com/book/show/26114463-nevernight","Kristoff, Jay","https://www.goodreads.com/author/show/4735144.Jay_Kristoff","*","1250073022","9781250073020","1250073022","427","pp","4.22","120,873","Aug 09, 2016","Aug 09, 2016","","0","https://www.goodreads.com/review/show/5648272306","0","https://www.goodreads.com/rating/voters/5648272306?resource_type=Review","1","not set","","Jun 27, 2023","Hardcover","Dec 27, 2016","(The Nevernight Chronicle, #1)","https://www.goodreads.com/book/show/26114463-nevernight","https://i.gr-assets.com/images/S/compressed.photo.goodreads.com/books/1500688832l/26114463._SY75_.jpg"
"The Kiss Quotient","https://www.goodreads.com/book/show/36199084-the-kiss-quotient","Hoang, Helen","https://www.goodreads.com/author/show/17147855.Helen_Hoang","*","0451490819","","B075HXST4P","333","pp","3.86","514,133","Jun 05, 2018","Jun 05, 2018","","0","https://www.goodreads.com/review/show/5648272063","0","https://www.goodreads.com/rating/voters/5648272063?resource_type=Review","1","not set","","Jun 27, 2023","Kindle Edition","Dec 27, 2020","(The Kiss Quotient, #1)","https://www.goodreads.com/book/show/36199084-the-kiss-quotient","https://i.gr-assets.com/images/S/compressed.photo.goodreads.com/books/1688188444l/36199084._SY75_.jpg"
"Tokyo Ever After","https://www.goodreads.com/book/show/54860605-tokyo-ever-after","Jean, Emiko","https://www.goodreads.com/author/show/8178238.Emiko_Jean","*","","","","336","pp","3.87","52,655","May 18, 2021","May 18, 2021","","0","https://www.goodreads.com/review/show/5648270819","0","https://www.goodreads.com/rating/voters/5648270819?resource_type=Review","1","not set","","Jun 27, 2023","Hardcover","Dec 27, 2020","(Tokyo Ever After, #1)","https://www.goodreads.com/book/show/54860605-tokyo-ever-after","https://i.gr-assets.com/images/S/compressed.photo.goodreads.com/books/1601695675l/54860605._SY75_.jpg"
"Requiem","https://www.goodreads.com/book/show/9593913-requiem","Oliver, Lauren","https://www.goodreads.com/author/show/2936493.Lauren_Oliver","*","0062014536","9780062014535","0062014536","391","pp","3.73","156,391","Mar 05, 2013","Mar 05, 2013","","0","https://www.goodreads.com/review/show/5648270319","0","https://www.goodreads.com/rating/voters/5648270319?resource_type=Review","1","not set","","Jun 27, 2023","Hardcover","Dec 27, 2015","(Delirium, #3)","https://www.goodreads.com/book/show/9593913-requiem","https://i.gr-assets.com/images/S/compressed.photo.goodreads.com/books/1340992438l/9593913._SY75_.jpg"
"Pandemonium","https://www.goodreads.com/book/show/9593911-pandemonium","Oliver, Lauren","https://www.goodreads.com/author/show/2936493.Lauren_Oliver","*","006197806X","9780061978067","006197806X","375","pp","4.02","247,459","Feb 28, 2012","Feb 28, 2012","","0","https://www.goodreads.com/review/show/5648269873","0","https://www.goodreads.com/rating/voters/5648269873?resource_type=Review","1","not set","","Jun 27, 2023","Hardcover","Dec 27, 2015","(Delirium, #2)","https://www.goodreads.com/book/show/9593911-pandemonium","https://i.gr-assets.com/images/S/compressed.photo.goodreads.com/books/1310371414l/9593911._SY75_.jpg"
"Delirium","https://www.goodreads.com/book/show/11614718-delirium","Oliver, Lauren","https://www.goodreads.com/author/show/2936493.Lauren_Oliver","*","0061726834","9780061726835","0061726834","441","pp","3.95","482,318","Feb 03, 2011","Feb 07, 2012","","0","https://www.goodreads.com/review/show/5648269764","0","https://www.goodreads.com/rating/voters/5648269764?resource_type=Review","1","not set","","Jun 27, 2023","Paperback","Dec 27, 2015","(Delirium, #1)","https://www.goodreads.com/book/show/11614718-delirium","https://i.gr-assets.com/images/S/compressed.photo.goodreads.com/books/1327890411l/11614718._SX50_.jpg"
"Nightblood","https://www.goodreads.com/book/show/36139392-nightblood","Blake, Elly","https://www.goodreads.com/author/show/14674797.Elly_Blake","*","0316273341","9780316273343","0316273341","440","pp","4.02","12,329","Aug 21, 2018","Aug 21, 2018","","0","https://www.goodreads.com/review/show/5648269155","0","https://www.goodreads.com/rating/voters/5648269155?resource_type=Review","1","not set","","Jun 27, 2023","Hardcover","Dec 27, 2019","(Frostblood Saga, #3)","https://www.goodreads.com/book/show/36139392-nightblood","https://i.gr-assets.com/images/S/compressed.photo.goodreads.com/books/1503966424l/36139392._SY75_.jpg"
"Fireblood","https://www.goodreads.com/book/show/33784283-fireblood","Blake, Elly","https://www.goodreads.com/author/show/14674797.Elly_Blake","*","0316273325","9780316273329","0316273325","416","pp","4.04","17,482","Sep 12, 2017","Sep 12, 2017","","0","https://www.goodreads.com/review/show/5648269010","0","https://www.goodreads.com/rating/voters/5648269010?resource_type=Review","1","not set","","Jun 27, 2023","Hardcover","Dec 27, 2019","(Frostblood Saga, #2)","https://www.goodreads.com/book/show/33784283-fireblood","https://i.gr-assets.com/images/S/compressed.photo.goodreads.com/books/1484522604l/33784283._SY75_.jpg"
"Frostblood","https://www.goodreads.com/book/show/27827203-frostblood","Blake, Elly","https://www.goodreads.com/author/show/14674797.Elly_Blake","*","0316273252","9780316273251","0316273252","376","pp","3.82","38,957","Jan 10, 2017","Jan 10, 2017","","0","https://www.goodreads.com/review/show/5648268870","0","https://www.goodreads.com/rating/voters/5648268870?resource_type=Review","1","not set","","Jun 27, 2023","Hardcover","Dec 27, 2019","(Frostblood Saga, #1)","https://www.goodreads.com/book/show/27827203-frostblood","https://i.gr-assets.com/images/S/compressed.photo.goodreads.com/books/1471381624l/27827203._SY75_.jpg"
"Bonded Fate","https://www.goodreads.com/book/show/55283560-bonded-fate","Michaels, Beck","https://www.goodreads.com/author/show/20116344.Beck_Michaels","*","1734763957","9781734763959","1734763957","531","pp","4.28","2,606","","Aug 03, 2021","liked it","0","https://www.goodreads.com/review/show/5648268367","0","https://www.goodreads.com/rating/voters/5648268367?resource_type=Review","1","unknown","not set","Jun 27, 2023","ebook","Dec 27, 2021","(Guardians of the Maiden, #2)","https://www.goodreads.com/book/show/55283560-bonded-fate","https://i.gr-assets.com/images/S/compressed.photo.goodreads.com/books/1610723265l/55283560._SY75_.jpg"
"Divine Blood","https://www.goodreads.com/book/show/52870746-divine-blood","Michaels, Beck","https://www.goodreads.com/author/show/20116344.Beck_Michaels","*","","","","407","pp","3.96","4,827","Jun 03, 2020","Jun 03, 2020","liked it","0","https://www.goodreads.com/review/show/5648268057","0","https://www.goodreads.com/rating/voters/5648268057?resource_type=Review","1","not set","","Jun 27, 2023","ebook","Dec 27, 2020","(Guardians of the Maiden, #1)","https://www.goodreads.com/book/show/52870746-divine-blood","https://i.gr-assets.com/images/S/compressed.photo.goodreads.com/books/1585754672l/52870746._SY75_.jpg"
"Kingdom of the Cursed","https://www.goodreads.com/book/show/52772417-kingdom-of-the-cursed","Maniscalco, Kerri","https://www.goodreads.com/author/show/14584166.Kerri_Maniscalco","*","1529350506","9781529350500","1529350506","437","pp","4.08","229,149","Oct 05, 2021","Oct 26, 2021","","0","https://www.goodreads.com/review/show/5648267597","0","https://www.goodreads.com/rating/voters/5648267597?resource_type=Review","1","not set","","Jun 27, 2023","Hardcover","Dec 27, 2021","(Kingdom of the Wicked, #2)","https://www.goodreads.com/book/show/52772417-kingdom-of-the-cursed","https://i.gr-assets.com/images/S/compressed.photo.goodreads.com/books/1613554873l/52772417._SX50_.jpg"
"Ghosts of the Shadow Market","https://www.goodreads.com/book/show/36314220-ghosts-of-the-shadow-market","Clare, Cassandra","https://www.goodreads.com/author/show/150038.Cassandra_Clare","*","1406385379","9781406385373","1406385379","617","pp","4.26","43,504","Jun 04, 2019","Jun 04, 2019","","0","https://www.goodreads.com/review/show/5648265806","0","https://www.goodreads.com/rating/voters/5648265806?resource_type=Review","1","not set","","Jun 27, 2023","Paperback","Dec 27, 2019","","https://www.goodreads.com/book/show/36314220-ghosts-of-the-shadow-market","https://i.gr-assets.com/images/S/compressed.photo.goodreads.com/books/1541104574l/36314220._SX50_.jpg"
"Welcome to Shadowhunter Academy","https://www.goodreads.com/book/show/22428828-welcome-to-shadowhunter-academy","Clare, Cassandra","https://www.goodreads.com/author/show/150038.Cassandra_Clare","*","1481443143","9781481443142","B00OE2X65G","78","pp","4.09","24,503","Feb 17, 2015","Feb 17, 2015","","0","https://www.goodreads.com/review/show/5648265146","0","https://www.goodreads.com/rating/voters/5648265146?resource_type=Review","1","not set","","Jun 27, 2023","Kindle Edition","Dec 27, 2019","(Tales from the Shadowhunter Academy, #1)","https://www.goodreads.com/book/show/22428828-welcome-to-shadowhunter-academy","https://i.gr-assets.com/images/S/compressed.photo.goodreads.com/books/1423801226l/22428828._SY75_.jpg"
"The Lost Book of the White","https://www.goodreads.com/book/show/34605974-the-lost-book-of-the-white","Clare, Cassandra","https://www.goodreads.com/author/show/150038.Cassandra_Clare","*","1471162095","9781471162091","1471162095","365","pp","3.95","34,394","Sep 01, 2020","Sep 01, 2020","","0","https://www.goodreads.com/review/show/5648264074","0","https://www.goodreads.com/rating/voters/5648264074?resource_type=Review","1","not set","","Jun 27, 2023","Hardcover","Dec 27, 2019","(The Eldest Curses, #2)","https://www.goodreads.com/book/show/34605974-the-lost-book-of-the-white","https://i.gr-assets.com/images/S/compressed.photo.goodreads.com/books/1585851259l/34605974._SY75_.jpg"
"Tales from the Shadowhunter Academy","https://www.goodreads.com/book/show/28954137-tales-from-the-shadowhunter-academy","Clare, Cassandra","https://www.goodreads.com/author/show/150038.Cassandra_Clare","*","1481443259","9781481443258","1481443259","655","pp","4.28","77,939","Nov 15, 2016","Nov 15, 2016","","0","https://www.goodreads.com/review/show/5648263831","0","https://www.goodreads.com/rating/voters/5648263831?resource_type=Review","1","not set","","Jun 27, 2023","Hardcover","Dec 27, 2019","","https://www.goodreads.com/book/show/28954137-tales-from-the-shadowhunter-academy","https://i.gr-assets.com/images/S/compressed.photo.goodreads.com/books/1454864103l/28954137._SY75_.jpg"
"The Red Scrolls of Magic","https://www.goodreads.com/book/show/30295312-the-red-scrolls-of-magic","Clare, Cassandra","https://www.goodreads.com/author/show/150038.Cassandra_Clare","*","1471162141","9781471162145","1471162141","368","pp","4.08","62,130","Apr 09, 2019","Apr 09, 2019","","0","https://www.goodreads.com/review/show/5648263478","0","https://www.goodreads.com/rating/voters/5648263478?resource_type=Review","1","not set","not set","Jun 27, 2023","Paperback","","(The Eldest Curses, #1)","https://www.goodreads.com/book/show/30295312-the-red-scrolls-of-magic","https://i.gr-assets.com/images/S/compressed.photo.goodreads.com/books/1528915777l/30295312._SX50_.jpg"
"Chain of Thorns","https://www.goodreads.com/book/show/17699859-chain-of-thorns","Clare, Cassandra","https://www.goodreads.com/author/show/150038.Cassandra_Clare","*","1406358118","9781406358117","1406358118","778","pp","4.06","65,083","Jan 31, 2023","Jan 31, 2023","","0","https://www.goodreads.com/review/show/5648263261","0","https://www.goodreads.com/rating/voters/5648263261?resource_type=Review","1","not set","","Jun 27, 2023","Hardcover","Jan 27, 2023","(The Last Hours, #3)","https://www.goodreads.com/book/show/17699859-chain-of-thorns","https://i.gr-assets.com/images/S/compressed.photo.goodreads.com/books/1666441294l/17699859._SY75_.jpg"
"Chain of Iron","https://www.goodreads.com/book/show/17699855-chain-of-iron","Clare, Cassandra","https://www.goodreads.com/author/show/150038.Cassandra_Clare","*","140635810X","9781406358100","140635810X","656","pp","4.40","92,666","Mar 02, 2021","Mar 02, 2021","","0","https://www.goodreads.com/review/show/5648263111","0","https://www.goodreads.com/rating/voters/5648263111?resource_type=Review","1","not set","","Jun 27, 2023","Hardcover","Mar 27, 2021","(The Last Hours, #2)","https://www.goodreads.com/book/show/17699855-chain-of-iron","https://i.gr-assets.com/images/S/compressed.photo.goodreads.com/books/1604591461l/17699855._SY75_.jpg"
"Queen of Air and Darkness","https://www.goodreads.com/book/show/13541056-queen-of-air-and-darkness","Clare, Cassandra","https://www.goodreads.com/author/show/150038.Cassandra_Clare","*","1442468459","9781442468450","B075RS5MSP","893","pp","4.32","129,788","Dec 04, 2018","Dec 04, 2018","","0","https://www.goodreads.com/review/show/5648262975","0","https://www.goodreads.com/rating/voters/5648262975?resource_type=Review","1","not set","","Jun 27, 2023","Kindle Edition","Dec 27, 2018","(The Dark Artifices, #3)","https://www.goodreads.com/book/show/13541056-queen-of-air-and-darkness","https://i.gr-assets.com/images/S/compressed.photo.goodreads.com/books/1510447136l/13541056._SY75_.jpg"
"The Bane Chronicles","https://www.goodreads.com/book/show/16303287-the-bane-chronicles","Clare, Cassandra","https://www.goodreads.com/author/show/150038.Cassandra_Clare","*","1442495995","9781442495999","1442495995","507","pp","4.08","110,046","Nov 11, 2014","Nov 11, 2014","","0","https://www.goodreads.com/review/show/5648262721","0","https://www.goodreads.com/rating/voters/5648262721?resource_type=Review","1","not set","","Jun 27, 2023","Hardcover","Dec 27, 2018","","https://www.goodreads.com/book/show/16303287-the-bane-chronicles","https://i.gr-assets.com/images/S/compressed.photo.goodreads.com/books/1395159015l/16303287._SY75_.jpg"
"Lord of Shadows","https://www.goodreads.com/book/show/30312891-lord-of-shadows","Clare, Cassandra","https://www.goodreads.com/author/show/150038.Cassandra_Clare","*","1442468408","9781442468405","1442468408","699","pp","4.39","163,466","May 23, 2017","May 23, 2017","","0","https://www.goodreads.com/review/show/5648262475","0","https://www.goodreads.com/rating/voters/5648262475?resource_type=Review","1","not set","","Jun 27, 2023","Hardcover","Dec 27, 2018","(The Dark Artifices, #2)","https://www.goodreads.com/book/show/30312891-lord-of-shadows","https://i.gr-assets.com/images/S/compressed.photo.goodreads.com/books/1479513427l/30312891._SY75_.jpg"
"Chain of Gold","https://www.goodreads.com/book/show/17699853-chain-of-gold","Clare, Cassandra","https://www.goodreads.com/author/show/150038.Cassandra_Clare","*","1481431870","9781481431873","1481431870","582","pp","4.36","124,526","Mar 03, 2020","Mar 03, 2020","","0","https://www.goodreads.com/review/show/5648262352","0","https://www.goodreads.com/rating/voters/5648262352?resource_type=Review","1","not set","","Jun 27, 2023","Hardcover","Dec 27, 2020","(The Last Hours, #1)","https://www.goodreads.com/book/show/17699853-chain-of-gold","https://i.gr-assets.com/images/S/compressed.photo.goodreads.com/books/1571379245l/17699853._SY75_.jpg"
"City of Heavenly Fire","https://www.goodreads.com/book/show/8755785-city-of-heavenly-fire","Clare, Cassandra","https://www.goodreads.com/author/show/150038.Cassandra_Clare","*","1481426303","9781481426305","1481426303","725","pp","4.38","424,486","May 27, 2014","May 27, 2014","","0","https://www.goodreads.com/review/show/5648262167","0","https://www.goodreads.com/rating/voters/5648262167?resource_type=Review","2","not set","not set","Jun 27, 2023","Hardcover","Dec 27, 2020","(The Mortal Instruments, #6)","https://www.goodreads.com/book/show/8755785-city-of-heavenly-fire","https://i.gr-assets.com/images/S/compressed.photo.goodreads.com/books/1460477794l/8755785._SY75_.jpg"
"Lady Midnight","https://www.goodreads.com/book/show/25494343-lady-midnight","Clare, Cassandra","https://www.goodreads.com/author/show/150038.Cassandra_Clare","*","1442468351","9781442468351","1442468351","688","pp","4.35","249,403","Mar 08, 2016","Mar 08, 2016","","0","https://www.goodreads.com/review/show/5648262003","0","https://www.goodreads.com/rating/voters/5648262003?resource_type=Review","2","not set","not set","Jun 27, 2023","Hardcover","Dec 27, 2020","(The Dark Artifices, #1)","https://www.goodreads.com/book/show/25494343-lady-midnight","https://i.gr-assets.com/images/S/compressed.photo.goodreads.com/books/1460477682l/25494343._SY75_.jpg"
"Clockwork Princess","https://www.goodreads.com/book/show/18335634-clockwork-princess","Clare, Cassandra","https://www.goodreads.com/author/show/150038.Cassandra_Clare","*","1406321346","9781406321340","1406321346","567","pp","4.55","486,663","Mar 19, 2013","Sep 05, 2013","","0","https://www.goodreads.com/review/show/5648261847","0","https://www.goodreads.com/rating/voters/5648261847?resource_type=Review","2","not set","not set","Jun 27, 2023","Paperback","Dec 27, 2020","(The Infernal Devices, #3)","https://www.goodreads.com/book/show/18335634-clockwork-princess","https://i.gr-assets.com/images/S/compressed.photo.goodreads.com/books/1436788488l/18335634._SY75_.jpg"
"City of Fallen Angels","https://www.goodreads.com/book/show/6752378-city-of-fallen-angels","Clare, Cassandra","https://www.goodreads.com/author/show/150038.Cassandra_Clare","*","1442403543","9781442403543","1442403543","425","pp","4.07","651,292","Apr 05, 2011","Apr 05, 2011","","0","https://www.goodreads.com/review/show/5648261624","0","https://www.goodreads.com/rating/voters/5648261624?resource_type=Review","2","not set","not set","Jun 27, 2023","Hardcover","Dec 27, 2020","(The Mortal Instruments, #4)","https://www.goodreads.com/book/show/6752378-city-of-fallen-angels","https://i.gr-assets.com/images/S/compressed.photo.goodreads.com/books/1369452302l/6752378._SY75_.jpg"
"City of Lost Souls","https://www.goodreads.com/book/show/8755776-city-of-lost-souls","Clare, Cassandra","https://www.goodreads.com/author/show/150038.Cassandra_Clare","*","1442416866","9781442416864","1442416866","535","pp","4.20","576,634","May 08, 2012","May 08, 2012","","0","https://www.goodreads.com/review/show/5648261443","0","https://www.goodreads.com/rating/voters/5648261443?resource_type=Review","2","not set","not set","Jun 27, 2023","Hardcover","Dec 27, 2020","(The Mortal Instruments, #5)","https://www.goodreads.com/book/show/8755776-city-of-lost-souls","https://i.gr-assets.com/images/S/compressed.photo.goodreads.com/books/1460477703l/8755776._SY75_.jpg"
"City of Ashes","https://www.goodreads.com/book/show/1582996.City_of_Ashes","Clare, Cassandra","https://www.goodreads.com/author/show/150038.Cassandra_Clare","*","1416914293","9781416914297","1416914293","464","pp","4.10","1,012,052","Mar 25, 2008","Mar 25, 2008","","0","https://www.goodreads.com/review/show/5648261300","0","https://www.goodreads.com/rating/voters/5648261300?resource_type=Review","1","","","Jun 27, 2023","Hardcover","Dec 27, 2020","(The Mortal Instruments, #2)","https://www.goodreads.com/book/show/1582996.City_of_Ashes","https://i.gr-assets.com/images/S/compressed.photo.goodreads.com/books/1432730356l/1582996._SY75_.jpg"
"Clockwork Prince","https://www.goodreads.com/book/show/10025305-clockwork-prince","Clare, Cassandra","https://www.goodreads.com/author/show/150038.Cassandra_Clare","*","1416975888","9781416975885","1416975888","502","pp","4.42","595,449","Dec 06, 2011","Dec 06, 2011","","0","https://www.goodreads.com/review/show/5648261104","0","https://www.goodreads.com/rating/voters/5648261104?resource_type=Review","1","","","Jun 27, 2023","Hardcover","Dec 27, 2020","(The Infernal Devices, #2)","https://www.goodreads.com/book/show/10025305-clockwork-prince","https://i.gr-assets.com/images/S/compressed.photo.goodreads.com/books/1460477747l/10025305._SY75_.jpg"
"Clockwork Angel","https://www.goodreads.com/book/show/7171637-clockwork-angel","Clare, Cassandra","https://www.goodreads.com/author/show/150038.Cassandra_Clare","*","1416975861","9781416975861","1416975861","479","pp","4.30","890,089","Aug 31, 2010","Aug 31, 2010","","0","https://www.goodreads.com/review/show/5648260933","0","https://www.goodreads.com/rating/voters/5648260933?resource_type=Review","2","not set","not set","Jun 27, 2023","Hardcover","Dec 27, 2020","(The Infernal Devices, #1)","https://www.goodreads.com/book/show/7171637-clockwork-angel","https://i.gr-assets.com/images/S/compressed.photo.goodreads.com/books/1693490271l/7171637._SY75_.jpg"
"City of Glass","https://www.goodreads.com/book/show/3777732-city-of-glass","Clare, Cassandra","https://www.goodreads.com/author/show/150038.Cassandra_Clare","*","1416914307","9781416914303","1416914307","560","pp","4.27","1,029,826","Mar 24, 2009","Mar 24, 2009","","0","https://www.goodreads.com/review/show/5648260807","0","https://www.goodreads.com/rating/voters/5648260807?resource_type=Review","2","not set","not set","Jun 27, 2023","Hardcover","Dec 27, 2020","(The Mortal Instruments, #3)","https://www.goodreads.com/book/show/3777732-city-of-glass","https://i.gr-assets.com/images/S/compressed.photo.goodreads.com/books/1369452339l/3777732._SY75_.jpg"
"City of Bones","https://www.goodreads.com/book/show/256683.City_of_Bones","Clare, Cassandra","https://www.goodreads.com/author/show/150038.Cassandra_Clare","*","1416914285","9781416914280","1416914285","485","pp","4.06","2,216,874","Mar 27, 2007","Mar 27, 2007","","0","https://www.goodreads.com/review/show/5648260666","0","https://www.goodreads.com/rating/voters/5648260666?resource_type=Review","2","not set","not set","Jun 27, 2023","Hardcover","Dec 27, 2020","(The Mortal Instruments, #1)","https://www.goodreads.com/book/show/256683.City_of_Bones","https://i.gr-assets.com/images/S/compressed.photo.goodreads.com/books/1432730315l/256683._SY75_.jpg"
"Unlocked","https://www.goodreads.com/book/show/51481198-unlocked","Messenger, Shannon","https://www.goodreads.com/author/show/5265998.Shannon_Messenger","*","1534463437","9781534463431","B084VVPDZW","764","pp","4.23","35,440","Nov 17, 2020","Nov 17, 2020","","0","https://www.goodreads.com/review/show/5648259970","0","https://www.goodreads.com/rating/voters/5648259970?resource_type=Review","1","not set","","Jun 27, 2023","Kindle Edition","Dec 27, 2020","(Keeper of the Lost Cities, #8.5)","https://www.goodreads.com/book/show/51481198-unlocked","https://i.gr-assets.com/images/S/compressed.photo.goodreads.com/books/1594228033l/51481198._SY75_.jpg"
"Legacy","https://www.goodreads.com/book/show/44150974-legacy","Messenger, Shannon","https://www.goodreads.com/author/show/5265998.Shannon_Messenger","*","153442735X","9781534427358","B07P6DV8FQ","797","pp","4.43","46,154","Nov 05, 2019","Nov 05, 2019","","0","https://www.goodreads.com/review/show/5648259788","0","https://www.goodreads.com/rating/voters/5648259788?resource_type=Review","2","not set","not set","Jun 27, 2023","Kindle Edition","Dec 27, 2020","(Keeper of the Lost Cities, #8)","https://www.goodreads.com/book/show/44150974-legacy","https://i.gr-assets.com/images/S/compressed.photo.goodreads.com/books/1557767041l/44150974._SY75_.jpg"
"Flashback","https://www.goodreads.com/book/show/32762937-flashback","Messenger, Shannon","https://www.goodreads.com/author/show/5265998.Shannon_Messenger","*","1481497456","9781481497459","B0847NWSNH","848","pp","4.32","49,868","Nov 06, 2018","Nov 06, 2018","","0","https://www.goodreads.com/review/show/5648259636","0","https://www.goodreads.com/rating/voters/5648259636?resource_type=Review","3","not set","not set","Jun 27, 2023","Kindle Edition","Dec 27, 2020","(Keeper of the Lost Cities, #7)","https://www.goodreads.com/book/show/32762937-flashback","https://i.gr-assets.com/images/S/compressed.photo.goodreads.com/books/1520545883l/32762937._SY75_.jpg"
"Nightfall","https://www.goodreads.com/book/show/32762917-nightfall","Messenger, Shannon","https://www.goodreads.com/author/show/5265998.Shannon_Messenger","*","1481497421","9781481497428","1481497421","576","pp","4.52","54,652","Nov 07, 2017","Nov 07, 2017","","0","https://www.goodreads.com/review/show/5648259503","0","https://www.goodreads.com/rating/voters/5648259503?resource_type=Review","4","not set","not set","Jun 27, 2023","ebook","Dec 27, 2020","(Keeper of the Lost Cities, #6)","https://www.goodreads.com/book/show/32762917-nightfall","https://i.gr-assets.com/images/S/compressed.photo.goodreads.com/books/1488996054l/32762917._SY75_.jpg"
"Lodestar","https://www.goodreads.com/book/show/27272698-lodestar","Messenger, Shannon","https://www.goodreads.com/author/show/5265998.Shannon_Messenger","*","","","B0DM1PB29K","688","pp","4.48","58,552","Nov 01, 2016","Nov 01, 2016","","0","https://www.goodreads.com/review/show/5648259388","0","https://www.goodreads.com/rating/voters/5648259388?resource_type=Review","6","not set","not set","Jun 27, 2023","Hardcover","Dec 27, 2020","(Keeper of the Lost Cities, #5)","https://www.goodreads.com/book/show/27272698-lodestar","https://i.gr-assets.com/images/S/compressed.photo.goodreads.com/books/1456938808l/27272698._SY75_.jpg"
"Neverseen","https://www.goodreads.com/book/show/22733616-neverseen","Messenger, Shannon","https://www.goodreads.com/author/show/5265998.Shannon_Messenger","*","","","B0DLTC63MY","672","pp","4.55","64,517","Nov 03, 2015","Nov 03, 2015","","0","https://www.goodreads.com/review/show/5648259208","0","https://www.goodreads.com/rating/voters/5648259208?resource_type=Review","5","not set","not set","Jun 27, 2023","Hardcover","Dec 27, 2020","(Keeper of the Lost Cities, #4)","https://www.goodreads.com/book/show/22733616-neverseen","https://i.gr-assets.com/images/S/compressed.photo.goodreads.com/books/1422383369l/22733616._SX50_.jpg"
"Everblaze","https://www.goodreads.com/book/show/13260668-everblaze","Messenger, Shannon","https://www.goodreads.com/author/show/5265998.Shannon_Messenger","*","1442445998","9781442445994","1442445998","624","pp","4.46","69,192","Aug 03, 2014","Nov 04, 2014","","0","https://www.goodreads.com/review/show/5648259044","0","https://www.goodreads.com/rating/voters/5648259044?resource_type=Review","5","not set","not set","Jun 27, 2023","Hardcover","Dec 27, 2020","(Keeper of the Lost Cities, #3)","https://www.goodreads.com/book/show/13260668-everblaze","https://i.gr-assets.com/images/S/compressed.photo.goodreads.com/books/1397660776l/13260668._SY75_.jpg"
"Exile","https://www.goodreads.com/book/show/13260670-exile","Messenger, Shannon","https://www.goodreads.com/author/show/5265998.Shannon_Messenger","*","","9781442445987","144244598X","576","pp","4.46","79,567","Oct 01, 2013","Oct 01, 2013","","0","https://www.goodreads.com/review/show/5648258881","0","https://www.goodreads.com/rating/voters/5648258881?resource_type=Review","3","not set","not set","Jun 27, 2023","ebook","Dec 27, 2018","(Keeper of the Lost Cities, #2)","https://www.goodreads.com/book/show/13260670-exile","https://i.gr-assets.com/images/S/compressed.photo.goodreads.com/books/1365178949l/13260670._SX50_.jpg"
"Keeper of the Lost Cities","https://www.goodreads.com/book/show/12842828-keeper-of-the-lost-cities","Messenger, Shannon","https://www.goodreads.com/author/show/5265998.Shannon_Messenger","*","1442445939","9781442445932","1442445939","496","pp","4.38","122,458","Oct 02, 2012","Oct 02, 2012","","0","https://www.goodreads.com/review/show/5648258719","0","https://www.goodreads.com/rating/voters/5648258719?resource_type=Review","3","not set","not set","Jun 27, 2023","Hardcover","Dec 27, 2018","(Keeper of the Lost Cities, #1)","https://www.goodreads.com/book/show/12842828-keeper-of-the-lost-cities","https://i.gr-assets.com/images/S/compressed.photo.goodreads.com/books/1326469854l/12842828._SX50_.jpg"
"The Dazzling Heights","https://www.goodreads.com/book/show/32711705-the-dazzling-heights","McGee, Katharine","https://www.goodreads.com/author/show/13499819.Katharine_McGee","*","0062418629","9780062418623","0062418629","422","pp","3.90","21,289","Aug 29, 2017","Aug 29, 2017","","0","https://www.goodreads.com/review/show/5648257882","0","https://www.goodreads.com/rating/voters/5648257882?resource_type=Review","1","not set","","Jun 27, 2023","Hardcover","Dec 27, 2021","(The Thousandth Floor, #2)","https://www.goodreads.com/book/show/32711705-the-dazzling-heights","https://i.gr-assets.com/images/S/compressed.photo.goodreads.com/books/1490729236l/32711705._SY75_.jpg"
"The Towering Sky","https://www.goodreads.com/book/show/36039298-the-towering-sky","McGee, Katharine","https://www.goodreads.com/author/show/13499819.Katharine_McGee","*","006241867X","9780062418678","006241867X","464","pp","3.93","14,942","Aug 28, 2018","Aug 28, 2018","","0","https://www.goodreads.com/review/show/5648257733","0","https://www.goodreads.com/rating/voters/5648257733?resource_type=Review","1","not set","","Jun 27, 2023","ebook","Dec 27, 2021","(The Thousandth Floor, #3)","https://www.goodreads.com/book/show/36039298-the-towering-sky","https://i.gr-assets.com/images/S/compressed.photo.goodreads.com/books/1512765737l/36039298._SY75_.jpg"
"The Thousandth Floor","https://www.goodreads.com/book/show/24921954-the-thousandth-floor","McGee, Katharine","https://www.goodreads.com/author/show/13499819.Katharine_McGee","*","","","B019C3S97Q","448","pp","3.65","49,288","Aug 30, 2016","Aug 30, 2016","","0","https://www.goodreads.com/review/show/5648257557","0","https://www.goodreads.com/rating/voters/5648257557?resource_type=Review","1","not set","","Jun 27, 2023","Kindle Edition","Dec 27, 2021","(The Thousandth Floor, #1)","https://www.goodreads.com/book/show/24921954-the-thousandth-floor","https://i.gr-assets.com/images/S/compressed.photo.goodreads.com/books/1464892870l/24921954._SY75_.jpg"
"Majesty","https://www.goodreads.com/book/show/51518972-majesty","McGee, Katharine","https://www.goodreads.com/author/show/13499819.Katharine_McGee","*","198483021X","9781984830210","198483021X","374","pp","3.75","81,365","Sep 01, 2020","Sep 01, 2020","","0","https://www.goodreads.com/review/show/5648256935","0","https://www.goodreads.com/rating/voters/5648256935?resource_type=Review","1","not set","","Jun 27, 2023","Hardcover","Dec 27, 2020","(American Royals, #2)","https://www.goodreads.com/book/show/51518972-majesty","https://i.gr-assets.com/images/S/compressed.photo.goodreads.com/books/1582291053l/51518972._SY75_.jpg"
"American Royals","https://www.goodreads.com/book/show/43744300-american-royals","McGee, Katharine","https://www.goodreads.com/author/show/13499819.Katharine_McGee","*","1984830171","9781984830173","1984830171","448","pp","3.81","133,699","Sep 03, 2019","Sep 03, 2019","","0","https://www.goodreads.com/review/show/5648256419","0","https://www.goodreads.com/rating/voters/5648256419?resource_type=Review","1","not set","","Jun 27, 2023","Hardcover","Dec 27, 2020","(American Royals, #1)","https://www.goodreads.com/book/show/43744300-american-royals","https://i.gr-assets.com/images/S/compressed.photo.goodreads.com/books/1551859882l/43744300._SY75_.jpg"
"The American Roommate Experiment","https://www.goodreads.com/book/show/60114057-the-american-roommate-experiment","Armas, Elena","https://www.goodreads.com/author/show/20669618.Elena_Armas","*","1668002779","9781668002773","1668002779","410","pp","3.78","279,970","Sep 06, 2022","Sep 06, 2022","liked it","0","https://www.goodreads.com/review/show/5648256166","0","https://www.goodreads.com/rating/voters/5648256166?resource_type=Review","1","not set","","Jun 27, 2023","Paperback","Sep 27, 2022","(Love Deception, #2)","https://www.goodreads.com/book/show/60114057-the-american-roommate-experiment","https://i.gr-assets.com/images/S/compressed.photo.goodreads.com/books/1660147951l/60114057._SY75_.jpg"
"Blood & Honey","https://www.goodreads.com/book/show/40550366-blood-honey","Mahurin, Shelby","https://www.goodreads.com/author/show/17999118.Shelby_Mahurin","","0062878050","9780062878052","0062878050","536","pp","3.51","145,950","Sep 01, 2020","Sep 01, 2020","","0","https://www.goodreads.com/review/show/5648255785","0","https://www.goodreads.com/rating/voters/5648255785?resource_type=Review","1","not set","","Jun 27, 2023","Hardcover","Dec 27, 2020","(Serpent & Dove, #2)","https://www.goodreads.com/book/show/40550366-blood-honey","https://i.gr-assets.com/images/S/compressed.photo.goodreads.com/books/1580922495l/40550366._SY75_.jpg"
"Serpent & Dove","https://www.goodreads.com/book/show/40024139-serpent-dove","Mahurin, Shelby","https://www.goodreads.com/author/show/17999118.Shelby_Mahurin","","","","B0DT2LTWR9","513","pp","3.96","354,340","Sep 03, 2019","Sep 03, 2019","","0","https://www.goodreads.com/review/show/5648255613","0","https://www.goodreads.com/rating/voters/5648255613?resource_type=Review","1","not set","","Jun 27, 2023","Hardcover","Dec 27, 2020","(Serpent & Dove, #1)","https://www.goodreads.com/book/show/40024139-serpent-dove","https://i.gr-assets.com/images/S/compressed.photo.goodreads.com/books/1549476128l/40024139._SY75_.jpg"
"The Enchantress","https://www.goodreads.com/book/show/8519822-the-enchantress","Scott, Michael","https://www.goodreads.com/author/show/27100.Michael_Scott","*","0385735359","9780385735353","0385735359","513","pp","4.24","48,958","May 22, 2012","May 22, 2012","","0","https://www.goodreads.com/review/show/5648255019","0","https://www.goodreads.com/rating/voters/5648255019?resource_type=Review","1","not set","","Jun 27, 2023","Hardcover","Dec 27, 2014","(The Secrets of the Immortal Nicholas Flamel, #6)","https://www.goodreads.com/book/show/8519822-the-enchantress","https://i.gr-assets.com/images/S/compressed.photo.goodreads.com/books/1660273800l/8519822._SX50_.jpg"
"The Warlock","https://www.goodreads.com/book/show/8458018-the-warlock","Scott, Michael","https://www.goodreads.com/author/show/27100.Michael_Scott","*","0385735332","9780385735339","0385735332","400","pp","4.18","62,562","May 24, 2011","May 24, 2011","","0","https://www.goodreads.com/review/show/5648254842","0","https://www.goodreads.com/rating/voters/5648254842?resource_type=Review","1","not set","","Jun 27, 2023","Hardcover","Dec 27, 2014","(The Secrets of the Immortal Nicholas Flamel, #5)","https://www.goodreads.com/book/show/8458018-the-warlock","https://i.gr-assets.com/images/S/compressed.photo.goodreads.com/books/1660273778l/8458018._SX50_.jpg"
"The Necromancer","https://www.goodreads.com/book/show/6693332-the-necromancer","Scott, Michael","https://www.goodreads.com/author/show/27100.Michael_Scott","*","0385905165","9780385905169","0385905165","416","pp","4.13","71,420","May 25, 2010","May 25, 2010","","0","https://www.goodreads.com/review/show/5648254660","0","https://www.goodreads.com/rating/voters/5648254660?resource_type=Review","1","not set","","Jun 27, 2023","Hardcover","Dec 27, 2014","(The Secrets of the Immortal Nicholas Flamel, #4)","https://www.goodreads.com/book/show/6693332-the-necromancer","https://i.gr-assets.com/images/S/compressed.photo.goodreads.com/books/1660273757l/6693332._SY75_.jpg"
"The Sorceress","https://www.goodreads.com/book/show/4588949-the-sorceress","Scott, Michael","https://www.goodreads.com/author/show/27100.Michael_Scott","*","0385735294","9780385735292","0385735294","502","pp","4.11","88,645","May 26, 2009","May 26, 2009","","0","https://www.goodreads.com/review/show/5648254510","0","https://www.goodreads.com/rating/voters/5648254510?resource_type=Review","1","not set","","Jun 27, 2023","Hardcover","Dec 27, 2014","(The Secrets of the Immortal Nicholas Flamel, #3)","https://www.goodreads.com/book/show/4588949-the-sorceress","https://i.gr-assets.com/images/S/compressed.photo.goodreads.com/books/1660273841l/4588949._SX50_.jpg"
"The Magician","https://www.goodreads.com/book/show/2402971.The_Magician","Scott, Michael","https://www.goodreads.com/author/show/27100.Michael_Scott","*","0385733585","9780385733588","0385733585","464","pp","4.10","102,459","Jun 24, 2008","Jun 24, 2008","","0","https://www.goodreads.com/review/show/5648253973","0","https://www.goodreads.com/rating/voters/5648253973?resource_type=Review","1","not set","","Jun 27, 2023","Hardcover","Dec 27, 2014","(The Secrets of the Immortal Nicholas Flamel, #2)","https://www.goodreads.com/book/show/2402971.The_Magician","https://i.gr-assets.com/images/S/compressed.photo.goodreads.com/books/1660273675l/2402971._SY75_.jpg"
"The Alchemyst","https://www.goodreads.com/book/show/17402605-the-alchemyst","Scott, Michael","https://www.goodreads.com/author/show/27100.Michael_Scott","*","0552562521","9780552562522","0552562521","390","pp","3.87","169,586","May 22, 2007","Aug 05, 2010","","0","https://www.goodreads.com/review/show/5648253758","0","https://www.goodreads.com/rating/voters/5648253758?resource_type=Review","1","not set","","Jun 27, 2023","Paperback","Dec 27, 2014","(The Secrets of the Immortal Nicholas Flamel, #1)","https://www.goodreads.com/book/show/17402605-the-alchemyst","https://i.gr-assets.com/images/S/compressed.photo.goodreads.com/books/1361310229l/17402605._SY75_.jpg"
"P.S. I Still Love You","https://www.goodreads.com/book/show/20698530-p-s-i-still-love-you","Han, Jenny","https://www.goodreads.com/author/show/151371.Jenny_Han","*","144242673X","9781442426733","144242673X","337","pp","4.00","438,344","May 26, 2015","May 26, 2015","","0","https://www.goodreads.com/review/show/5648252733","0","https://www.goodreads.com/rating/voters/5648252733?resource_type=Review","1","not set","","Jun 27, 2023","Hardcover","Dec 27, 2019","(To All the Boys I've Loved Before, #2)","https://www.goodreads.com/book/show/20698530-p-s-i-still-love-you","https://i.gr-assets.com/images/S/compressed.photo.goodreads.com/books/1422881430l/20698530._SY75_.jpg"
"To All the Boys I've Loved Before","https://www.goodreads.com/book/show/15749186-to-all-the-boys-i-ve-loved-before","Han, Jenny","https://www.goodreads.com/author/show/151371.Jenny_Han","*","1442426713","9781442426719","1442426713","384","pp","4.04","1,103,182","Apr 15, 2014","Apr 15, 2014","","0","https://www.goodreads.com/review/show/5648252563","0","https://www.goodreads.com/rating/voters/5648252563?resource_type=Review","1","not set","","Jun 27, 2023","Paperback","Dec 27, 2019","(To All the Boys I've Loved Before, #1)","https://www.goodreads.com/book/show/15749186-to-all-the-boys-i-ve-loved-before","https://i.gr-assets.com/images/S/compressed.photo.goodreads.com/books/1372086100l/15749186._SY75_.jpg"
"Eve of Man","https://www.goodreads.com/book/show/38467635-eve-of-man","Fletcher, Giovanna","https://www.goodreads.com/author/show/6437940.Giovanna_Fletcher","*","0718186346","9780718186340","0718186346","407","pp","4.06","18,548","2018","May 31, 2018","","0","https://www.goodreads.com/review/show/5648252266","0","https://www.goodreads.com/rating/voters/5648252266?resource_type=Review","1","not set","","Jun 27, 2023","Hardcover","Dec 27, 2018","(Eve of Man, #1)","https://www.goodreads.com/book/show/38467635-eve-of-man","https://i.gr-assets.com/images/S/compressed.photo.goodreads.com/books/1521368811l/38467635._SY75_.jpg"
"The Librarian of Auschwitz","https://www.goodreads.com/book/show/31145052-the-librarian-of-auschwitz","Iturbe, Antonio G.","https://www.goodreads.com/author/show/6548830.Antonio_Iturbe","","1627796185","9781627796187","1627796185","424","pp","4.15","67,016","Sep 18, 2012","Oct 10, 2017","","0","https://www.goodreads.com/review/show/5648251796","0","https://www.goodreads.com/rating/voters/5648251796?resource_type=Review","1","not set","","Jun 27, 2023","Hardcover","Dec 27, 2018","","https://www.goodreads.com/book/show/31145052-the-librarian-of-auschwitz","https://i.gr-assets.com/images/S/compressed.photo.goodreads.com/books/1492833977l/31145052._SY75_.jpg"
"The Battlemage","https://www.goodreads.com/book/show/31687423-the-battlemage","Matharu, Taran","https://www.goodreads.com/author/show/7979840.Taran_Matharu","*","","","B01KT7EYU0","385","pp","4.30","19,967","May 02, 2017","May 02, 2017","","0","https://www.goodreads.com/review/show/5648251453","0","https://www.goodreads.com/rating/voters/5648251453?resource_type=Review","1","not set","","Jun 27, 2023","Kindle Edition","Dec 27, 2017","(Summoner, #3)","https://www.goodreads.com/book/show/31687423-the-battlemage","https://i.gr-assets.com/images/S/compressed.photo.goodreads.com/books/1490816858l/31687423._SX50_.jpg"
"The Inquisition","https://www.goodreads.com/book/show/25689056-the-inquisition","Matharu, Taran","https://www.goodreads.com/author/show/7979840.Taran_Matharu","*","1250076315","9781250076311","1250076315","368","pp","4.30","24,009","May 10, 2016","May 10, 2016","","0","https://www.goodreads.com/review/show/5648251058","0","https://www.goodreads.com/rating/voters/5648251058?resource_type=Review","1","not set","","Jun 27, 2023","Hardcover","Dec 27, 2017","(Summoner, #2)","https://www.goodreads.com/book/show/25689056-the-inquisition","https://i.gr-assets.com/images/S/compressed.photo.goodreads.com/books/1446573037l/25689056._SX50_.jpg"
"The Novice","https://www.goodreads.com/book/show/22297138-the-novice","Matharu, Taran","https://www.goodreads.com/author/show/7979840.Taran_Matharu","*","1250067138","9781250067135","B00OFKKDLW","398","pp","4.12","37,209","May 05, 2015","May 05, 2015","","0","https://www.goodreads.com/review/show/5648250610","0","https://www.goodreads.com/rating/voters/5648250610?resource_type=Review","1","not set","","Jun 27, 2023","Kindle Edition","Dec 27, 2017","(Summoner, #1)","https://www.goodreads.com/book/show/22297138-the-novice","https://i.gr-assets.com/images/S/compressed.photo.goodreads.com/books/1410888223l/22297138._SX50_.jpg"
"These Hollow Vows","https://www.goodreads.com/book/show/53422971-these-hollow-vows","Ryan, Lexi","https://www.goodreads.com/author/show/2856947.Lexi_Ryan","*","","","B08B3K64RC","448","pp","3.93","127,553","Jul 20, 2021","Jul 20, 2021","","0","https://www.goodreads.com/review/show/5648250225","0","https://www.goodreads.com/rating/voters/5648250225?resource_type=Review","1","not set","","Jun 27, 2023","Kindle Edition","Dec 27, 2021","(These Hollow Vows, #1)","https://www.goodreads.com/book/show/53422971-these-hollow-vows","https://i.gr-assets.com/images/S/compressed.photo.goodreads.com/books/1603478051l/53422971._SY75_.jpg"
"Lightbringer","https://www.goodreads.com/book/show/36253143-lightbringer","Legrand, Claire","https://www.goodreads.com/author/show/1074989.Claire_Legrand","*","1492656690","9781492656692","B0861BLR5C","592","pp","3.96","16,505","Sep 08, 2020","Oct 13, 2020","","0","https://www.goodreads.com/review/show/5648249765","0","https://www.goodreads.com/rating/voters/5648249765?resource_type=Review","1","not set","","Jun 27, 2023","Kindle Edition","Dec 27, 2022","(Empirium, #3)","https://www.goodreads.com/book/show/36253143-lightbringer","https://i.gr-assets.com/images/S/compressed.photo.goodreads.com/books/1582754675l/36253143._SY75_.jpg"
"Kingsbane","https://www.goodreads.com/book/show/40523458-kingsbane","Legrand, Claire","https://www.goodreads.com/author/show/1074989.Claire_Legrand","*","1492656666","9781492656661","B07HJQ85MB","608","pp","3.87","23,794","May 21, 2019","May 21, 2019","","0","https://www.goodreads.com/review/show/5648249637","0","https://www.goodreads.com/rating/voters/5648249637?resource_type=Review","1","not set","","Jun 27, 2023","Kindle Edition","Dec 27, 2022","(Empirium, #2)","https://www.goodreads.com/book/show/40523458-kingsbane","https://i.gr-assets.com/images/S/compressed.photo.goodreads.com/books/1549198915l/40523458._SY75_.jpg"
"Furyborn","https://www.goodreads.com/book/show/34323570-furyborn","Legrand, Claire","https://www.goodreads.com/author/show/1074989.Claire_Legrand","*","1492656623","9781492656623","1492656623","497","pp","3.77","57,629","Apr 15, 2018","May 22, 2018","","0","https://www.goodreads.com/review/show/5648249475","0","https://www.goodreads.com/rating/voters/5648249475?resource_type=Review","1","not set","","Jun 27, 2023","Hardcover","Dec 27, 2022","(Empirium, #1)","https://www.goodreads.com/book/show/34323570-furyborn","https://i.gr-assets.com/images/S/compressed.photo.goodreads.com/books/1676135490l/34323570._SY75_.jpg"
"The Penelopiad","https://www.goodreads.com/book/show/17645.The_Penelopiad","Atwood, Margaret","https://www.goodreads.com/author/show/3472.Margaret_Atwood","*","1841957178","9781841957173","1841957178","198","pp","3.71","99,058","Oct 05, 2005","Oct 05, 2005","","0","https://www.goodreads.com/review/show/5648248766","0","https://www.goodreads.com/rating/voters/5648248766?resource_type=Review","1","not set","","Jun 27, 2023","Hardcover","Dec 27, 2022","","https://www.goodreads.com/book/show/17645.The_Penelopiad","https://i.gr-assets.com/images/S/compressed.photo.goodreads.com/books/1442806554l/17645._SY75_.jpg"
"Our Dark Duet","https://www.goodreads.com/book/show/32075662-our-dark-duet","Schwab, Victoria","https://www.goodreads.com/author/show/3099544.Victoria_Schwab","*","0062380885","9780062380883","0062380885","528","pp","4.11","62,855","Jun 13, 2017","Jun 13, 2017","really liked it","0","https://www.goodreads.com/review/show/5648247986","0","https://www.goodreads.com/rating/voters/5648247986?resource_type=Review","1","","","Jun 27, 2023","Hardcover","Jun 28, 2022","(Monsters of Verity, #2)","https://www.goodreads.com/book/show/32075662-our-dark-duet","https://i.gr-assets.com/images/S/compressed.photo.goodreads.com/books/1476399662l/32075662._SY75_.jpg"
"This Savage Song","https://www.goodreads.com/book/show/40642172-this-savage-song","Schwab, Victoria","https://www.goodreads.com/author/show/3099544.Victoria_Schwab","*","","","B0DWVDT8FJ","469","pp","4.02","114,587","Jun 05, 2016","Jul 05, 2016","really liked it","0","https://www.goodreads.com/review/show/5648247469","0","https://www.goodreads.com/rating/voters/5648247469?resource_type=Review","1","","","Jun 27, 2023","ebook","Jun 27, 2022","(Monsters of Verity, #1)","https://www.goodreads.com/book/show/40642172-this-savage-song","https://i.gr-assets.com/images/S/compressed.photo.goodreads.com/books/1529942103l/40642172._SY75_.jpg"
"War Storm","https://www.goodreads.com/book/show/27188596-war-storm","Aveyard, Victoria","https://www.goodreads.com/author/show/7074943.Victoria_Aveyard","*","0062422995","9780062422996","0062422995","662","pp","3.79","215,748","May 15, 2018","May 15, 2018","","0","https://www.goodreads.com/review/show/5648246968","0","https://www.goodreads.com/rating/voters/5648246968?resource_type=Review","1","not set","","Jun 27, 2023","Hardcover","Dec 27, 2018","(Red Queen, #4)","https://www.goodreads.com/book/show/27188596-war-storm","https://i.gr-assets.com/images/S/compressed.photo.goodreads.com/books/1510773212l/27188596._SY75_.jpg"
"King's Cage","https://www.goodreads.com/book/show/30226723-king-s-cage","Aveyard, Victoria","https://www.goodreads.com/author/show/7074943.Victoria_Aveyard","*","0062310712","9780062310712","0062310712","520","pp","3.87","312,076","Feb 07, 2017","Feb 07, 2017","","0","https://www.goodreads.com/review/show/5648246782","0","https://www.goodreads.com/rating/voters/5648246782?resource_type=Review","1","not set","","Jun 27, 2023","ebook","Dec 27, 2017","(Red Queen, #3)","https://www.goodreads.com/book/show/30226723-king-s-cage","https://i.gr-assets.com/images/S/compressed.photo.goodreads.com/books/1467121158l/30226723._SY75_.jpg"
"Glass Sword","https://www.goodreads.com/book/show/23174274-glass-sword","Aveyard, Victoria","https://www.goodreads.com/author/show/7074943.Victoria_Aveyard","*","0062310666","9780062310668","0062310666","444","pp","3.77","442,612","Feb 09, 2016","Feb 09, 2016","","0","https://www.goodreads.com/review/show/5648246576","0","https://www.goodreads.com/rating/voters/5648246576?resource_type=Review","1","not set","","Jun 27, 2023","Hardcover","Dec 27, 2016","(Red Queen, #2)","https://www.goodreads.com/book/show/23174274-glass-sword","https://i.gr-assets.com/images/S/compressed.photo.goodreads.com/books/1436460934l/23174274._SX50_.jpg"
"Evermore","https://www.goodreads.com/book/show/37693552-evermore","Holland, Sara","https://www.goodreads.com/author/show/16022936.Sara_Holland","*","0062653717","9780062653710","0062653717","368","pp","3.52","19,374","Dec 31, 2018","Dec 31, 2018","","0","https://www.goodreads.com/review/show/5648245709","0","https://www.goodreads.com/rating/voters/5648245709?resource_type=Review","1","not set","","Jun 27, 2023","ebook","Dec 27, 2018","(Everless, #2)","https://www.goodreads.com/book/show/37693552-evermore","https://i.gr-assets.com/images/S/compressed.photo.goodreads.com/books/1528911123l/37693552._SY75_.jpg"
"Everless","https://www.goodreads.com/book/show/32320661-everless","Holland, Sara","https://www.goodreads.com/author/show/16022936.Sara_Holland","*","0062653652","9780062653659","0062653652","362","pp","3.78","45,673","Jan 02, 2018","Jan 02, 2018","","0","https://www.goodreads.com/review/show/5648245530","0","https://www.goodreads.com/rating/voters/5648245530?resource_type=Review","1","not set","","Jun 27, 2023","Hardcover","Dec 27, 2018","(Everless, #1)","https://www.goodreads.com/book/show/32320661-everless","https://i.gr-assets.com/images/S/compressed.photo.goodreads.com/books/1497994448l/32320661._SY75_.jpg"
"Wildcard","https://www.goodreads.com/book/show/29386918-wildcard","Lu, Marie","https://www.goodreads.com/author/show/4342215.Marie_Lu","*","0399548017","9780399548017","0399548017","352","pp","3.98","60,850","Sep 18, 2018","Sep 18, 2018","","0","https://www.goodreads.com/review/show/5648245117","0","https://www.goodreads.com/rating/voters/5648245117?resource_type=Review","1","not set","","Jun 27, 2023","ebook","Dec 27, 2018","(Warcross, #2)","https://www.goodreads.com/book/show/29386918-wildcard","https://i.gr-assets.com/images/S/compressed.photo.goodreads.com/books/1526376554l/29386918._SX50_.jpg"
"Warcross","https://www.goodreads.com/book/show/41014903-warcross","Lu, Marie","https://www.goodreads.com/author/show/4342215.Marie_Lu","*","0399547983","9780399547980","B01MZ88EXL","368","pp","4.12","124,700","Sep 12, 2017","Sep 12, 2017","","0","https://www.goodreads.com/review/show/5648244987","0","https://www.goodreads.com/rating/voters/5648244987?resource_type=Review","1","not set","","Jun 27, 2023","Kindle Edition","Dec 27, 2017","(Warcross, #1)","https://www.goodreads.com/book/show/41014903-warcross","https://i.gr-assets.com/images/S/compressed.photo.goodreads.com/books/1533058119l/41014903._SY75_.jpg"
"Kafka on the Shore","https://www.goodreads.com/book/show/4929.Kafka_on_the_Shore","Murakami, Haruki","https://www.goodreads.com/author/show/3354.Haruki_Murakami","","","","B0FLD1ZMWF","467","pp","4.11","577,453","Sep 2002","Jan 03, 2006","it was amazing","0","https://www.goodreads.com/review/show/5648244631","0","https://www.goodreads.com/rating/voters/5648244631?resource_type=Review","1","not set","","Jun 27, 2023","Paperback","May 20, 2023","","https://www.goodreads.com/book/show/4929.Kafka_on_the_Shore","https://i.gr-assets.com/images/S/compressed.photo.goodreads.com/books/1429638085l/4929._SY75_.jpg"
"The Spanish Love Deception","https://www.goodreads.com/book/show/54189398-the-spanish-love-deception","Armas, Elena","https://www.goodreads.com/author/show/20669618.Elena_Armas","*","1668002531","9781668002537","1668002531","487","pp","3.78","848,189","Feb 23, 2021","Feb 23, 2021","liked it","0","https://www.goodreads.com/review/show/5648244209","0","https://www.goodreads.com/rating/voters/5648244209?resource_type=Review","1","not set","","Jun 27, 2023","ebook","Dec 27, 2021","(Love Deception, #1)","https://www.goodreads.com/book/show/54189398-the-spanish-love-deception","https://i.gr-assets.com/images/S/compressed.photo.goodreads.com/books/1610900883l/54189398._SY75_.jpg"
"Roxy","https://www.goodreads.com/book/show/56980350-roxy","Shusterman, Neal","https://www.goodreads.com/author/show/19564.Neal_Shusterman","*","1534451250","9781534451254","1534451250","384","pp","3.93","8,013","Nov 09, 2021","Nov 09, 2021","","0","https://www.goodreads.com/review/show/5648243566","0","https://www.goodreads.com/rating/voters/5648243566?resource_type=Review","1","not set","","Jun 27, 2023","Hardcover","Dec 27, 2021","","https://www.goodreads.com/book/show/56980350-roxy","https://i.gr-assets.com/images/S/compressed.photo.goodreads.com/books/1634487772l/56980350._SY75_.jpg"
"The Toll","https://www.goodreads.com/book/show/43822024-the-toll","Shusterman, Neal","https://www.goodreads.com/author/show/19564.Neal_Shusterman","*","1481497065","9781481497060","1481497065","625","pp","4.15","187,062","Nov 05, 2019","Nov 05, 2019","really liked it","0","https://www.goodreads.com/review/show/5648243113","0","https://www.goodreads.com/rating/voters/5648243113?resource_type=Review","1","not set","","Jun 27, 2023","Hardcover","Dec 27, 2020","(Arc of a Scythe, #3)","https://www.goodreads.com/book/show/43822024-the-toll","https://i.gr-assets.com/images/S/compressed.photo.goodreads.com/books/1558117336l/43822024._SY75_.jpg"
"Thunderhead","https://www.goodreads.com/book/show/33555224-thunderhead","Shusterman, Neal","https://www.goodreads.com/author/show/19564.Neal_Shusterman","*","1442472456","9781442472457","1442472456","504","pp","4.37","253,071","Jan 09, 2018","Jan 09, 2018","really liked it","0","https://www.goodreads.com/review/show/5648242817","0","https://www.goodreads.com/rating/voters/5648242817?resource_type=Review","1","not set","","Jun 27, 2023","Hardcover","Jul 27, 2019","(Arc of a Scythe, #2)","https://www.goodreads.com/book/show/33555224-thunderhead","https://i.gr-assets.com/images/S/compressed.photo.goodreads.com/books/1505658534l/33555224._SY75_.jpg"
"Scythe","https://www.goodreads.com/book/show/28954189-scythe","Shusterman, Neal","https://www.goodreads.com/author/show/19564.Neal_Shusterman","*","","","B0DLSY3DQL","435","pp","4.32","445,067","Nov 22, 2016","Nov 22, 2016","really liked it","0","https://www.goodreads.com/review/show/5648242676","0","https://www.goodreads.com/rating/voters/5648242676?resource_type=Review","1","not set","","Jun 27, 2023","Hardcover","Dec 27, 2018","(Arc of a Scythe, #1)","https://www.goodreads.com/book/show/28954189-scythe","https://i.gr-assets.com/images/S/compressed.photo.goodreads.com/books/1456172676l/28954189._SY75_.jpg"
"The ​Crown of Gilded Bones","https://www.goodreads.com/book/show/55240343-the-crown-of-gilded-bones","Armentrout, Jennifer L.","https://www.goodreads.com/author/show/4476934.Jennifer_L_Armentrout","*","1952457254","9781952457258","1952457254","645","pp","4.15","488,679","Apr 20, 2021","Apr 20, 2021","","0","https://www.goodreads.com/review/show/5648240553","0","https://www.goodreads.com/rating/voters/5648240553?resource_type=Review","1","not set","","Jun 27, 2023","Paperback","Dec 27, 2021","(Blood and Ash, #3)","https://www.goodreads.com/book/show/55240343-the-crown-of-gilded-bones","https://i.gr-assets.com/images/S/compressed.photo.goodreads.com/books/1606759553l/55240343._SX50_.jpg"
"Tower of Dawn","https://www.goodreads.com/book/show/76714487-tower-of-dawn","Maas, Sarah J.","https://www.goodreads.com/author/show/3433047.Sarah_J_Maas","*","1639731040","9781639731046","1639731040","688","pp","4.28","1,228,766","Sep 05, 2017","Feb 14, 2023","","0","https://www.goodreads.com/review/show/5648239423","0","https://www.goodreads.com/rating/voters/5648239423?resource_type=Review","1","not set","","Jun 27, 2023","Hardcover","Dec 27, 2019","(Throne of Glass, #6)","https://www.goodreads.com/book/show/76714487-tower-of-dawn","https://i.gr-assets.com/images/S/compressed.photo.goodreads.com/books/1673567264l/76714487._SY75_.jpg"
"The Assassin's Blade","https://www.goodreads.com/book/show/126062562-the-assassin-s-blade","Maas, Sarah J.","https://www.goodreads.com/author/show/3433047.Sarah_J_Maas","*","1619632217","9781619632219","B01865MIFK","451","pp","4.20","1,364,278","Mar 04, 2014","Feb 14, 2023","","0","https://www.goodreads.com/review/show/5648239222","0","https://www.goodreads.com/rating/voters/5648239222?resource_type=Review","1","not set","","Jun 27, 2023","Kindle Edition","Dec 27, 2018","(Throne of Glass, #0.1-0.5)","https://www.goodreads.com/book/show/126062562-the-assassin-s-blade","https://i.gr-assets.com/images/S/compressed.photo.goodreads.com/books/1680869667l/126062562._SY75_.jpg"
"Kingdom of Ash","https://www.goodreads.com/book/show/76715522-kingdom-of-ash","Maas, Sarah J.","https://www.goodreads.com/author/show/3433047.Sarah_J_Maas","*","1639731067","9781639731060","1639731067","984","pp","4.71","1,257,891","Oct 23, 2018","Feb 14, 2023","","0","https://www.goodreads.com/review/show/5648238854","0","https://www.goodreads.com/rating/voters/5648238854?resource_type=Review","1","not set","","Jun 27, 2023","Hardcover","Dec 27, 2019","(Throne of Glass, #7)","https://www.goodreads.com/book/show/76715522-kingdom-of-ash","https://i.gr-assets.com/images/S/compressed.photo.goodreads.com/books/1673567331l/76715522._SY75_.jpg"
"Heir of Fire","https://www.goodreads.com/book/show/76706470-heir-of-fire","Maas, Sarah J.","https://www.goodreads.com/author/show/3433047.Sarah_J_Maas","*","","","B0FSJQ9VXQ","576","pp","4.44","1,775,370","Sep 02, 2014","Feb 14, 2023","","0","https://www.goodreads.com/review/show/5648238595","0","https://www.goodreads.com/rating/voters/5648238595?resource_type=Review","1","not set","","Jun 27, 2023","Hardcover","Dec 27, 2019","(Throne of Glass, #3)","https://www.goodreads.com/book/show/76706470-heir-of-fire","https://i.gr-assets.com/images/S/compressed.photo.goodreads.com/books/1673566654l/76706470._SY75_.jpg"
"The Summer I Turned Pretty Trilogy","https://www.goodreads.com/book/show/11410104-the-summer-i-turned-pretty-trilogy","Han, Jenny","https://www.goodreads.com/author/show/151371.Jenny_Han","*","144244228X","9781442442283","144244228X","896","pp","4.17","45,748","May 24, 2011","May 24, 2011","","0","https://www.goodreads.com/review/show/5648237847","0","https://www.goodreads.com/rating/voters/5648237847?resource_type=Review","1","not set","not set","Jun 27, 2023","ebook","","","https://www.goodreads.com/book/show/11410104-the-summer-i-turned-pretty-trilogy","https://i.gr-assets.com/images/S/compressed.photo.goodreads.com/books/1309117333l/11410104._SY75_.jpg"
"Love on the Brain","https://www.goodreads.com/book/show/59856881-love-on-the-brain","Hazelwood, Ali","https://www.goodreads.com/author/show/21098177.Ali_Hazelwood","*","0593336844","9780593336847","0593336844","354","pp","3.90","694,953","Aug 23, 2022","Aug 23, 2022","it was ok","0","https://www.goodreads.com/review/show/5642765500","0","https://www.goodreads.com/rating/voters/5642765500?resource_type=Review","1","not set","","Jun 24, 2023","Paperback","Dec 27, 2022","","https://www.goodreads.com/book/show/59856881-love-on-the-brain","https://i.gr-assets.com/images/S/compressed.photo.goodreads.com/books/1642118320l/59856881._SX50_.jpg"
"The War of Two Queens","https://www.goodreads.com/book/show/58547540-the-war-of-two-queens","Armentrout, Jennifer L.","https://www.goodreads.com/author/show/4476934.Jennifer_L_Armentrout","*","1952457742","9781952457746","1952457742","628","pp","4.08","340,621","Mar 15, 2022","May 24, 2022","","0","https://www.goodreads.com/review/show/5642756146","0","https://www.goodreads.com/rating/voters/5642756146?resource_type=Review","1","not set","","Jun 24, 2023","Hardcover","Dec 27, 2022","(Blood and Ash, #4)","https://www.goodreads.com/book/show/58547540-the-war-of-two-queens","https://i.gr-assets.com/images/S/compressed.photo.goodreads.com/books/1635175424l/58547540._SX50_.jpg"
"House of Sky and Breath","https://www.goodreads.com/book/show/40132775-house-of-sky-and-breath","Maas, Sarah J.","https://www.goodreads.com/author/show/3433047.Sarah_J_Maas","*","1408884429","9781408884423","1408884429","805","pp","4.41","969,080","Feb 15, 2022","Feb 15, 2022","really liked it","0","https://www.goodreads.com/review/show/5642755818","0","https://www.goodreads.com/rating/voters/5642755818?resource_type=Review","1","","","Jun 24, 2023","Hardcover","Feb 15, 2022","(Crescent City, #2)","https://www.goodreads.com/book/show/40132775-house-of-sky-and-breath","https://i.gr-assets.com/images/S/compressed.photo.goodreads.com/books/1633097753l/40132775._SY75_.jpg"
"Legend","https://www.goodreads.com/book/show/9275658-legend","Lu, Marie","https://www.goodreads.com/author/show/4342215.Marie_Lu","*","","","B0DLSYCPSK","305","pp","4.15","574,433","Nov 29, 2011","Nov 29, 2011","","0","https://www.goodreads.com/review/show/5642754159","0","https://www.goodreads.com/rating/voters/5642754159?resource_type=Review","1","not set","","Jun 24, 2023","Hardcover","Dec 27, 2015","(Legend, #1)","https://www.goodreads.com/book/show/9275658-legend","https://i.gr-assets.com/images/S/compressed.photo.goodreads.com/books/1501368160l/9275658._SY75_.jpg"
"Red Queen","https://www.goodreads.com/book/show/22328546-red-queen","Aveyard, Victoria","https://www.goodreads.com/author/show/7074943.Victoria_Aveyard","*","0062310631","9780062310637","0062310631","388","pp","3.97","1,223,409","Feb 10, 2015","Feb 10, 2015","liked it","0","https://www.goodreads.com/review/show/5642753746","0","https://www.goodreads.com/rating/voters/5642753746?resource_type=Review","1","not set","","Jun 24, 2023","Hardcover","Dec 27, 2018","(Red Queen, #1)","https://www.goodreads.com/book/show/22328546-red-queen","https://i.gr-assets.com/images/S/compressed.photo.goodreads.com/books/1449778912l/22328546._SY75_.jpg"
"Uglies","https://www.goodreads.com/book/show/24770.Uglies","Westerfeld, Scott","https://www.goodreads.com/author/show/13957.Scott_Westerfeld","*","0689865384","9780689865381","0689865384","425","pp","3.84","716,182","Feb 08, 2005","Feb 08, 2005","","0","https://www.goodreads.com/review/show/5642753495","0","https://www.goodreads.com/rating/voters/5642753495?resource_type=Review","1","not set","","Jun 24, 2023","Paperback","Dec 27, 2018","(Uglies, #1)","https://www.goodreads.com/book/show/24770.Uglies","https://i.gr-assets.com/images/S/compressed.photo.goodreads.com/books/1654202671l/24770._SX50_.jpg"
"Matched","https://www.goodreads.com/book/show/7735333-matched","Condie, Ally","https://www.goodreads.com/author/show/1304470.Ally_Condie","*","0525423648","9780525423645","0525423648","369","pp","3.62","821,682","Nov 30, 2010","Nov 30, 2010","liked it","0","https://www.goodreads.com/review/show/5642753246","0","https://www.goodreads.com/rating/voters/5642753246?resource_type=Review","1","not set","","Jun 24, 2023","Hardcover","Dec 27, 2016","(Matched, #1)","https://www.goodreads.com/book/show/7735333-matched","https://i.gr-assets.com/images/S/compressed.photo.goodreads.com/books/1367706191l/7735333._SY75_.jpg"
"A Deadly Education","https://www.goodreads.com/book/show/50548197-a-deadly-education","Novik, Naomi","https://www.goodreads.com/author/show/8730.Naomi_Novik","*","0593128486","9780593128480","0593128486","320","pp","3.93","232,741","Sep 29, 2020","Sep 29, 2020","liked it","0","https://www.goodreads.com/review/show/5642752389","0","https://www.goodreads.com/rating/voters/5642752389?resource_type=Review","1","not set","","Jun 24, 2023","Hardcover","Dec 27, 2020","(The Scholomance, #1)","https://www.goodreads.com/book/show/50548197-a-deadly-education","https://i.gr-assets.com/images/S/compressed.photo.goodreads.com/books/1596909044l/50548197._SY75_.jpg"
"The Fault in Our Stars","https://www.goodreads.com/book/show/11870085-the-fault-in-our-stars","Green, John","https://www.goodreads.com/author/show/1406384.John_Green","*","","","0525478817","313","pp","4.12","5,886,940","Jan 10, 2012","Jan 10, 2012","liked it","0","https://www.goodreads.com/review/show/5642751799","0","https://www.goodreads.com/rating/voters/5642751799?resource_type=Review","1","not set","","Jun 24, 2023","Hardcover","Dec 27, 2018","","https://www.goodreads.com/book/show/11870085-the-fault-in-our-stars","https://i.gr-assets.com/images/S/compressed.photo.goodreads.com/books/1660273739l/11870085._SX50_.jpg"
"The Cruel Prince","https://www.goodreads.com/book/show/26032825-the-cruel-prince","Black, Holly","https://www.goodreads.com/author/show/25422.Holly_Black","*","0316310271","9780316310277","0316310271","384","pp","4.00","1,874,422","Jan 02, 2018","Jan 02, 2018","really liked it","0","https://www.goodreads.com/review/show/5642751529","0","https://www.goodreads.com/rating/voters/5642751529?resource_type=Review","1","not set","","Jun 24, 2023","Hardcover","Dec 27, 2018","(The Folk of the Air, #1)","https://www.goodreads.com/book/show/26032825-the-cruel-prince","https://i.gr-assets.com/images/S/compressed.photo.goodreads.com/books/1574535986l/26032825._SY75_.jpg"
"Kingdom of the Wicked","https://www.goodreads.com/book/show/52735921-kingdom-of-the-wicked","Maniscalco, Kerri","https://www.goodreads.com/author/show/14584166.Kerri_Maniscalco","*","0316428469","9780316428460","0316428469","372","pp","3.86","373,199","Oct 27, 2020","Oct 27, 2020","really liked it","0","https://www.goodreads.com/review/show/5642751141","0","https://www.goodreads.com/rating/voters/5642751141?resource_type=Review","1","not set","","Jun 24, 2023","Hardcover","Dec 27, 2020","(Kingdom of the Wicked, #1)","https://www.goodreads.com/book/show/52735921-kingdom-of-the-wicked","https://i.gr-assets.com/images/S/compressed.photo.goodreads.com/books/1578938260l/52735921._SX50_SY75_.jpg"
"Shadow and Bone","https://www.goodreads.com/book/show/10194157-shadow-and-bone","Bardugo, Leigh","https://www.goodreads.com/author/show/4575289.Leigh_Bardugo","*","1250048117","9781250048110","1250048117","358","pp","3.91","1,154,200","Jun 05, 2012","Jun 05, 2012","really liked it","0","https://www.goodreads.com/review/show/5642745716","0","https://www.goodreads.com/rating/voters/5642745716?resource_type=Review","1","not set","","Jun 24, 2023","Hardcover","Dec 27, 2020","(Shadow and Bone, #1)","https://www.goodreads.com/book/show/10194157-shadow-and-bone","https://i.gr-assets.com/images/S/compressed.photo.goodreads.com/books/1339533695l/10194157._SX50_.jpg"
"Divergent","https://www.goodreads.com/book/show/13335037-divergent","Roth, Veronica","https://www.goodreads.com/author/show/4039811.Veronica_Roth","*","0062024035","9780062024039","0062024035","487","pp","4.13","4,491,583","May 03, 2011","Feb 28, 2012","liked it","0","https://www.goodreads.com/review/show/5642743894","0","https://www.goodreads.com/rating/voters/5642743894?resource_type=Review","1","not set","","Jun 24, 2023","Paperback","Dec 27, 2016","(Divergent, #1)","https://www.goodreads.com/book/show/13335037-divergent","https://i.gr-assets.com/images/S/compressed.photo.goodreads.com/books/1618526890l/13335037._SY75_.jpg"
"Never Let Me Go","https://www.goodreads.com/book/show/6334.Never_Let_Me_Go","Ishiguro, Kazuo","https://www.goodreads.com/author/show/4280.Kazuo_Ishiguro","*","1400078776","9781400078776","1400078776","288","pp","3.85","915,111","Apr 12, 2005","Aug 31, 2010","really liked it","0","https://www.goodreads.com/review/show/5642743653","0","https://www.goodreads.com/rating/voters/5642743653?resource_type=Review","1","not set","","Jun 24, 2023","Paperback","Aug 27, 2021","","https://www.goodreads.com/book/show/6334.Never_Let_Me_Go","https://i.gr-assets.com/images/S/compressed.photo.goodreads.com/books/1353048590l/6334._SY75_.jpg"
"A Gathering of Shadows","https://www.goodreads.com/book/show/20764879-a-gathering-of-shadows","Schwab, V.E.","https://www.goodreads.com/author/show/7168230.V_E_Schwab","","0765376474","9780765376473","0765376474","512","pp","4.18","244,429","Feb 23, 2016","Feb 23, 2016","really liked it","0","https://www.goodreads.com/review/show/5642743097","0","https://www.goodreads.com/rating/voters/5642743097?resource_type=Review","1","not set","","Jun 24, 2023","Hardcover","Jun 27, 2023","(Shades of Magic, #2)","https://www.goodreads.com/book/show/20764879-a-gathering-of-shadows","https://i.gr-assets.com/images/S/compressed.photo.goodreads.com/books/1758322185l/20764879._SY75_.jpg"
"The Beautiful","https://www.goodreads.com/book/show/42265183-the-beautiful","Ahdieh, Renee","https://www.goodreads.com/author/show/4600197.Ren_e_Ahdieh","*","1524738174","9781524738174","1524738174","448","pp","3.64","40,177","Oct 08, 2019","Oct 08, 2019","liked it","0","https://www.goodreads.com/review/show/5642728193","0","https://www.goodreads.com/rating/voters/5642728193?resource_type=Review","1","not set","","Jun 24, 2023","Hardcover","Dec 27, 2019","(The Beautiful, #1)","https://www.goodreads.com/book/show/42265183-the-beautiful","https://i.gr-assets.com/images/S/compressed.photo.goodreads.com/books/1547578763l/42265183._SY75_.jpg"
"Red Rising","https://www.goodreads.com/book/show/15839976-red-rising","Brown, Pierce","https://www.goodreads.com/author/show/6474348.Pierce_Brown","*","","","","382","pp","4.27","986,363","Jan 28, 2014","Jan 28, 2014","really liked it","0","https://www.goodreads.com/review/show/5642728011","0","https://www.goodreads.com/rating/voters/5642728011?resource_type=Review","1","not set","","Jun 24, 2023","Hardcover","Dec 27, 2022","(Red Rising Saga, #1)","https://www.goodreads.com/book/show/15839976-red-rising","https://i.gr-assets.com/images/S/compressed.photo.goodreads.com/books/1461354651l/15839976._SY75_.jpg"
"Circe","https://www.goodreads.com/book/show/35959740-circe","Miller, Madeline","https://www.goodreads.com/author/show/176372.Madeline_Miller","*","0316556343","9780316556347","0316556343","393","pp","4.22","1,477,615","Apr 10, 2018","Apr 10, 2018","liked it","0","https://www.goodreads.com/review/show/5642727840","0","https://www.goodreads.com/rating/voters/5642727840?resource_type=Review","1","not set","","Jun 24, 2023","Hardcover","Dec 27, 2020","","https://www.goodreads.com/book/show/35959740-circe","https://i.gr-assets.com/images/S/compressed.photo.goodreads.com/books/1565909496l/35959740._SY75_.jpg"
"Throne of Glass","https://www.goodreads.com/book/show/7896527-throne-of-glass","Maas, Sarah J.","https://www.goodreads.com/author/show/3433047.Sarah_J_Maas","*","","","B0FSKYXG3B","406","pp","4.18","2,701,383","Aug 07, 2012","Aug 07, 2012","really liked it","0","https://www.goodreads.com/review/show/5642727508","0","https://www.goodreads.com/rating/voters/5642727508?resource_type=Review","1","not set","","Jun 24, 2023","Hardcover","Dec 27, 2019","(Throne of Glass, #1)","https://www.goodreads.com/book/show/7896527-throne-of-glass","https://i.gr-assets.com/images/S/compressed.photo.goodreads.com/books/1495278054l/7896527._SY75_.jpg"
"Crown of Midnight","https://www.goodreads.com/book/show/17167166-crown-of-midnight","Maas, Sarah J.","https://www.goodreads.com/author/show/3433047.Sarah_J_Maas","*","1619630621","9781619630628","1619630621","420","pp","4.36","1,994,362","Aug 15, 2013","Aug 27, 2013","really liked it","0","https://www.goodreads.com/review/show/5642727124","0","https://www.goodreads.com/rating/voters/5642727124?resource_type=Review","1","not set","","Jun 24, 2023","Hardcover","Jun 27, 2019","(Throne of Glass, #2)","https://www.goodreads.com/book/show/17167166-crown-of-midnight","https://i.gr-assets.com/images/S/compressed.photo.goodreads.com/books/1391580481l/17167166._SY75_.jpg"
"Queen of Shadows","https://www.goodreads.com/book/show/18006496-queen-of-shadows","Maas, Sarah J.","https://www.goodreads.com/author/show/3433047.Sarah_J_Maas","*","1619636042","9781619636040","1619636042","648","pp","4.62","1,605,334","Sep 01, 2015","Sep 01, 2015","really liked it","0","https://www.goodreads.com/review/show/5642726775","0","https://www.goodreads.com/rating/voters/5642726775?resource_type=Review","1","","","Jun 24, 2023","Hardcover","Jun 27, 2019","(Throne of Glass, #4)","https://www.goodreads.com/book/show/18006496-queen-of-shadows","https://i.gr-assets.com/images/S/compressed.photo.goodreads.com/books/1441230104l/18006496._SY75_.jpg"
"Empire of Storms","https://www.goodreads.com/book/show/28260587-empire-of-storms","Maas, Sarah J.","https://www.goodreads.com/author/show/3433047.Sarah_J_Maas","*","","","B0FSKMMXSM","689","pp","4.63","1,409,545","Sep 06, 2016","Sep 06, 2016","really liked it","0","https://www.goodreads.com/review/show/5642726529","0","https://www.goodreads.com/rating/voters/5642726529?resource_type=Review","1","not set","","Jun 24, 2023","Hardcover","Jun 28, 2019","(Throne of Glass, #5)","https://www.goodreads.com/book/show/28260587-empire-of-storms","https://i.gr-assets.com/images/S/compressed.photo.goodreads.com/books/1463107108l/28260587._SY75_.jpg"
"The Atlas Six","https://www.goodreads.com/book/show/50520939-the-atlas-six","Blake, Olivie","https://www.goodreads.com/author/show/16225393.Olivie_Blake","*","","","B0831PC532","376","pp","3.53","289,749","Jan 31, 2020","Jan 31, 2020","really liked it","0","https://www.goodreads.com/review/show/5642726388","0","https://www.goodreads.com/rating/voters/5642726388?resource_type=Review","1","not set","","Jun 24, 2023","Kindle Edition","Dec 27, 2020","(The Atlas, #1)","https://www.goodreads.com/book/show/50520939-the-atlas-six","https://i.gr-assets.com/images/S/compressed.photo.goodreads.com/books/1714503138l/50520939._SY75_.jpg"
"A Darker Shade of Magic","https://www.goodreads.com/book/show/22055262-a-darker-shade-of-magic","Schwab, V.E.","https://www.goodreads.com/author/show/7168230.V_E_Schwab","","0765376458","9780765376459","0765376458","400","pp","4.03","447,090","Feb 24, 2015","Feb 24, 2015","really liked it","0","https://www.goodreads.com/review/show/5642725778","0","https://www.goodreads.com/rating/voters/5642725778?resource_type=Review","1","not set","","Jun 24, 2023","Hardcover","Jun 25, 2023","(Shades of Magic, #1)","https://www.goodreads.com/book/show/22055262-a-darker-shade-of-magic","https://i.gr-assets.com/images/S/compressed.photo.goodreads.com/books/1758833715l/22055262._SY75_.jpg"
"We Were Liars","https://www.goodreads.com/book/show/16143347-we-were-liars","Lockhart, E.","https://www.goodreads.com/author/show/173491.E_Lockhart","*","0385741278","9780385741279","0385741278","320","pp","3.66","1,484,717","May 13, 2014","May 29, 2018","really liked it","0","https://www.goodreads.com/review/show/5642725413","0","https://www.goodreads.com/rating/voters/5642725413?resource_type=Review","1","not set","","Jun 24, 2023","Paperback","Dec 27, 2020","","https://www.goodreads.com/book/show/16143347-we-were-liars","https://i.gr-assets.com/images/S/compressed.photo.goodreads.com/books/1402749479l/16143347._SY75_.jpg"
"A Court of Wings and Ruin","https://www.goodreads.com/book/show/23766634-a-court-of-wings-and-ruin","Maas, Sarah J.","https://www.goodreads.com/author/show/3433047.Sarah_J_Maas","*","1408857901","9781408857908","1408857901","705","pp","4.46","2,954,405","May 02, 2017","May 02, 2017","really liked it","0","https://www.goodreads.com/review/show/5642725223","0","https://www.goodreads.com/rating/voters/5642725223?resource_type=Review","1","not set","","Jun 24, 2023","Paperback","Jul 27, 2020","(A Court of Thorns and Roses, #3)","https://www.goodreads.com/book/show/23766634-a-court-of-wings-and-ruin","https://i.gr-assets.com/images/S/compressed.photo.goodreads.com/books/1555221560l/23766634._SY75_.jpg"
"Crooked Kingdom","https://www.goodreads.com/book/show/22299763-crooked-kingdom","Bardugo, Leigh","https://www.goodreads.com/author/show/4575289.Leigh_Bardugo","*","","","B0117K9N3Q","561","pp","4.56","809,019","Sep 27, 2016","Sep 27, 2016","really liked it","0","https://www.goodreads.com/review/show/5642724869","0","https://www.goodreads.com/rating/voters/5642724869?resource_type=Review","1","not set","","Jun 24, 2023","Kindle Edition","Dec 27, 2019","(Six of Crows, #2)","https://www.goodreads.com/book/show/22299763-crooked-kingdom","https://i.gr-assets.com/images/S/compressed.photo.goodreads.com/books/1456172607l/22299763._SY75_.jpg"
"A Kingdom of Flesh and Fire","https://www.goodreads.com/book/show/54319549-a-kingdom-of-flesh-and-fire","Armentrout, Jennifer L.","https://www.goodreads.com/author/show/4476934.Jennifer_L_Armentrout","*","1952457106","9781952457104","B08BZ61HDF","637","pp","4.31","631,298","Sep 01, 2020","Sep 01, 2020","it was ok","0","https://www.goodreads.com/review/show/5642724668","0","https://www.goodreads.com/rating/voters/5642724668?resource_type=Review","1","not set","","Jun 24, 2023","Kindle Edition","Dec 27, 2020","(Blood and Ash, #2)","https://www.goodreads.com/book/show/54319549-a-kingdom-of-flesh-and-fire","https://i.gr-assets.com/images/S/compressed.photo.goodreads.com/books/1734440592l/54319549._SY75_.jpg"
"From Blood and Ash","https://www.goodreads.com/book/show/52831200-from-blood-and-ash","Armentrout, Jennifer L.","https://www.goodreads.com/author/show/4476934.Jennifer_L_Armentrout","*","1952457017","9781952457012","1952457017","622","pp","4.21","907,892","Mar 29, 2020","Mar 30, 2020","liked it","0","https://www.goodreads.com/review/show/5642724500","0","https://www.goodreads.com/rating/voters/5642724500?resource_type=Review","1","not set","","Jun 24, 2023","ebook","Dec 27, 2020","(Blood and Ash, #1)","https://www.goodreads.com/book/show/52831200-from-blood-and-ash","https://i.gr-assets.com/images/S/compressed.photo.goodreads.com/books/1734440654l/52831200._SY75_.jpg"
"Beach Read","https://www.goodreads.com/book/show/52867387-beach-read","Henry, Emily","https://www.goodreads.com/author/show/13905555.Emily_Henry","*","1984806734","9781984806734","1984806734","358","pp","3.95","1,792,863","May 19, 2020","May 19, 2020","it was ok","0","https://www.goodreads.com/review/show/5642724337","0","https://www.goodreads.com/rating/voters/5642724337?resource_type=Review","1","not set","","Jun 24, 2023","Paperback","Dec 27, 2020","","https://www.goodreads.com/book/show/52867387-beach-read","https://i.gr-assets.com/images/S/compressed.photo.goodreads.com/books/1589881197l/52867387._SX50_.jpg"
"People We Meet on Vacation","https://www.goodreads.com/book/show/54985743-people-we-meet-on-vacation","Henry, Emily","https://www.goodreads.com/author/show/13905555.Emily_Henry","*","1984806750","9781984806758","1984806750","361","pp","3.84","1,973,493","May 11, 2021","May 11, 2021","it was ok","0","https://www.goodreads.com/review/show/5642724172","0","https://www.goodreads.com/rating/voters/5642724172?resource_type=Review","1","not set","","Jun 24, 2023","Paperback","Dec 27, 2021","","https://www.goodreads.com/book/show/54985743-people-we-meet-on-vacation","https://i.gr-assets.com/images/S/compressed.photo.goodreads.com/books/1748450140l/54985743._SY75_.jpg"
"Six of Crows","https://www.goodreads.com/book/show/23437156-six-of-crows","Bardugo, Leigh","https://www.goodreads.com/author/show/4575289.Leigh_Bardugo","*","1627792120","9781627792127","1627792120","465","pp","4.45","1,215,390","Sep 29, 2015","Sep 29, 2015","really liked it","0","https://www.goodreads.com/review/show/5642724062","0","https://www.goodreads.com/rating/voters/5642724062?resource_type=Review","1","not set","","Jun 24, 2023","Hardcover","Dec 27, 2019","(Six of Crows, #1)","https://www.goodreads.com/book/show/23437156-six-of-crows","https://i.gr-assets.com/images/S/compressed.photo.goodreads.com/books/1651710803l/23437156._SY75_.jpg"
"Red, White & Royal Blue","https://www.goodreads.com/book/show/41150487-red-white-royal-blue","McQuiston, Casey","https://www.goodreads.com/author/show/17949486.Casey_McQuiston","*","1250316774","9781250316776","1250316774","443","pp","4.04","1,282,651","May 14, 2019","May 14, 2019","liked it","0","https://www.goodreads.com/review/show/5642723947","0","https://www.goodreads.com/rating/voters/5642723947?resource_type=Review","1","not set","","Jun 24, 2023","Paperback","Dec 27, 2020","(Red, White & Royal Blue, #1)","https://www.goodreads.com/book/show/41150487-red-white-royal-blue","https://i.gr-assets.com/images/S/compressed.photo.goodreads.com/books/1566742512l/41150487._SY75_.jpg"
"A Shadow in the Ember","https://www.goodreads.com/book/show/57282383-a-shadow-in-the-ember","Armentrout, Jennifer L.","https://www.goodreads.com/author/show/4476934.Jennifer_L_Armentrout","*","","","B0FSK2KVR9","647","pp","4.45","265,011","Oct 19, 2021","Oct 19, 2021","liked it","0","https://www.goodreads.com/review/show/5642722759","0","https://www.goodreads.com/rating/voters/5642722759?resource_type=Review","1","not set","","Jun 24, 2023","Hardcover","Dec 27, 2021","(Flesh and Fire, #1)","https://www.goodreads.com/book/show/57282383-a-shadow-in-the-ember","https://i.gr-assets.com/images/S/compressed.photo.goodreads.com/books/1619448359l/57282383._SX50_.jpg"
"Malibu Rising","https://www.goodreads.com/book/show/55404546-malibu-rising","Reid, Taylor Jenkins","https://www.goodreads.com/author/show/6572605.Taylor_Jenkins_Reid","*","1524798657","9781524798659","1524798657","369","pp","4.02","1,376,061","May 27, 2021","Jun 01, 2021","really liked it","0","https://www.goodreads.com/review/show/5642716942","0","https://www.goodreads.com/rating/voters/5642716942?resource_type=Review","1","not set","","Jun 24, 2023","Hardcover","Feb 27, 2022","","https://www.goodreads.com/book/show/55404546-malibu-rising","https://i.gr-assets.com/images/S/compressed.photo.goodreads.com/books/1618293107l/55404546._SY75_.jpg"
"One True Loves","https://www.goodreads.com/book/show/27189194-one-true-loves","Reid, Taylor Jenkins","https://www.goodreads.com/author/show/6572605.Taylor_Jenkins_Reid","*","","","B0176M3XWQ","352","pp","4.01","790,871","Jun 07, 2016","Jun 07, 2016","liked it","0","https://www.goodreads.com/review/show/5642716728","0","https://www.goodreads.com/rating/voters/5642716728?resource_type=Review","1","not set","","Jun 24, 2023","Kindle Edition","Mar 18, 2023","","https://www.goodreads.com/book/show/27189194-one-true-loves","https://i.gr-assets.com/images/S/compressed.photo.goodreads.com/books/1559960507l/27189194._SY75_.jpg"
"The Song of Achilles","https://www.goodreads.com/book/show/13623848-the-song-of-achilles","Miller, Madeline","https://www.goodreads.com/author/show/176372.Madeline_Miller","*","","","","408","pp","4.30","2,185,050","Sep 20, 2011","Aug 28, 2012","it was amazing","0","https://www.goodreads.com/review/show/5642716474","0","https://www.goodreads.com/rating/voters/5642716474?resource_type=Review","3","not set","not set","Jun 24, 2023","Paperback","May 27, 2022","","https://www.goodreads.com/book/show/13623848-the-song-of-achilles","https://i.gr-assets.com/images/S/compressed.photo.goodreads.com/books/1357177533l/13623848._SY75_.jpg"
"The Inheritance Games","https://www.goodreads.com/book/show/52439531-the-inheritance-games","Barnes, Jennifer Lynn","https://www.goodreads.com/author/show/164187.Jennifer_Lynn_Barnes","*","1368052401","9781368052405","1368052401","386","pp","4.12","1,156,798","Sep 01, 2020","Sep 01, 2020","liked it","0","https://www.goodreads.com/review/show/5642716090","0","https://www.goodreads.com/rating/voters/5642716090?resource_type=Review","1","not set","","Jun 24, 2023","Hardcover","Mar 21, 2023","(The Inheritance Games, #1)","https://www.goodreads.com/book/show/52439531-the-inheritance-games","https://i.gr-assets.com/images/S/compressed.photo.goodreads.com/books/1587396413l/52439531._SY75_.jpg"
"Carrie Soto Is Back","https://www.goodreads.com/book/show/60435878-carrie-soto-is-back","Reid, Taylor Jenkins","https://www.goodreads.com/author/show/6572605.Taylor_Jenkins_Reid","*","0593158687","9780593158685","0593158687","384","pp","4.19","783,703","Aug 30, 2022","Aug 30, 2022","really liked it","0","https://www.goodreads.com/review/show/5642715690","0","https://www.goodreads.com/rating/voters/5642715690?resource_type=Review","1","not set","","Jun 24, 2023","Hardcover","Mar 27, 2023","","https://www.goodreads.com/book/show/60435878-carrie-soto-is-back","https://i.gr-assets.com/images/S/compressed.photo.goodreads.com/books/1649848581l/60435878._SY75_.jpg"
"A ​Court of Silver Flames","https://www.goodreads.com/book/show/53138095-a-court-of-silver-flames","Maas, Sarah J.","https://www.goodreads.com/author/show/3433047.Sarah_J_Maas","*","168119628X","9781681196282","168119628X","757","pp","4.45","2,301,129","Feb 16, 2021","Feb 16, 2021","really liked it","0","https://www.goodreads.com/review/show/5642715214","0","https://www.goodreads.com/rating/voters/5642715214?resource_type=Review","1","","","Jun 24, 2023","Hardcover","Feb 27, 2021","(A Court of Thorns and Roses, #5)","https://www.goodreads.com/book/show/53138095-a-court-of-silver-flames","https://i.gr-assets.com/images/S/compressed.photo.goodreads.com/books/1734440950l/53138095._SY75_.jpg"
"The Love Hypothesis","https://www.goodreads.com/book/show/56732449-the-love-hypothesis","Hazelwood, Ali","https://www.goodreads.com/author/show/21098177.Ali_Hazelwood","*","0593336828","9780593336823","0593336828","373","pp","4.09","2,134,810","Sep 14, 2021","Sep 14, 2021","","0","https://www.goodreads.com/review/show/5642714948","0","https://www.goodreads.com/rating/voters/5642714948?resource_type=Review","1","not set","","Jun 24, 2023","Paperback","Dec 27, 2020","","https://www.goodreads.com/book/show/56732449-the-love-hypothesis","https://i.gr-assets.com/images/S/compressed.photo.goodreads.com/books/1747519081l/56732449._SY75_.jpg"
"A Court of Frost and Starlight","https://www.goodreads.com/book/show/50659471-a-court-of-frost-and-starlight","Maas, Sarah J.","https://www.goodreads.com/author/show/3433047.Sarah_J_Maas","*","1635575621","9781635575620","1635575621","272","pp","3.70","2,348,479","May 01, 2018","Jun 02, 2020","really liked it","0","https://www.goodreads.com/review/show/5642714672","0","https://www.goodreads.com/rating/voters/5642714672?resource_type=Review","1","not set","","Jun 24, 2023","Paperback","Dec 27, 2020","(A Court of Thorns and Roses, #4)","https://www.goodreads.com/book/show/50659471-a-court-of-frost-and-starlight","https://i.gr-assets.com/images/S/compressed.photo.goodreads.com/books/1585622963l/50659471._SX50_.jpg"
"A Court of Mist and Fury","https://www.goodreads.com/book/show/50659468-a-court-of-mist-and-fury","Maas, Sarah J.","https://www.goodreads.com/author/show/3433047.Sarah_J_Maas","*","1635575583","9781635575583","1635575583","626","pp","4.63","3,488,900","May 03, 2016","Jun 02, 2020","really liked it","0","https://www.goodreads.com/review/show/5642714135","0","https://www.goodreads.com/rating/voters/5642714135?resource_type=Review","1","not set","","Jun 24, 2023","Paperback","Jul 26, 2020","(A Court of Thorns and Roses, #2)","https://www.goodreads.com/book/show/50659468-a-court-of-mist-and-fury","https://i.gr-assets.com/images/S/compressed.photo.goodreads.com/books/1620325671l/50659468._SY75_.jpg"
"A Court of Thorns and Roses","https://www.goodreads.com/book/show/50659467-a-court-of-thorns-and-roses","Maas, Sarah J.","https://www.goodreads.com/author/show/3433047.Sarah_J_Maas","*","1635575567","9781635575569","1635575567","419","pp","4.15","4,602,151","May 05, 2015","Jun 02, 2020","really liked it","0","https://www.goodreads.com/review/show/5642713934","0","https://www.goodreads.com/rating/voters/5642713934?resource_type=Review","1","not set","","Jun 24, 2023","Paperback","Jul 25, 2020","(A Court of Thorns and Roses, #1)","https://www.goodreads.com/book/show/50659467-a-court-of-thorns-and-roses","https://i.gr-assets.com/images/S/compressed.photo.goodreads.com/books/1620324329l/50659467._SY75_.jpg"
"The Seven Husbands of Evelyn Hugo","https://www.goodreads.com/book/show/32620332-the-seven-husbands-of-evelyn-hugo","Reid, Taylor Jenkins","https://www.goodreads.com/author/show/6572605.Taylor_Jenkins_Reid","*","1501139231","9781501139239","1501139231","389","pp","4.39","4,442,015","Jun 13, 2017","Jun 13, 2017","really liked it","0","https://www.goodreads.com/review/show/5642713675","0","https://www.goodreads.com/rating/voters/5642713675?resource_type=Review","1","not set","","Jun 24, 2023","Hardcover","Dec 27, 2022","","https://www.goodreads.com/book/show/32620332-the-seven-husbands-of-evelyn-hugo","https://i.gr-assets.com/images/S/compressed.photo.goodreads.com/books/1664458703l/32620332._SY75_.jpg"
"Daisy Jones & The Six","https://www.goodreads.com/book/show/40597810-daisy-jones-the-six","Reid, Taylor Jenkins","https://www.goodreads.com/author/show/6572605.Taylor_Jenkins_Reid","*","1524798622","9781524798628","1524798622","368","pp","4.19","1,952,754","Mar 05, 2019","Mar 05, 2019","liked it","0","https://www.goodreads.com/review/show/5642713441","0","https://www.goodreads.com/rating/voters/5642713441?resource_type=Review","1","not set","","Jun 24, 2023","Hardcover","Dec 27, 2022","","https://www.goodreads.com/book/show/40597810-daisy-jones-the-six","https://i.gr-assets.com/images/S/compressed.photo.goodreads.com/books/1580255154l/40597810._SY75_.jpg"
"Tomorrow, and Tomorrow, and Tomorrow","https://www.goodreads.com/book/show/58784475-tomorrow-and-tomorrow-and-tomorrow","Zevin, Gabrielle","https://www.goodreads.com/author/show/40593.Gabrielle_Zevin","*","0735243344","9780735243347","0735243344","399","pp","4.10","1,470,394","Jul 05, 2022","Jul 05, 2022","liked it","0","https://www.goodreads.com/review/show/5642711913","0","https://www.goodreads.com/rating/voters/5642711913?resource_type=Review","1","not set","","Jun 24, 2023","Paperback","Jul 25, 2023","","https://www.goodreads.com/book/show/58784475-tomorrow-and-tomorrow-and-tomorrow","https://i.gr-assets.com/images/S/compressed.photo.goodreads.com/books/1636978687l/58784475._SY75_.jpg"
"Alone With You in the Ether","https://www.goodreads.com/book/show/61126612-alone-with-you-in-the-ether","Blake, Olivie","https://www.goodreads.com/author/show/16225393.Olivie_Blake","*","1250888166","9781250888167","1250888166","288","pp","3.76","113,963","Jun 20, 2020","Nov 29, 2022","it was amazing","0","https://www.goodreads.com/review/show/5642710842","0","https://www.goodreads.com/rating/voters/5642710842?resource_type=Review","2","not set","not set","Jun 24, 2023","Hardcover","Jun 27, 2024","","https://www.goodreads.com/book/show/61126612-alone-with-you-in-the-ether","https://i.gr-assets.com/images/S/compressed.photo.goodreads.com/books/1661863300l/61126612._SY75_.jpg"
"The Invisible Life of Addie LaRue","https://www.goodreads.com/book/show/50623864-the-invisible-life-of-addie-larue","Schwab, V.E.","https://www.goodreads.com/author/show/7168230.V_E_Schwab","","0765387565","9780765387561","0765387565","448","pp","4.16","1,630,221","Oct 06, 2020","Oct 06, 2020","it was amazing","0","https://www.goodreads.com/review/show/5642709018","0","https://www.goodreads.com/rating/voters/5642709018?resource_type=Review","2","not set","not set","Jun 24, 2023","Hardcover","Jul 27, 2022","","https://www.goodreads.com/book/show/50623864-the-invisible-life-of-addie-larue","https://i.gr-assets.com/images/S/compressed.photo.goodreads.com/books/1584633432l/50623864._SY75_.jpg"